INFO - 2026-09-09 00:01:45 --> Session: Class initialized using 'CodeIgniter\Session\Handlers\FileHandler' driver.
INFO - 2026-09-09 00:01:45 --> Session: Class initialized using 'CodeIgniter\Session\Handlers\FileHandler' driver.
INFO - 2026-09-09 00:02:28 --> Session: Class initialized using 'CodeIgniter\Session\Handlers\FileHandler' driver.
INFO - 2026-09-09 00:02:28 --> Session: Class initialized using 'CodeIgniter\Session\Handlers\FileHandler' driver.
INFO - 2026-09-09 00:02:33 --> Session: Class initialized using 'CodeIgniter\Session\Handlers\FileHandler' driver.
INFO - 2026-09-09 00:02:33 --> Session: Class initialized using 'CodeIgniter\Session\Handlers\FileHandler' driver.
INFO - 2026-09-09 00:23:18 --> Session: Class initialized using 'CodeIgniter\Session\Handlers\FileHandler' driver.
INFO - 2026-09-09 00:23:24 --> Session: Class initialized using 'CodeIgniter\Session\Handlers\FileHandler' driver.
INFO - 2026-09-09 00:23:27 --> Session: Class initialized using 'CodeIgniter\Session\Handlers\FileHandler' driver.
INFO - 2026-09-09 00:23:28 --> Session: Class initialized using 'CodeIgniter\Session\Handlers\FileHandler' driver.
INFO - 2026-09-09 00:23:33 --> Session: Class initialized using 'CodeIgniter\Session\Handlers\FileHandler' driver.
INFO - 2026-09-09 00:23:41 --> Session: Class initialized using 'CodeIgniter\Session\Handlers\FileHandler' driver.
INFO - 2026-09-09 00:26:47 --> Session: Class initialized using 'CodeIgniter\Session\Handlers\FileHandler' driver.
INFO - 2026-09-09 00:27:02 --> Session: Class initialized using 'CodeIgniter\Session\Handlers\FileHandler' driver.
INFO - 2026-09-09 00:27:10 --> Session: Class initialized using 'CodeIgniter\Session\Handlers\FileHandler' driver.
INFO - 2026-09-09 00:27:11 --> Session: Class initialized using 'CodeIgniter\Session\Handlers\FileHandler' driver.
INFO - 2026-09-09 00:27:32 --> Session: Class initialized using 'CodeIgniter\Session\Handlers\FileHandler' driver.
INFO - 2026-09-09 00:27:42 --> Session: Class initialized using 'CodeIgniter\Session\Handlers\FileHandler' driver.
INFO - 2026-09-09 00:27:46 --> Session: Class initialized using 'CodeIgniter\Session\Handlers\FileHandler' driver.
INFO - 2026-09-09 00:27:47 --> Session: Class initialized using 'CodeIgniter\Session\Handlers\FileHandler' driver.
INFO - 2026-09-09 00:32:38 --> Session: Class initialized using 'CodeIgniter\Session\Handlers\FileHandler' driver.
INFO - 2026-09-09 00:32:39 --> Session: Class initialized using 'CodeIgniter\Session\Handlers\FileHandler' driver.
INFO - 2026-09-09 00:32:51 --> Session: Class initialized using 'CodeIgniter\Session\Handlers\FileHandler' driver.
INFO - 2026-09-09 00:32:52 --> Session: Class initialized using 'CodeIgniter\Session\Handlers\FileHandler' driver.
INFO - 2026-09-09 00:33:59 --> Session: Class initialized using 'CodeIgniter\Session\Handlers\FileHandler' driver.
INFO - 2026-09-09 00:33:59 --> Session: Class initialized using 'CodeIgniter\Session\Handlers\FileHandler' driver.
INFO - 2026-09-09 00:34:10 --> Session: Class initialized using 'CodeIgniter\Session\Handlers\FileHandler' driver.
INFO - 2026-09-09 00:34:11 --> Session: Class initialized using 'CodeIgniter\Session\Handlers\FileHandler' driver.
INFO - 2026-09-09 00:34:16 --> Session: Class initialized using 'CodeIgniter\Session\Handlers\FileHandler' driver.
INFO - 2026-09-09 00:34:17 --> Session: Class initialized using 'CodeIgniter\Session\Handlers\FileHandler' driver.
INFO - 2026-09-09 00:52:40 --> Session: Class initialized using 'CodeIgniter\Session\Handlers\FileHandler' driver.
INFO - 2026-09-09 00:52:42 --> Session: Class initialized using 'CodeIgniter\Session\Handlers\FileHandler' driver.
CRITICAL - 2026-09-09 00:52:47 --> unlink(C:\xampp\htdocs\C4\writable\debugbar/debugbar_1788894171.json): No such file or directory
#0 [internal function]: CodeIgniter\Debug\Exceptions->errorHandler(2, 'unlink(C:\\xampp...', 'C:\\xampp\\htdocs...', 78, Array)
#1 C:\xampp\htdocs\C4\system\Debug\Toolbar\Collectors\History.php(78): unlink('C:\\xampp\\htdocs...')
#2 C:\xampp\htdocs\C4\system\Debug\Toolbar.php(441): CodeIgniter\Debug\Toolbar\Collectors\History->setFiles(1788895362, 20)
#3 C:\xampp\htdocs\C4\system\Debug\Toolbar.php(413): CodeIgniter\Debug\Toolbar->format(Array, 'html')
#4 C:\xampp\htdocs\C4\app\Config\Events.php(52): CodeIgniter\Debug\Toolbar->respond()
#5 [internal function]: CodeIgniter\Events\Events::Config\{closure}()
#6 C:\xampp\htdocs\C4\system\Events\Events.php(166): call_user_func(Object(Closure))
#7 C:\xampp\htdocs\C4\system\CodeIgniter.php(314): CodeIgniter\Events\Events::trigger('pre_system')
#8 C:\xampp\htdocs\C4\index.php(44): CodeIgniter\CodeIgniter->run()
#9 {main}
INFO - 2026-09-09 00:52:48 --> Session: Class initialized using 'CodeIgniter\Session\Handlers\FileHandler' driver.
INFO - 2026-09-09 00:52:48 --> Session: Class initialized using 'CodeIgniter\Session\Handlers\FileHandler' driver.
INFO - 2026-09-09 00:52:56 --> Session: Class initialized using 'CodeIgniter\Session\Handlers\FileHandler' driver.
INFO - 2026-09-09 00:53:06 --> Session: Class initialized using 'CodeIgniter\Session\Handlers\FileHandler' driver.
INFO - 2026-09-09 00:53:10 --> Session: Class initialized using 'CodeIgniter\Session\Handlers\FileHandler' driver.
INFO - 2026-09-09 00:53:11 --> Session: Class initialized using 'CodeIgniter\Session\Handlers\FileHandler' driver.
INFO - 2026-09-09 00:53:24 --> Session: Class initialized using 'CodeIgniter\Session\Handlers\FileHandler' driver.
INFO - 2026-09-09 00:53:24 --> Session: Class initialized using 'CodeIgniter\Session\Handlers\FileHandler' driver.
INFO - 2026-09-09 01:08:06 --> Session: Class initialized using 'CodeIgniter\Session\Handlers\FileHandler' driver.
INFO - 2026-09-09 01:08:09 --> Session: Class initialized using 'CodeIgniter\Session\Handlers\FileHandler' driver.
INFO - 2026-09-09 01:08:14 --> Session: Class initialized using 'CodeIgniter\Session\Handlers\FileHandler' driver.
INFO - 2026-09-09 01:08:14 --> Session: Class initialized using 'CodeIgniter\Session\Handlers\FileHandler' driver.
INFO - 2026-09-09 01:08:18 --> Session: Class initialized using 'CodeIgniter\Session\Handlers\FileHandler' driver.
INFO - 2026-09-09 01:08:26 --> Session: Class initialized using 'CodeIgniter\Session\Handlers\FileHandler' driver.
INFO - 2026-09-09 01:08:30 --> Session: Class initialized using 'CodeIgniter\Session\Handlers\FileHandler' driver.
INFO - 2026-09-09 01:08:30 --> Session: Class initialized using 'CodeIgniter\Session\Handlers\FileHandler' driver.
INFO - 2026-09-09 01:08:44 --> Session: Class initialized using 'CodeIgniter\Session\Handlers\FileHandler' driver.
INFO - 2026-09-09 01:08:53 --> Session: Class initialized using 'CodeIgniter\Session\Handlers\FileHandler' driver.
INFO - 2026-09-09 01:08:56 --> Session: Class initialized using 'CodeIgniter\Session\Handlers\FileHandler' driver.
INFO - 2026-09-09 01:08:56 --> Session: Class initialized using 'CodeIgniter\Session\Handlers\FileHandler' driver.
INFO - 2026-09-09 01:22:16 --> Session: Class initialized using 'CodeIgniter\Session\Handlers\FileHandler' driver.
INFO - 2026-09-09 01:22:18 --> Session: Class initialized using 'CodeIgniter\Session\Handlers\FileHandler' driver.
INFO - 2026-09-09 01:22:20 --> Session: Class initialized using 'CodeIgniter\Session\Handlers\FileHandler' driver.
INFO - 2026-09-09 01:22:23 --> Session: Class initialized using 'CodeIgniter\Session\Handlers\FileHandler' driver.
INFO - 2026-09-09 01:22:29 --> Session: Class initialized using 'CodeIgniter\Session\Handlers\FileHandler' driver.
INFO - 2026-09-09 01:22:36 --> Session: Class initialized using 'CodeIgniter\Session\Handlers\FileHandler' driver.
INFO - 2026-09-09 01:22:48 --> Session: Class initialized using 'CodeIgniter\Session\Handlers\FileHandler' driver.
INFO - 2026-09-09 01:22:53 --> Session: Class initialized using 'CodeIgniter\Session\Handlers\FileHandler' driver.
INFO - 2026-09-09 01:22:54 --> Session: Class initialized using 'CodeIgniter\Session\Handlers\FileHandler' driver.
INFO - 2026-09-09 01:23:07 --> Session: Class initialized using 'CodeIgniter\Session\Handlers\FileHandler' driver.
INFO - 2026-09-09 01:23:12 --> Session: Class initialized using 'CodeIgniter\Session\Handlers\FileHandler' driver.
INFO - 2026-09-09 01:23:12 --> Session: Class initialized using 'CodeIgniter\Session\Handlers\FileHandler' driver.
INFO - 2026-09-09 01:23:21 --> Session: Class initialized using 'CodeIgniter\Session\Handlers\FileHandler' driver.
INFO - 2026-09-09 01:23:57 --> Session: Class initialized using 'CodeIgniter\Session\Handlers\FileHandler' driver.
INFO - 2026-09-09 01:23:57 --> Session: Class initialized using 'CodeIgniter\Session\Handlers\FileHandler' driver.
INFO - 2026-09-09 01:24:38 --> Session: Class initialized using 'CodeIgniter\Session\Handlers\FileHandler' driver.
CRITICAL - 2026-09-09 01:24:39 --> unlink(C:\xampp\htdocs\C4\writable\debugbar/debugbar_1788897156.json): Resource temporarily unavailable
#0 [internal function]: CodeIgniter\Debug\Exceptions->errorHandler(2, 'unlink(C:\\xampp...', 'C:\\xampp\\htdocs...', 78, Array)
#1 C:\xampp\htdocs\C4\system\Debug\Toolbar\Collectors\History.php(78): unlink('C:\\xampp\\htdocs...')
#2 C:\xampp\htdocs\C4\system\Debug\Toolbar.php(441): CodeIgniter\Debug\Toolbar\Collectors\History->setFiles(1788897278, 20)
#3 C:\xampp\htdocs\C4\system\Debug\Toolbar.php(413): CodeIgniter\Debug\Toolbar->format(Array, 'html')
#4 C:\xampp\htdocs\C4\app\Config\Events.php(52): CodeIgniter\Debug\Toolbar->respond()
#5 [internal function]: CodeIgniter\Events\Events::Config\{closure}()
#6 C:\xampp\htdocs\C4\system\Events\Events.php(166): call_user_func(Object(Closure))
#7 C:\xampp\htdocs\C4\system\CodeIgniter.php(314): CodeIgniter\Events\Events::trigger('pre_system')
#8 C:\xampp\htdocs\C4\index.php(44): CodeIgniter\CodeIgniter->run()
#9 {main}
INFO - 2026-09-09 01:24:41 --> Session: Class initialized using 'CodeIgniter\Session\Handlers\FileHandler' driver.
INFO - 2026-09-09 01:24:42 --> Session: Class initialized using 'CodeIgniter\Session\Handlers\FileHandler' driver.
INFO - 2026-09-09 01:28:04 --> Session: Class initialized using 'CodeIgniter\Session\Handlers\FileHandler' driver.
INFO - 2026-09-09 01:28:07 --> Session: Class initialized using 'CodeIgniter\Session\Handlers\FileHandler' driver.
INFO - 2026-09-09 01:28:07 --> Session: Class initialized using 'CodeIgniter\Session\Handlers\FileHandler' driver.
INFO - 2026-09-09 01:28:08 --> Session: Class initialized using 'CodeIgniter\Session\Handlers\FileHandler' driver.
INFO - 2026-09-09 01:28:37 --> Session: Class initialized using 'CodeIgniter\Session\Handlers\FileHandler' driver.
INFO - 2026-09-09 01:28:38 --> Session: Class initialized using 'CodeIgniter\Session\Handlers\FileHandler' driver.
INFO - 2026-09-09 01:28:38 --> Session: Class initialized using 'CodeIgniter\Session\Handlers\FileHandler' driver.
INFO - 2026-09-09 01:28:39 --> Session: Class initialized using 'CodeIgniter\Session\Handlers\FileHandler' driver.
INFO - 2026-09-09 01:29:35 --> Session: Class initialized using 'CodeIgniter\Session\Handlers\FileHandler' driver.
INFO - 2026-09-09 01:29:36 --> Session: Class initialized using 'CodeIgniter\Session\Handlers\FileHandler' driver.
INFO - 2026-09-09 01:29:36 --> Session: Class initialized using 'CodeIgniter\Session\Handlers\FileHandler' driver.
INFO - 2026-09-09 01:29:37 --> Session: Class initialized using 'CodeIgniter\Session\Handlers\FileHandler' driver.
INFO - 2026-09-09 01:31:49 --> Session: Class initialized using 'CodeIgniter\Session\Handlers\FileHandler' driver.
INFO - 2026-09-09 01:31:50 --> Session: Class initialized using 'CodeIgniter\Session\Handlers\FileHandler' driver.
INFO - 2026-09-09 01:34:19 --> Session: Class initialized using 'CodeIgniter\Session\Handlers\FileHandler' driver.
INFO - 2026-09-09 01:34:20 --> Session: Class initialized using 'CodeIgniter\Session\Handlers\FileHandler' driver.
INFO - 2026-09-09 01:34:20 --> Session: Class initialized using 'CodeIgniter\Session\Handlers\FileHandler' driver.
INFO - 2026-09-09 01:35:13 --> Session: Class initialized using 'CodeIgniter\Session\Handlers\FileHandler' driver.
INFO - 2026-09-09 01:35:16 --> Session: Class initialized using 'CodeIgniter\Session\Handlers\FileHandler' driver.
INFO - 2026-09-09 01:35:17 --> Session: Class initialized using 'CodeIgniter\Session\Handlers\FileHandler' driver.
INFO - 2026-09-09 01:35:18 --> Session: Class initialized using 'CodeIgniter\Session\Handlers\FileHandler' driver.
INFO - 2026-09-09 01:35:19 --> Session: Class initialized using 'CodeIgniter\Session\Handlers\FileHandler' driver.
INFO - 2026-09-09 01:35:20 --> Session: Class initialized using 'CodeIgniter\Session\Handlers\FileHandler' driver.
INFO - 2026-09-09 01:35:20 --> Session: Class initialized using 'CodeIgniter\Session\Handlers\FileHandler' driver.
INFO - 2026-09-09 01:35:23 --> Session: Class initialized using 'CodeIgniter\Session\Handlers\FileHandler' driver.
INFO - 2026-09-09 01:35:25 --> Session: Class initialized using 'CodeIgniter\Session\Handlers\FileHandler' driver.
INFO - 2026-09-09 01:35:26 --> Session: Class initialized using 'CodeIgniter\Session\Handlers\FileHandler' driver.
INFO - 2026-09-09 01:40:36 --> Session: Class initialized using 'CodeIgniter\Session\Handlers\FileHandler' driver.
INFO - 2026-09-09 01:40:36 --> Session: Class initialized using 'CodeIgniter\Session\Handlers\FileHandler' driver.
INFO - 2026-09-09 01:42:30 --> Session: Class initialized using 'CodeIgniter\Session\Handlers\FileHandler' driver.
INFO - 2026-09-09 01:43:40 --> Session: Class initialized using 'CodeIgniter\Session\Handlers\FileHandler' driver.
INFO - 2026-09-09 01:43:41 --> Session: Class initialized using 'CodeIgniter\Session\Handlers\FileHandler' driver.
INFO - 2026-09-09 01:43:45 --> Session: Class initialized using 'CodeIgniter\Session\Handlers\FileHandler' driver.
INFO - 2026-09-09 01:44:15 --> Session: Class initialized using 'CodeIgniter\Session\Handlers\FileHandler' driver.
INFO - 2026-09-09 01:44:17 --> Session: Class initialized using 'CodeIgniter\Session\Handlers\FileHandler' driver.
INFO - 2026-09-09 01:44:18 --> Session: Class initialized using 'CodeIgniter\Session\Handlers\FileHandler' driver.
INFO - 2026-09-09 01:44:20 --> Session: Class initialized using 'CodeIgniter\Session\Handlers\FileHandler' driver.
INFO - 2026-09-09 01:44:21 --> Session: Class initialized using 'CodeIgniter\Session\Handlers\FileHandler' driver.
INFO - 2026-09-09 01:44:22 --> Session: Class initialized using 'CodeIgniter\Session\Handlers\FileHandler' driver.
INFO - 2026-09-09 01:44:22 --> Session: Class initialized using 'CodeIgniter\Session\Handlers\FileHandler' driver.
INFO - 2026-09-09 01:44:23 --> Session: Class initialized using 'CodeIgniter\Session\Handlers\FileHandler' driver.
INFO - 2026-09-09 01:44:24 --> Session: Class initialized using 'CodeIgniter\Session\Handlers\FileHandler' driver.
INFO - 2026-09-09 01:44:25 --> Session: Class initialized using 'CodeIgniter\Session\Handlers\FileHandler' driver.
INFO - 2026-09-09 01:44:27 --> Session: Class initialized using 'CodeIgniter\Session\Handlers\FileHandler' driver.
INFO - 2026-09-09 01:44:42 --> Session: Class initialized using 'CodeIgniter\Session\Handlers\FileHandler' driver.
INFO - 2026-09-09 01:45:12 --> Session: Class initialized using 'CodeIgniter\Session\Handlers\FileHandler' driver.
INFO - 2026-09-09 01:46:18 --> Session: Class initialized using 'CodeIgniter\Session\Handlers\FileHandler' driver.
INFO - 2026-09-09 01:46:18 --> Session: Class initialized using 'CodeIgniter\Session\Handlers\FileHandler' driver.
INFO - 2026-09-09 01:46:28 --> Session: Class initialized using 'CodeIgniter\Session\Handlers\FileHandler' driver.
INFO - 2026-09-09 01:46:40 --> Session: Class initialized using 'CodeIgniter\Session\Handlers\FileHandler' driver.
INFO - 2026-09-09 01:46:41 --> Session: Class initialized using 'CodeIgniter\Session\Handlers\FileHandler' driver.
INFO - 2026-09-09 01:47:18 --> Session: Class initialized using 'CodeIgniter\Session\Handlers\FileHandler' driver.
INFO - 2026-09-09 01:47:20 --> Session: Class initialized using 'CodeIgniter\Session\Handlers\FileHandler' driver.
INFO - 2026-09-09 01:47:28 --> Session: Class initialized using 'CodeIgniter\Session\Handlers\FileHandler' driver.
INFO - 2026-09-09 01:47:29 --> Session: Class initialized using 'CodeIgniter\Session\Handlers\FileHandler' driver.
INFO - 2026-09-09 01:47:34 --> Session: Class initialized using 'CodeIgniter\Session\Handlers\FileHandler' driver.
INFO - 2026-09-09 01:47:35 --> Session: Class initialized using 'CodeIgniter\Session\Handlers\FileHandler' driver.
INFO - 2026-09-09 01:47:45 --> Session: Class initialized using 'CodeIgniter\Session\Handlers\FileHandler' driver.
INFO - 2026-09-09 01:47:45 --> Session: Class initialized using 'CodeIgniter\Session\Handlers\FileHandler' driver.
INFO - 2026-09-09 01:48:21 --> Session: Class initialized using 'CodeIgniter\Session\Handlers\FileHandler' driver.
INFO - 2026-09-09 01:48:22 --> Session: Class initialized using 'CodeIgniter\Session\Handlers\FileHandler' driver.
INFO - 2026-09-09 01:48:23 --> Session: Class initialized using 'CodeIgniter\Session\Handlers\FileHandler' driver.
INFO - 2026-09-09 01:49:25 --> Session: Class initialized using 'CodeIgniter\Session\Handlers\FileHandler' driver.
INFO - 2026-09-09 01:49:58 --> Session: Class initialized using 'CodeIgniter\Session\Handlers\FileHandler' driver.
INFO - 2026-09-09 12:59:34 --> Session: Class initialized using 'CodeIgniter\Session\Handlers\FileHandler' driver.
INFO - 2026-09-09 13:39:03 --> Session: Class initialized using 'CodeIgniter\Session\Handlers\FileHandler' driver.
INFO - 2026-09-09 13:39:06 --> Session: Class initialized using 'CodeIgniter\Session\Handlers\FileHandler' driver.
INFO - 2026-09-09 13:39:13 --> Session: Class initialized using 'CodeIgniter\Session\Handlers\FileHandler' driver.
INFO - 2026-09-09 13:39:14 --> Session: Class initialized using 'CodeIgniter\Session\Handlers\FileHandler' driver.
INFO - 2026-09-09 13:46:52 --> Session: Class initialized using 'CodeIgniter\Session\Handlers\FileHandler' driver.
INFO - 2026-09-09 13:50:40 --> Session: Class initialized using 'CodeIgniter\Session\Handlers\FileHandler' driver.
INFO - 2026-09-09 13:50:42 --> Session: Class initialized using 'CodeIgniter\Session\Handlers\FileHandler' driver.
INFO - 2026-09-09 13:51:15 --> Session: Class initialized using 'CodeIgniter\Session\Handlers\FileHandler' driver.
INFO - 2026-09-09 13:51:23 --> Session: Class initialized using 'CodeIgniter\Session\Handlers\FileHandler' driver.
INFO - 2026-09-09 13:51:25 --> Session: Class initialized using 'CodeIgniter\Session\Handlers\FileHandler' driver.
ERROR - 2026-09-09 13:51:25 --> Error connecting to the database: Unknown database 'c4444'
CRITICAL - 2026-09-09 13:51:25 --> Unable to connect to the database.
#0 C:\xampp\htdocs\C4\system\Database\BaseConnection.php(618): CodeIgniter\Database\BaseConnection->initialize()
#1 C:\xampp\htdocs\C4\system\Database\BaseBuilder.php(1866): CodeIgniter\Database\BaseConnection->query('SELECT *\nFROM `...', Array, false)
#2 C:\xampp\htdocs\C4\system\Model.php(247): CodeIgniter\Database\BaseBuilder->get()
#3 C:\xampp\htdocs\C4\system\BaseModel.php(624): CodeIgniter\Model->doFirst()
#4 C:\xampp\htdocs\C4\app\Controllers\Login.php(41): CodeIgniter\BaseModel->first()
#5 C:\xampp\htdocs\C4\system\CodeIgniter.php(936): App\Controllers\Login->userlogin()
#6 C:\xampp\htdocs\C4\system\CodeIgniter.php(432): CodeIgniter\CodeIgniter->runController(Object(App\Controllers\Login))
#7 C:\xampp\htdocs\C4\system\CodeIgniter.php(333): CodeIgniter\CodeIgniter->handleRequest(NULL, Object(Config\Cache), false)
#8 C:\xampp\htdocs\C4\index.php(44): CodeIgniter\CodeIgniter->run()
#9 {main}
INFO - 2026-09-09 13:52:43 --> Session: Class initialized using 'CodeIgniter\Session\Handlers\FileHandler' driver.
ERROR - 2026-09-09 13:52:43 --> Error connecting to the database: Unknown database 'c4444'
CRITICAL - 2026-09-09 13:52:43 --> Unable to connect to the database.
#0 C:\xampp\htdocs\C4\system\Database\BaseConnection.php(618): CodeIgniter\Database\BaseConnection->initialize()
#1 C:\xampp\htdocs\C4\system\Database\BaseBuilder.php(1866): CodeIgniter\Database\BaseConnection->query('SELECT *\nFROM `...', Array, false)
#2 C:\xampp\htdocs\C4\system\Model.php(247): CodeIgniter\Database\BaseBuilder->get()
#3 C:\xampp\htdocs\C4\system\BaseModel.php(624): CodeIgniter\Model->doFirst()
#4 C:\xampp\htdocs\C4\app\Controllers\Login.php(41): CodeIgniter\BaseModel->first()
#5 C:\xampp\htdocs\C4\system\CodeIgniter.php(936): App\Controllers\Login->userlogin()
#6 C:\xampp\htdocs\C4\system\CodeIgniter.php(432): CodeIgniter\CodeIgniter->runController(Object(App\Controllers\Login))
#7 C:\xampp\htdocs\C4\system\CodeIgniter.php(333): CodeIgniter\CodeIgniter->handleRequest(NULL, Object(Config\Cache), false)
#8 C:\xampp\htdocs\C4\index.php(44): CodeIgniter\CodeIgniter->run()
#9 {main}
INFO - 2026-09-09 13:52:50 --> Session: Class initialized using 'CodeIgniter\Session\Handlers\FileHandler' driver.
ERROR - 2026-09-09 13:52:50 --> Error connecting to the database: Unknown database 'c4444'
CRITICAL - 2026-09-09 13:52:50 --> Unable to connect to the database.
#0 C:\xampp\htdocs\C4\system\Database\BaseConnection.php(618): CodeIgniter\Database\BaseConnection->initialize()
#1 C:\xampp\htdocs\C4\system\Database\BaseBuilder.php(1866): CodeIgniter\Database\BaseConnection->query('SELECT *\nFROM `...', Array, false)
#2 C:\xampp\htdocs\C4\system\Model.php(247): CodeIgniter\Database\BaseBuilder->get()
#3 C:\xampp\htdocs\C4\system\BaseModel.php(624): CodeIgniter\Model->doFirst()
#4 C:\xampp\htdocs\C4\app\Controllers\Login.php(41): CodeIgniter\BaseModel->first()
#5 C:\xampp\htdocs\C4\system\CodeIgniter.php(936): App\Controllers\Login->userlogin()
#6 C:\xampp\htdocs\C4\system\CodeIgniter.php(432): CodeIgniter\CodeIgniter->runController(Object(App\Controllers\Login))
#7 C:\xampp\htdocs\C4\system\CodeIgniter.php(333): CodeIgniter\CodeIgniter->handleRequest(NULL, Object(Config\Cache), false)
#8 C:\xampp\htdocs\C4\index.php(44): CodeIgniter\CodeIgniter->run()
#9 {main}
INFO - 2026-09-09 13:53:41 --> Session: Class initialized using 'CodeIgniter\Session\Handlers\FileHandler' driver.
ERROR - 2026-09-09 13:53:41 --> Error connecting to the database: Unknown database 'c4444'
CRITICAL - 2026-09-09 13:53:41 --> Unable to connect to the database.
#0 C:\xampp\htdocs\C4\system\Database\BaseConnection.php(618): CodeIgniter\Database\BaseConnection->initialize()
#1 C:\xampp\htdocs\C4\system\Database\BaseBuilder.php(1866): CodeIgniter\Database\BaseConnection->query('SELECT *\nFROM `...', Array, false)
#2 C:\xampp\htdocs\C4\system\Model.php(247): CodeIgniter\Database\BaseBuilder->get()
#3 C:\xampp\htdocs\C4\system\BaseModel.php(624): CodeIgniter\Model->doFirst()
#4 C:\xampp\htdocs\C4\app\Controllers\Login.php(41): CodeIgniter\BaseModel->first()
#5 C:\xampp\htdocs\C4\system\CodeIgniter.php(936): App\Controllers\Login->userlogin()
#6 C:\xampp\htdocs\C4\system\CodeIgniter.php(432): CodeIgniter\CodeIgniter->runController(Object(App\Controllers\Login))
#7 C:\xampp\htdocs\C4\system\CodeIgniter.php(333): CodeIgniter\CodeIgniter->handleRequest(NULL, Object(Config\Cache), false)
#8 C:\xampp\htdocs\C4\index.php(44): CodeIgniter\CodeIgniter->run()
#9 {main}
INFO - 2026-09-09 13:53:43 --> Session: Class initialized using 'CodeIgniter\Session\Handlers\FileHandler' driver.
INFO - 2026-09-09 13:53:45 --> Session: Class initialized using 'CodeIgniter\Session\Handlers\FileHandler' driver.
ERROR - 2026-09-09 13:53:45 --> Error connecting to the database: Unknown database 'c4444'
CRITICAL - 2026-09-09 13:53:45 --> Unable to connect to the database.
#0 C:\xampp\htdocs\C4\system\Database\BaseConnection.php(618): CodeIgniter\Database\BaseConnection->initialize()
#1 C:\xampp\htdocs\C4\system\Database\BaseBuilder.php(1866): CodeIgniter\Database\BaseConnection->query('SELECT *\nFROM `...', Array, false)
#2 C:\xampp\htdocs\C4\system\Model.php(247): CodeIgniter\Database\BaseBuilder->get()
#3 C:\xampp\htdocs\C4\system\BaseModel.php(624): CodeIgniter\Model->doFirst()
#4 C:\xampp\htdocs\C4\app\Controllers\Login.php(41): CodeIgniter\BaseModel->first()
#5 C:\xampp\htdocs\C4\system\CodeIgniter.php(936): App\Controllers\Login->userlogin()
#6 C:\xampp\htdocs\C4\system\CodeIgniter.php(432): CodeIgniter\CodeIgniter->runController(Object(App\Controllers\Login))
#7 C:\xampp\htdocs\C4\system\CodeIgniter.php(333): CodeIgniter\CodeIgniter->handleRequest(NULL, Object(Config\Cache), false)
#8 C:\xampp\htdocs\C4\index.php(44): CodeIgniter\CodeIgniter->run()
#9 {main}
INFO - 2026-09-09 13:54:41 --> Session: Class initialized using 'CodeIgniter\Session\Handlers\FileHandler' driver.
INFO - 2026-09-09 13:55:05 --> Session: Class initialized using 'CodeIgniter\Session\Handlers\FileHandler' driver.
INFO - 2026-09-09 13:55:07 --> Session: Class initialized using 'CodeIgniter\Session\Handlers\FileHandler' driver.
ERROR - 2026-09-09 13:55:07 --> Error connecting to the database: Unknown database 'c4444'
CRITICAL - 2026-09-09 13:55:07 --> Unable to connect to the database.
#0 C:\xampp\htdocs\C4\system\Database\BaseConnection.php(618): CodeIgniter\Database\BaseConnection->initialize()
#1 C:\xampp\htdocs\C4\system\Database\BaseBuilder.php(1866): CodeIgniter\Database\BaseConnection->query('SELECT *\nFROM `...', Array, false)
#2 C:\xampp\htdocs\C4\system\Model.php(247): CodeIgniter\Database\BaseBuilder->get()
#3 C:\xampp\htdocs\C4\system\BaseModel.php(624): CodeIgniter\Model->doFirst()
#4 C:\xampp\htdocs\C4\app\Controllers\Login.php(41): CodeIgniter\BaseModel->first()
#5 C:\xampp\htdocs\C4\system\CodeIgniter.php(936): App\Controllers\Login->userlogin()
#6 C:\xampp\htdocs\C4\system\CodeIgniter.php(432): CodeIgniter\CodeIgniter->runController(Object(App\Controllers\Login))
#7 C:\xampp\htdocs\C4\system\CodeIgniter.php(333): CodeIgniter\CodeIgniter->handleRequest(NULL, Object(Config\Cache), false)
#8 C:\xampp\htdocs\C4\index.php(44): CodeIgniter\CodeIgniter->run()
#9 {main}
INFO - 2026-09-09 13:56:21 --> Session: Class initialized using 'CodeIgniter\Session\Handlers\FileHandler' driver.
INFO - 2026-09-09 13:56:25 --> Session: Class initialized using 'CodeIgniter\Session\Handlers\FileHandler' driver.
INFO - 2026-09-09 13:56:25 --> Session: Class initialized using 'CodeIgniter\Session\Handlers\FileHandler' driver.
INFO - 2026-09-09 13:56:40 --> Session: Class initialized using 'CodeIgniter\Session\Handlers\FileHandler' driver.
INFO - 2026-09-09 13:56:41 --> Session: Class initialized using 'CodeIgniter\Session\Handlers\FileHandler' driver.
INFO - 2026-09-09 13:56:46 --> Session: Class initialized using 'CodeIgniter\Session\Handlers\FileHandler' driver.
INFO - 2026-09-09 13:56:46 --> Session: Class initialized using 'CodeIgniter\Session\Handlers\FileHandler' driver.
INFO - 2026-09-09 13:56:53 --> Session: Class initialized using 'CodeIgniter\Session\Handlers\FileHandler' driver.
INFO - 2026-09-09 13:56:54 --> Session: Class initialized using 'CodeIgniter\Session\Handlers\FileHandler' driver.
INFO - 2026-09-09 13:57:13 --> Session: Class initialized using 'CodeIgniter\Session\Handlers\FileHandler' driver.
INFO - 2026-09-09 13:57:31 --> Session: Class initialized using 'CodeIgniter\Session\Handlers\FileHandler' driver.
INFO - 2026-09-09 13:57:48 --> Session: Class initialized using 'CodeIgniter\Session\Handlers\FileHandler' driver.
INFO - 2026-09-09 13:57:48 --> Session: Class initialized using 'CodeIgniter\Session\Handlers\FileHandler' driver.
INFO - 2026-09-09 13:58:16 --> Session: Class initialized using 'CodeIgniter\Session\Handlers\FileHandler' driver.
INFO - 2026-09-09 13:58:16 --> Session: Class initialized using 'CodeIgniter\Session\Handlers\FileHandler' driver.
INFO - 2026-09-09 13:58:21 --> Session: Class initialized using 'CodeIgniter\Session\Handlers\FileHandler' driver.
INFO - 2026-09-09 13:58:21 --> Session: Class initialized using 'CodeIgniter\Session\Handlers\FileHandler' driver.
INFO - 2026-09-09 13:58:24 --> Session: Class initialized using 'CodeIgniter\Session\Handlers\FileHandler' driver.
INFO - 2026-09-09 13:58:25 --> Session: Class initialized using 'CodeIgniter\Session\Handlers\FileHandler' driver.
INFO - 2026-09-09 13:58:33 --> Session: Class initialized using 'CodeIgniter\Session\Handlers\FileHandler' driver.
INFO - 2026-09-09 13:58:33 --> Session: Class initialized using 'CodeIgniter\Session\Handlers\FileHandler' driver.
INFO - 2026-09-09 13:58:36 --> Session: Class initialized using 'CodeIgniter\Session\Handlers\FileHandler' driver.
INFO - 2026-09-09 13:58:39 --> Session: Class initialized using 'CodeIgniter\Session\Handlers\FileHandler' driver.
INFO - 2026-09-09 13:58:43 --> Session: Class initialized using 'CodeIgniter\Session\Handlers\FileHandler' driver.
INFO - 2026-09-09 13:58:46 --> Session: Class initialized using 'CodeIgniter\Session\Handlers\FileHandler' driver.
INFO - 2026-09-09 13:58:47 --> Session: Class initialized using 'CodeIgniter\Session\Handlers\FileHandler' driver.
INFO - 2026-09-09 13:58:50 --> Session: Class initialized using 'CodeIgniter\Session\Handlers\FileHandler' driver.
INFO - 2026-09-09 13:58:51 --> Session: Class initialized using 'CodeIgniter\Session\Handlers\FileHandler' driver.
INFO - 2026-09-09 13:58:54 --> Session: Class initialized using 'CodeIgniter\Session\Handlers\FileHandler' driver.
CRITICAL - 2026-09-09 13:58:55 --> Undefined offset: 1
#0 C:\xampp\htdocs\C4\app\Views\print\print purchaseinv.php(258): CodeIgniter\Debug\Exceptions->errorHandler(8, 'Undefined offse...', 'C:\\xampp\\htdocs...', 258, Array)
#1 C:\xampp\htdocs\C4\system\View\View.php(220): include('C:\\xampp\\htdocs...')
#2 C:\xampp\htdocs\C4\system\View\View.php(222): CodeIgniter\View\View->CodeIgniter\View\{closure}()
#3 C:\xampp\htdocs\C4\system\Common.php(1217): CodeIgniter\View\View->render('print/print pur...', Array, true)
#4 C:\xampp\htdocs\C4\app\Controllers\Purchaseinv.php(1022): view('print/print pur...', Array)
#5 C:\xampp\htdocs\C4\system\CodeIgniter.php(936): App\Controllers\Purchaseinv->printpurchaseinv()
#6 C:\xampp\htdocs\C4\system\CodeIgniter.php(432): CodeIgniter\CodeIgniter->runController(Object(App\Controllers\Purchaseinv))
#7 C:\xampp\htdocs\C4\system\CodeIgniter.php(333): CodeIgniter\CodeIgniter->handleRequest(NULL, Object(Config\Cache), false)
#8 C:\xampp\htdocs\C4\index.php(44): CodeIgniter\CodeIgniter->run()
#9 {main}
CRITICAL - 2026-09-09 13:58:55 --> Uncaught ErrorException: Undefined variable: viewFile in C:\xampp\htdocs\C4\system\Debug\Exceptions.php:281
Stack trace:
#0 C:\xampp\htdocs\C4\system\Debug\Exceptions.php(281): CodeIgniter\Debug\Exceptions->errorHandler(8, 'Undefined varia...', 'C:\\xampp\\htdocs...', 281, Array)
#1 C:\xampp\htdocs\C4\system\Debug\Exceptions.php(281): include()
#2 C:\xampp\htdocs\C4\system\Debug\Exceptions.php(147): CodeIgniter\Debug\Exceptions->render(Object(ErrorException), 500)
#3 [internal function]: CodeIgniter\Debug\Exceptions->exceptionHandler(Object(ErrorException))
#4 {main}
  thrown
#0 [internal function]: CodeIgniter\Debug\Exceptions->shutdownHandler()
#1 {main}
INFO - 2026-09-09 13:58:55 --> Session: Class initialized using 'CodeIgniter\Session\Handlers\FileHandler' driver.
INFO - 2026-09-09 13:59:06 --> Session: Class initialized using 'CodeIgniter\Session\Handlers\FileHandler' driver.
INFO - 2026-09-09 13:59:09 --> Session: Class initialized using 'CodeIgniter\Session\Handlers\FileHandler' driver.
INFO - 2026-09-09 13:59:14 --> Session: Class initialized using 'CodeIgniter\Session\Handlers\FileHandler' driver.
INFO - 2026-09-09 13:59:17 --> Session: Class initialized using 'CodeIgniter\Session\Handlers\FileHandler' driver.
INFO - 2026-09-09 13:59:24 --> Session: Class initialized using 'CodeIgniter\Session\Handlers\FileHandler' driver.
INFO - 2026-09-09 13:59:26 --> Session: Class initialized using 'CodeIgniter\Session\Handlers\FileHandler' driver.
INFO - 2026-09-09 13:59:26 --> Session: Class initialized using 'CodeIgniter\Session\Handlers\FileHandler' driver.
INFO - 2026-09-09 13:59:28 --> Session: Class initialized using 'CodeIgniter\Session\Handlers\FileHandler' driver.
INFO - 2026-09-09 13:59:29 --> Session: Class initialized using 'CodeIgniter\Session\Handlers\FileHandler' driver.
INFO - 2026-09-09 13:59:30 --> Session: Class initialized using 'CodeIgniter\Session\Handlers\FileHandler' driver.
INFO - 2026-09-09 13:59:32 --> Session: Class initialized using 'CodeIgniter\Session\Handlers\FileHandler' driver.
INFO - 2026-09-09 13:59:52 --> Session: Class initialized using 'CodeIgniter\Session\Handlers\FileHandler' driver.
INFO - 2026-09-09 13:59:54 --> Session: Class initialized using 'CodeIgniter\Session\Handlers\FileHandler' driver.
INFO - 2026-09-09 13:59:55 --> Session: Class initialized using 'CodeIgniter\Session\Handlers\FileHandler' driver.
INFO - 2026-09-09 14:00:32 --> Session: Class initialized using 'CodeIgniter\Session\Handlers\FileHandler' driver.
INFO - 2026-09-09 14:00:34 --> Session: Class initialized using 'CodeIgniter\Session\Handlers\FileHandler' driver.
INFO - 2026-09-09 14:00:36 --> Session: Class initialized using 'CodeIgniter\Session\Handlers\FileHandler' driver.
CRITICAL - 2026-09-09 14:00:36 --> Undefined offset: 1
#0 C:\xampp\htdocs\C4\app\Views\print\print purchaseinv.php(258): CodeIgniter\Debug\Exceptions->errorHandler(8, 'Undefined offse...', 'C:\\xampp\\htdocs...', 258, Array)
#1 C:\xampp\htdocs\C4\system\View\View.php(220): include('C:\\xampp\\htdocs...')
#2 C:\xampp\htdocs\C4\system\View\View.php(222): CodeIgniter\View\View->CodeIgniter\View\{closure}()
#3 C:\xampp\htdocs\C4\system\Common.php(1217): CodeIgniter\View\View->render('print/print pur...', Array, true)
#4 C:\xampp\htdocs\C4\app\Controllers\Purchaseinv.php(1022): view('print/print pur...', Array)
#5 C:\xampp\htdocs\C4\system\CodeIgniter.php(936): App\Controllers\Purchaseinv->printpurchaseinv()
#6 C:\xampp\htdocs\C4\system\CodeIgniter.php(432): CodeIgniter\CodeIgniter->runController(Object(App\Controllers\Purchaseinv))
#7 C:\xampp\htdocs\C4\system\CodeIgniter.php(333): CodeIgniter\CodeIgniter->handleRequest(NULL, Object(Config\Cache), false)
#8 C:\xampp\htdocs\C4\index.php(44): CodeIgniter\CodeIgniter->run()
#9 {main}
CRITICAL - 2026-09-09 14:00:36 --> Uncaught ErrorException: Undefined variable: viewFile in C:\xampp\htdocs\C4\system\Debug\Exceptions.php:281
Stack trace:
#0 C:\xampp\htdocs\C4\system\Debug\Exceptions.php(281): CodeIgniter\Debug\Exceptions->errorHandler(8, 'Undefined varia...', 'C:\\xampp\\htdocs...', 281, Array)
#1 C:\xampp\htdocs\C4\system\Debug\Exceptions.php(281): include()
#2 C:\xampp\htdocs\C4\system\Debug\Exceptions.php(147): CodeIgniter\Debug\Exceptions->render(Object(ErrorException), 500)
#3 [internal function]: CodeIgniter\Debug\Exceptions->exceptionHandler(Object(ErrorException))
#4 {main}
  thrown
#0 [internal function]: CodeIgniter\Debug\Exceptions->shutdownHandler()
#1 {main}
INFO - 2026-09-09 14:00:39 --> Session: Class initialized using 'CodeIgniter\Session\Handlers\FileHandler' driver.
INFO - 2026-09-09 14:00:41 --> Session: Class initialized using 'CodeIgniter\Session\Handlers\FileHandler' driver.
INFO - 2026-09-09 14:00:43 --> Session: Class initialized using 'CodeIgniter\Session\Handlers\FileHandler' driver.
INFO - 2026-09-09 14:00:45 --> Session: Class initialized using 'CodeIgniter\Session\Handlers\FileHandler' driver.
INFO - 2026-09-09 14:00:47 --> Session: Class initialized using 'CodeIgniter\Session\Handlers\FileHandler' driver.
CRITICAL - 2026-09-09 14:00:47 --> Undefined offset: 1
#0 C:\xampp\htdocs\C4\app\Views\print\print purchaseinv.php(258): CodeIgniter\Debug\Exceptions->errorHandler(8, 'Undefined offse...', 'C:\\xampp\\htdocs...', 258, Array)
#1 C:\xampp\htdocs\C4\system\View\View.php(220): include('C:\\xampp\\htdocs...')
#2 C:\xampp\htdocs\C4\system\View\View.php(222): CodeIgniter\View\View->CodeIgniter\View\{closure}()
#3 C:\xampp\htdocs\C4\system\Common.php(1217): CodeIgniter\View\View->render('print/print pur...', Array, true)
#4 C:\xampp\htdocs\C4\app\Controllers\Purchaseinv.php(1022): view('print/print pur...', Array)
#5 C:\xampp\htdocs\C4\system\CodeIgniter.php(936): App\Controllers\Purchaseinv->printpurchaseinv()
#6 C:\xampp\htdocs\C4\system\CodeIgniter.php(432): CodeIgniter\CodeIgniter->runController(Object(App\Controllers\Purchaseinv))
#7 C:\xampp\htdocs\C4\system\CodeIgniter.php(333): CodeIgniter\CodeIgniter->handleRequest(NULL, Object(Config\Cache), false)
#8 C:\xampp\htdocs\C4\index.php(44): CodeIgniter\CodeIgniter->run()
#9 {main}
CRITICAL - 2026-09-09 14:00:47 --> Uncaught ErrorException: Undefined variable: viewFile in C:\xampp\htdocs\C4\system\Debug\Exceptions.php:281
Stack trace:
#0 C:\xampp\htdocs\C4\system\Debug\Exceptions.php(281): CodeIgniter\Debug\Exceptions->errorHandler(8, 'Undefined varia...', 'C:\\xampp\\htdocs...', 281, Array)
#1 C:\xampp\htdocs\C4\system\Debug\Exceptions.php(281): include()
#2 C:\xampp\htdocs\C4\system\Debug\Exceptions.php(147): CodeIgniter\Debug\Exceptions->render(Object(ErrorException), 500)
#3 [internal function]: CodeIgniter\Debug\Exceptions->exceptionHandler(Object(ErrorException))
#4 {main}
  thrown
#0 [internal function]: CodeIgniter\Debug\Exceptions->shutdownHandler()
#1 {main}
CRITICAL - 2026-09-09 14:00:54 --> Maximum execution time of 120 seconds exceeded
#0 [internal function]: CodeIgniter\Debug\Exceptions->shutdownHandler()
#1 {main}
INFO - 2026-09-09 14:00:59 --> Session: Class initialized using 'CodeIgniter\Session\Handlers\FileHandler' driver.
INFO - 2026-09-09 14:01:00 --> Session: Class initialized using 'CodeIgniter\Session\Handlers\FileHandler' driver.
INFO - 2026-09-09 14:01:23 --> Session: Class initialized using 'CodeIgniter\Session\Handlers\FileHandler' driver.
INFO - 2026-09-09 14:01:25 --> Session: Class initialized using 'CodeIgniter\Session\Handlers\FileHandler' driver.
INFO - 2026-09-09 14:01:27 --> Session: Class initialized using 'CodeIgniter\Session\Handlers\FileHandler' driver.
INFO - 2026-09-09 14:01:29 --> Session: Class initialized using 'CodeIgniter\Session\Handlers\FileHandler' driver.
INFO - 2026-09-09 14:01:32 --> Session: Class initialized using 'CodeIgniter\Session\Handlers\FileHandler' driver.
CRITICAL - 2026-09-09 14:01:32 --> Undefined offset: 1
#0 C:\xampp\htdocs\C4\app\Views\print\print purchaseinv.php(258): CodeIgniter\Debug\Exceptions->errorHandler(8, 'Undefined offse...', 'C:\\xampp\\htdocs...', 258, Array)
#1 C:\xampp\htdocs\C4\system\View\View.php(220): include('C:\\xampp\\htdocs...')
#2 C:\xampp\htdocs\C4\system\View\View.php(222): CodeIgniter\View\View->CodeIgniter\View\{closure}()
#3 C:\xampp\htdocs\C4\system\Common.php(1217): CodeIgniter\View\View->render('print/print pur...', Array, true)
#4 C:\xampp\htdocs\C4\app\Controllers\Purchaseinv.php(1022): view('print/print pur...', Array)
#5 C:\xampp\htdocs\C4\system\CodeIgniter.php(936): App\Controllers\Purchaseinv->printpurchaseinv()
#6 C:\xampp\htdocs\C4\system\CodeIgniter.php(432): CodeIgniter\CodeIgniter->runController(Object(App\Controllers\Purchaseinv))
#7 C:\xampp\htdocs\C4\system\CodeIgniter.php(333): CodeIgniter\CodeIgniter->handleRequest(NULL, Object(Config\Cache), false)
#8 C:\xampp\htdocs\C4\index.php(44): CodeIgniter\CodeIgniter->run()
#9 {main}
CRITICAL - 2026-09-09 14:01:32 --> Uncaught ErrorException: Undefined variable: viewFile in C:\xampp\htdocs\C4\system\Debug\Exceptions.php:281
Stack trace:
#0 C:\xampp\htdocs\C4\system\Debug\Exceptions.php(281): CodeIgniter\Debug\Exceptions->errorHandler(8, 'Undefined varia...', 'C:\\xampp\\htdocs...', 281, Array)
#1 C:\xampp\htdocs\C4\system\Debug\Exceptions.php(281): include()
#2 C:\xampp\htdocs\C4\system\Debug\Exceptions.php(147): CodeIgniter\Debug\Exceptions->render(Object(ErrorException), 500)
#3 [internal function]: CodeIgniter\Debug\Exceptions->exceptionHandler(Object(ErrorException))
#4 {main}
  thrown
#0 [internal function]: CodeIgniter\Debug\Exceptions->shutdownHandler()
#1 {main}
INFO - 2026-09-09 15:24:53 --> Session: Class initialized using 'CodeIgniter\Session\Handlers\FileHandler' driver.
INFO - 2026-09-09 15:25:00 --> Session: Class initialized using 'CodeIgniter\Session\Handlers\FileHandler' driver.
INFO - 2026-09-09 15:25:08 --> Session: Class initialized using 'CodeIgniter\Session\Handlers\FileHandler' driver.
INFO - 2026-09-09 15:25:10 --> Session: Class initialized using 'CodeIgniter\Session\Handlers\FileHandler' driver.
INFO - 2026-09-09 15:25:15 --> Session: Class initialized using 'CodeIgniter\Session\Handlers\FileHandler' driver.
INFO - 2026-09-09 15:25:15 --> Session: Class initialized using 'CodeIgniter\Session\Handlers\FileHandler' driver.
INFO - 2026-09-09 15:25:16 --> Session: Class initialized using 'CodeIgniter\Session\Handlers\FileHandler' driver.
INFO - 2026-09-09 15:25:18 --> Session: Class initialized using 'CodeIgniter\Session\Handlers\FileHandler' driver.
INFO - 2026-09-09 15:25:18 --> Session: Class initialized using 'CodeIgniter\Session\Handlers\FileHandler' driver.
CRITICAL - 2026-09-09 15:27:19 --> Maximum execution time of 120 seconds exceeded
#0 [internal function]: CodeIgniter\Debug\Exceptions->shutdownHandler()
#1 {main}
INFO - 2026-09-09 15:27:35 --> Session: Class initialized using 'CodeIgniter\Session\Handlers\FileHandler' driver.
INFO - 2026-09-09 15:27:35 --> Session: Class initialized using 'CodeIgniter\Session\Handlers\FileHandler' driver.
INFO - 2026-09-09 15:27:36 --> Session: Class initialized using 'CodeIgniter\Session\Handlers\FileHandler' driver.
INFO - 2026-09-09 15:28:46 --> Session: Class initialized using 'CodeIgniter\Session\Handlers\FileHandler' driver.
INFO - 2026-09-09 15:28:46 --> Session: Class initialized using 'CodeIgniter\Session\Handlers\FileHandler' driver.
INFO - 2026-09-09 15:28:47 --> Session: Class initialized using 'CodeIgniter\Session\Handlers\FileHandler' driver.
INFO - 2026-09-09 15:29:01 --> Session: Class initialized using 'CodeIgniter\Session\Handlers\FileHandler' driver.
INFO - 2026-09-09 15:29:03 --> Session: Class initialized using 'CodeIgniter\Session\Handlers\FileHandler' driver.
INFO - 2026-09-09 15:43:59 --> Session: Class initialized using 'CodeIgniter\Session\Handlers\FileHandler' driver.
INFO - 2026-09-09 15:44:10 --> Session: Class initialized using 'CodeIgniter\Session\Handlers\FileHandler' driver.
INFO - 2026-09-09 15:44:11 --> Session: Class initialized using 'CodeIgniter\Session\Handlers\FileHandler' driver.
INFO - 2026-09-09 15:44:26 --> Session: Class initialized using 'CodeIgniter\Session\Handlers\FileHandler' driver.
INFO - 2026-09-09 15:44:27 --> Session: Class initialized using 'CodeIgniter\Session\Handlers\FileHandler' driver.
INFO - 2026-09-09 15:44:43 --> Session: Class initialized using 'CodeIgniter\Session\Handlers\FileHandler' driver.
INFO - 2026-09-09 15:44:43 --> Session: Class initialized using 'CodeIgniter\Session\Handlers\FileHandler' driver.
INFO - 2026-09-09 15:45:10 --> Session: Class initialized using 'CodeIgniter\Session\Handlers\FileHandler' driver.
INFO - 2026-09-09 15:45:12 --> Session: Class initialized using 'CodeIgniter\Session\Handlers\FileHandler' driver.
INFO - 2026-09-09 15:47:03 --> Session: Class initialized using 'CodeIgniter\Session\Handlers\FileHandler' driver.
INFO - 2026-09-09 15:47:06 --> Session: Class initialized using 'CodeIgniter\Session\Handlers\FileHandler' driver.
INFO - 2026-09-09 15:47:21 --> Session: Class initialized using 'CodeIgniter\Session\Handlers\FileHandler' driver.
INFO - 2026-09-09 15:47:22 --> Session: Class initialized using 'CodeIgniter\Session\Handlers\FileHandler' driver.
INFO - 2026-09-09 15:47:23 --> Session: Class initialized using 'CodeIgniter\Session\Handlers\FileHandler' driver.
INFO - 2026-09-09 15:47:39 --> Session: Class initialized using 'CodeIgniter\Session\Handlers\FileHandler' driver.
INFO - 2026-09-09 15:47:39 --> Session: Class initialized using 'CodeIgniter\Session\Handlers\FileHandler' driver.
INFO - 2026-09-09 15:47:58 --> Session: Class initialized using 'CodeIgniter\Session\Handlers\FileHandler' driver.
INFO - 2026-09-09 15:48:39 --> Session: Class initialized using 'CodeIgniter\Session\Handlers\FileHandler' driver.
INFO - 2026-09-09 15:48:39 --> Session: Class initialized using 'CodeIgniter\Session\Handlers\FileHandler' driver.
INFO - 2026-09-09 15:48:42 --> Session: Class initialized using 'CodeIgniter\Session\Handlers\FileHandler' driver.
INFO - 2026-09-09 15:49:06 --> Session: Class initialized using 'CodeIgniter\Session\Handlers\FileHandler' driver.
INFO - 2026-09-09 15:49:06 --> Session: Class initialized using 'CodeIgniter\Session\Handlers\FileHandler' driver.
INFO - 2026-09-09 15:49:51 --> Session: Class initialized using 'CodeIgniter\Session\Handlers\FileHandler' driver.
INFO - 2026-09-09 15:49:51 --> Session: Class initialized using 'CodeIgniter\Session\Handlers\FileHandler' driver.
INFO - 2026-09-09 15:49:58 --> Session: Class initialized using 'CodeIgniter\Session\Handlers\FileHandler' driver.
INFO - 2026-09-09 15:49:58 --> Session: Class initialized using 'CodeIgniter\Session\Handlers\FileHandler' driver.
INFO - 2026-09-09 15:50:05 --> Session: Class initialized using 'CodeIgniter\Session\Handlers\FileHandler' driver.
INFO - 2026-09-09 15:50:06 --> Session: Class initialized using 'CodeIgniter\Session\Handlers\FileHandler' driver.
INFO - 2026-09-09 15:50:08 --> Session: Class initialized using 'CodeIgniter\Session\Handlers\FileHandler' driver.
INFO - 2026-09-09 15:50:08 --> Session: Class initialized using 'CodeIgniter\Session\Handlers\FileHandler' driver.
INFO - 2026-09-09 15:50:13 --> Session: Class initialized using 'CodeIgniter\Session\Handlers\FileHandler' driver.
INFO - 2026-09-09 15:50:14 --> Session: Class initialized using 'CodeIgniter\Session\Handlers\FileHandler' driver.
INFO - 2026-09-09 15:50:14 --> Session: Class initialized using 'CodeIgniter\Session\Handlers\FileHandler' driver.
INFO - 2026-09-09 15:50:23 --> Session: Class initialized using 'CodeIgniter\Session\Handlers\FileHandler' driver.
INFO - 2026-09-09 15:50:24 --> Session: Class initialized using 'CodeIgniter\Session\Handlers\FileHandler' driver.
INFO - 2026-09-09 15:50:24 --> Session: Class initialized using 'CodeIgniter\Session\Handlers\FileHandler' driver.
INFO - 2026-09-09 15:51:06 --> Session: Class initialized using 'CodeIgniter\Session\Handlers\FileHandler' driver.
INFO - 2026-09-09 15:53:03 --> Session: Class initialized using 'CodeIgniter\Session\Handlers\FileHandler' driver.
INFO - 2026-09-09 15:53:06 --> Session: Class initialized using 'CodeIgniter\Session\Handlers\FileHandler' driver.
INFO - 2026-09-09 15:53:26 --> Session: Class initialized using 'CodeIgniter\Session\Handlers\FileHandler' driver.
INFO - 2026-09-09 15:53:27 --> Session: Class initialized using 'CodeIgniter\Session\Handlers\FileHandler' driver.
INFO - 2026-09-09 15:53:35 --> Session: Class initialized using 'CodeIgniter\Session\Handlers\FileHandler' driver.
INFO - 2026-09-09 15:53:36 --> Session: Class initialized using 'CodeIgniter\Session\Handlers\FileHandler' driver.
INFO - 2026-09-09 15:54:30 --> Session: Class initialized using 'CodeIgniter\Session\Handlers\FileHandler' driver.
INFO - 2026-09-09 15:54:30 --> Session: Class initialized using 'CodeIgniter\Session\Handlers\FileHandler' driver.
INFO - 2026-09-09 15:54:46 --> Session: Class initialized using 'CodeIgniter\Session\Handlers\FileHandler' driver.
INFO - 2026-09-09 15:55:30 --> Session: Class initialized using 'CodeIgniter\Session\Handlers\FileHandler' driver.
INFO - 2026-09-09 16:00:44 --> Session: Class initialized using 'CodeIgniter\Session\Handlers\FileHandler' driver.
INFO - 2026-09-09 16:00:49 --> Session: Class initialized using 'CodeIgniter\Session\Handlers\FileHandler' driver.
INFO - 2026-09-09 16:00:51 --> Session: Class initialized using 'CodeIgniter\Session\Handlers\FileHandler' driver.
INFO - 2026-09-09 16:00:52 --> Session: Class initialized using 'CodeIgniter\Session\Handlers\FileHandler' driver.
INFO - 2026-09-09 16:00:56 --> Session: Class initialized using 'CodeIgniter\Session\Handlers\FileHandler' driver.
INFO - 2026-09-09 16:00:56 --> Session: Class initialized using 'CodeIgniter\Session\Handlers\FileHandler' driver.
INFO - 2026-09-09 16:01:02 --> Session: Class initialized using 'CodeIgniter\Session\Handlers\FileHandler' driver.
INFO - 2026-09-09 16:01:09 --> Session: Class initialized using 'CodeIgniter\Session\Handlers\FileHandler' driver.
INFO - 2026-09-09 16:01:09 --> Session: Class initialized using 'CodeIgniter\Session\Handlers\FileHandler' driver.
INFO - 2026-09-09 16:01:20 --> Session: Class initialized using 'CodeIgniter\Session\Handlers\FileHandler' driver.
INFO - 2026-09-09 16:01:33 --> Session: Class initialized using 'CodeIgniter\Session\Handlers\FileHandler' driver.
CRITICAL - 2026-09-09 16:01:33 --> syntax error, unexpected ''/C4'' (T_CONSTANT_ENCAPSED_STRING), expecting ';' or ','
#0 C:\xampp\htdocs\C4\app\Controllers\Install.php(79): App\Controllers\Install->render('app_config', Array)
#1 C:\xampp\htdocs\C4\system\CodeIgniter.php(936): App\Controllers\Install->index()
#2 C:\xampp\htdocs\C4\system\CodeIgniter.php(432): CodeIgniter\CodeIgniter->runController(Object(App\Controllers\Install))
#3 C:\xampp\htdocs\C4\system\CodeIgniter.php(333): CodeIgniter\CodeIgniter->handleRequest(NULL, Object(Config\Cache), false)
#4 C:\xampp\htdocs\C4\index.php(44): CodeIgniter\CodeIgniter->run()
#5 {main}
CRITICAL - 2026-09-09 16:01:33 --> Uncaught ErrorException: Undefined variable: viewFile in C:\xampp\htdocs\C4\system\Debug\Exceptions.php:281
Stack trace:
#0 C:\xampp\htdocs\C4\system\Debug\Exceptions.php(281): CodeIgniter\Debug\Exceptions->errorHandler(8, 'Undefined varia...', 'C:\\xampp\\htdocs...', 281, Array)
#1 C:\xampp\htdocs\C4\system\Debug\Exceptions.php(281): include()
#2 C:\xampp\htdocs\C4\system\Debug\Exceptions.php(147): CodeIgniter\Debug\Exceptions->render(Object(ParseError), 500)
#3 [internal function]: CodeIgniter\Debug\Exceptions->exceptionHandler(Object(ParseError))
#4 {main}
  thrown
#0 [internal function]: CodeIgniter\Debug\Exceptions->shutdownHandler()
#1 {main}
INFO - 2026-09-09 16:02:43 --> Session: Class initialized using 'CodeIgniter\Session\Handlers\FileHandler' driver.
INFO - 2026-09-09 16:02:58 --> Session: Class initialized using 'CodeIgniter\Session\Handlers\FileHandler' driver.
INFO - 2026-09-09 16:02:59 --> Session: Class initialized using 'CodeIgniter\Session\Handlers\FileHandler' driver.
INFO - 2026-09-09 16:03:01 --> Session: Class initialized using 'CodeIgniter\Session\Handlers\FileHandler' driver.
INFO - 2026-09-09 16:04:08 --> Session: Class initialized using 'CodeIgniter\Session\Handlers\FileHandler' driver.
CRITICAL - 2026-09-09 16:04:08 --> syntax error, unexpected ')'
#0 C:\xampp\htdocs\C4\app\Controllers\Install.php(79): App\Controllers\Install->render('app_config', Array)
#1 C:\xampp\htdocs\C4\system\CodeIgniter.php(936): App\Controllers\Install->index()
#2 C:\xampp\htdocs\C4\system\CodeIgniter.php(432): CodeIgniter\CodeIgniter->runController(Object(App\Controllers\Install))
#3 C:\xampp\htdocs\C4\system\CodeIgniter.php(333): CodeIgniter\CodeIgniter->handleRequest(NULL, Object(Config\Cache), false)
#4 C:\xampp\htdocs\C4\index.php(44): CodeIgniter\CodeIgniter->run()
#5 {main}
CRITICAL - 2026-09-09 16:04:08 --> Uncaught ErrorException: Undefined variable: viewFile in C:\xampp\htdocs\C4\system\Debug\Exceptions.php:281
Stack trace:
#0 C:\xampp\htdocs\C4\system\Debug\Exceptions.php(281): CodeIgniter\Debug\Exceptions->errorHandler(8, 'Undefined varia...', 'C:\\xampp\\htdocs...', 281, Array)
#1 C:\xampp\htdocs\C4\system\Debug\Exceptions.php(281): include()
#2 C:\xampp\htdocs\C4\system\Debug\Exceptions.php(147): CodeIgniter\Debug\Exceptions->render(Object(ParseError), 500)
#3 [internal function]: CodeIgniter\Debug\Exceptions->exceptionHandler(Object(ParseError))
#4 {main}
  thrown
#0 [internal function]: CodeIgniter\Debug\Exceptions->shutdownHandler()
#1 {main}
INFO - 2026-09-09 16:04:41 --> Session: Class initialized using 'CodeIgniter\Session\Handlers\FileHandler' driver.
INFO - 2026-09-09 16:13:08 --> Session: Class initialized using 'CodeIgniter\Session\Handlers\FileHandler' driver.
INFO - 2026-09-09 16:13:13 --> Session: Class initialized using 'CodeIgniter\Session\Handlers\FileHandler' driver.
INFO - 2026-09-09 16:13:19 --> Session: Class initialized using 'CodeIgniter\Session\Handlers\FileHandler' driver.
INFO - 2026-09-09 16:13:21 --> Session: Class initialized using 'CodeIgniter\Session\Handlers\FileHandler' driver.
INFO - 2026-09-09 16:14:12 --> Session: Class initialized using 'CodeIgniter\Session\Handlers\FileHandler' driver.
INFO - 2026-09-09 16:19:54 --> Session: Class initialized using 'CodeIgniter\Session\Handlers\FileHandler' driver.
INFO - 2026-09-09 16:29:09 --> Session: Class initialized using 'CodeIgniter\Session\Handlers\FileHandler' driver.
INFO - 2026-09-09 16:29:20 --> Session: Class initialized using 'CodeIgniter\Session\Handlers\FileHandler' driver.
INFO - 2026-09-09 16:29:22 --> Session: Class initialized using 'CodeIgniter\Session\Handlers\FileHandler' driver.
INFO - 2026-09-09 16:29:40 --> Session: Class initialized using 'CodeIgniter\Session\Handlers\FileHandler' driver.
INFO - 2026-09-09 16:29:40 --> Session: Class initialized using 'CodeIgniter\Session\Handlers\FileHandler' driver.
INFO - 2026-09-09 16:29:43 --> Session: Class initialized using 'CodeIgniter\Session\Handlers\FileHandler' driver.
INFO - 2026-09-09 16:29:45 --> Session: Class initialized using 'CodeIgniter\Session\Handlers\FileHandler' driver.
INFO - 2026-09-09 16:29:53 --> Session: Class initialized using 'CodeIgniter\Session\Handlers\FileHandler' driver.
INFO - 2026-09-09 16:29:54 --> Session: Class initialized using 'CodeIgniter\Session\Handlers\FileHandler' driver.
INFO - 2026-09-09 16:30:37 --> Session: Class initialized using 'CodeIgniter\Session\Handlers\FileHandler' driver.
INFO - 2026-09-09 16:30:40 --> Session: Class initialized using 'CodeIgniter\Session\Handlers\FileHandler' driver.
INFO - 2026-09-09 16:30:41 --> Session: Class initialized using 'CodeIgniter\Session\Handlers\FileHandler' driver.
INFO - 2026-09-09 16:31:07 --> Session: Class initialized using 'CodeIgniter\Session\Handlers\FileHandler' driver.
INFO - 2026-09-09 16:31:09 --> Session: Class initialized using 'CodeIgniter\Session\Handlers\FileHandler' driver.
INFO - 2026-09-09 16:31:09 --> Session: Class initialized using 'CodeIgniter\Session\Handlers\FileHandler' driver.
INFO - 2026-09-09 16:31:41 --> Session: Class initialized using 'CodeIgniter\Session\Handlers\FileHandler' driver.
INFO - 2026-09-09 16:31:49 --> Session: Class initialized using 'CodeIgniter\Session\Handlers\FileHandler' driver.
INFO - 2026-09-09 16:31:50 --> Session: Class initialized using 'CodeIgniter\Session\Handlers\FileHandler' driver.
CRITICAL - 2026-09-09 16:34:38 --> Maximum execution time of 120 seconds exceeded
#0 [internal function]: CodeIgniter\Debug\Exceptions->shutdownHandler()
#1 {main}
INFO - 2026-09-09 16:37:33 --> Session: Class initialized using 'CodeIgniter\Session\Handlers\FileHandler' driver.
INFO - 2026-09-09 16:37:36 --> Session: Class initialized using 'CodeIgniter\Session\Handlers\FileHandler' driver.
INFO - 2026-09-09 16:37:36 --> Session: Class initialized using 'CodeIgniter\Session\Handlers\FileHandler' driver.
INFO - 2026-09-09 16:37:43 --> Session: Class initialized using 'CodeIgniter\Session\Handlers\FileHandler' driver.
INFO - 2026-09-09 16:37:44 --> Session: Class initialized using 'CodeIgniter\Session\Handlers\FileHandler' driver.
INFO - 2026-09-09 16:37:50 --> Session: Class initialized using 'CodeIgniter\Session\Handlers\FileHandler' driver.
INFO - 2026-09-09 16:37:51 --> Session: Class initialized using 'CodeIgniter\Session\Handlers\FileHandler' driver.
INFO - 2026-09-09 16:38:03 --> Session: Class initialized using 'CodeIgniter\Session\Handlers\FileHandler' driver.
INFO - 2026-09-09 16:38:04 --> Session: Class initialized using 'CodeIgniter\Session\Handlers\FileHandler' driver.
INFO - 2026-09-09 16:38:15 --> Session: Class initialized using 'CodeIgniter\Session\Handlers\FileHandler' driver.
INFO - 2026-09-09 16:38:16 --> Session: Class initialized using 'CodeIgniter\Session\Handlers\FileHandler' driver.
INFO - 2026-09-09 16:39:04 --> Session: Class initialized using 'CodeIgniter\Session\Handlers\FileHandler' driver.
INFO - 2026-09-09 16:39:23 --> Session: Class initialized using 'CodeIgniter\Session\Handlers\FileHandler' driver.
INFO - 2026-09-09 16:39:31 --> Session: Class initialized using 'CodeIgniter\Session\Handlers\FileHandler' driver.
INFO - 2026-09-09 16:39:31 --> Session: Class initialized using 'CodeIgniter\Session\Handlers\FileHandler' driver.
INFO - 2026-09-09 16:39:36 --> Session: Class initialized using 'CodeIgniter\Session\Handlers\FileHandler' driver.
INFO - 2026-09-09 16:39:36 --> Session: Class initialized using 'CodeIgniter\Session\Handlers\FileHandler' driver.
INFO - 2026-09-09 16:39:39 --> Session: Class initialized using 'CodeIgniter\Session\Handlers\FileHandler' driver.
INFO - 2026-09-09 16:39:40 --> Session: Class initialized using 'CodeIgniter\Session\Handlers\FileHandler' driver.
INFO - 2026-09-09 16:39:45 --> Session: Class initialized using 'CodeIgniter\Session\Handlers\FileHandler' driver.
INFO - 2026-09-09 16:39:45 --> Session: Class initialized using 'CodeIgniter\Session\Handlers\FileHandler' driver.
CRITICAL - 2026-09-09 16:42:44 --> Maximum execution time of 120 seconds exceeded
#0 [internal function]: CodeIgniter\Debug\Exceptions->shutdownHandler()
#1 {main}
INFO - 2026-09-09 16:52:12 --> Session: Class initialized using 'CodeIgniter\Session\Handlers\FileHandler' driver.
INFO - 2026-09-09 16:52:16 --> Session: Class initialized using 'CodeIgniter\Session\Handlers\FileHandler' driver.
INFO - 2026-09-09 16:52:16 --> Session: Class initialized using 'CodeIgniter\Session\Handlers\FileHandler' driver.
INFO - 2026-09-09 19:09:35 --> Session: Class initialized using 'CodeIgniter\Session\Handlers\FileHandler' driver.
INFO - 2026-09-09 19:09:37 --> Session: Class initialized using 'CodeIgniter\Session\Handlers\FileHandler' driver.
INFO - 2026-09-09 19:09:39 --> Session: Class initialized using 'CodeIgniter\Session\Handlers\FileHandler' driver.
INFO - 2026-09-09 19:09:41 --> Session: Class initialized using 'CodeIgniter\Session\Handlers\FileHandler' driver.
INFO - 2026-09-09 19:09:49 --> Session: Class initialized using 'CodeIgniter\Session\Handlers\FileHandler' driver.
INFO - 2026-09-09 19:09:51 --> Session: Class initialized using 'CodeIgniter\Session\Handlers\FileHandler' driver.
INFO - 2026-09-09 19:17:48 --> Session: Class initialized using 'CodeIgniter\Session\Handlers\FileHandler' driver.
CRITICAL - 2026-09-09 19:17:48 --> Call to undefined function getState()
#0 C:\xampp\htdocs\C4\system\View\View.php(220): include()
#1 C:\xampp\htdocs\C4\system\View\View.php(222): CodeIgniter\View\View->CodeIgniter\View\{closure}()
#2 C:\xampp\htdocs\C4\system\Common.php(1217): CodeIgniter\View\View->render('layout/manage-s...', Array, true)
#3 C:\xampp\htdocs\C4\app\Controllers\supplier.php(157): view('layout/manage-s...', Array)
#4 C:\xampp\htdocs\C4\system\CodeIgniter.php(936): App\Controllers\Supplier->managesupplier()
#5 C:\xampp\htdocs\C4\system\CodeIgniter.php(432): CodeIgniter\CodeIgniter->runController(Object(App\Controllers\Supplier))
#6 C:\xampp\htdocs\C4\system\CodeIgniter.php(333): CodeIgniter\CodeIgniter->handleRequest(NULL, Object(Config\Cache), false)
#7 C:\xampp\htdocs\C4\index.php(44): CodeIgniter\CodeIgniter->run()
#8 {main}
CRITICAL - 2026-09-09 19:17:48 --> Uncaught ErrorException: Undefined variable: viewFile in C:\xampp\htdocs\C4\system\Debug\Exceptions.php:281
Stack trace:
#0 C:\xampp\htdocs\C4\system\Debug\Exceptions.php(281): CodeIgniter\Debug\Exceptions->errorHandler(8, 'Undefined varia...', 'C:\\xampp\\htdocs...', 281, Array)
#1 C:\xampp\htdocs\C4\system\Debug\Exceptions.php(281): include()
#2 C:\xampp\htdocs\C4\system\Debug\Exceptions.php(147): CodeIgniter\Debug\Exceptions->render(Object(Error), 500)
#3 [internal function]: CodeIgniter\Debug\Exceptions->exceptionHandler(Object(Error))
#4 {main}
  thrown
#0 [internal function]: CodeIgniter\Debug\Exceptions->shutdownHandler()
#1 {main}
INFO - 2026-09-09 19:18:07 --> Session: Class initialized using 'CodeIgniter\Session\Handlers\FileHandler' driver.
CRITICAL - 2026-09-09 19:18:07 --> Call to undefined function getState()
#0 C:\xampp\htdocs\C4\system\View\View.php(220): include()
#1 C:\xampp\htdocs\C4\system\View\View.php(222): CodeIgniter\View\View->CodeIgniter\View\{closure}()
#2 C:\xampp\htdocs\C4\system\Common.php(1217): CodeIgniter\View\View->render('layout/manage-s...', Array, true)
#3 C:\xampp\htdocs\C4\app\Controllers\supplier.php(157): view('layout/manage-s...', Array)
#4 C:\xampp\htdocs\C4\system\CodeIgniter.php(936): App\Controllers\Supplier->managesupplier()
#5 C:\xampp\htdocs\C4\system\CodeIgniter.php(432): CodeIgniter\CodeIgniter->runController(Object(App\Controllers\Supplier))
#6 C:\xampp\htdocs\C4\system\CodeIgniter.php(333): CodeIgniter\CodeIgniter->handleRequest(NULL, Object(Config\Cache), false)
#7 C:\xampp\htdocs\C4\index.php(44): CodeIgniter\CodeIgniter->run()
#8 {main}
CRITICAL - 2026-09-09 19:18:08 --> Uncaught ErrorException: Undefined variable: viewFile in C:\xampp\htdocs\C4\system\Debug\Exceptions.php:281
Stack trace:
#0 C:\xampp\htdocs\C4\system\Debug\Exceptions.php(281): CodeIgniter\Debug\Exceptions->errorHandler(8, 'Undefined varia...', 'C:\\xampp\\htdocs...', 281, Array)
#1 C:\xampp\htdocs\C4\system\Debug\Exceptions.php(281): include()
#2 C:\xampp\htdocs\C4\system\Debug\Exceptions.php(147): CodeIgniter\Debug\Exceptions->render(Object(Error), 500)
#3 [internal function]: CodeIgniter\Debug\Exceptions->exceptionHandler(Object(Error))
#4 {main}
  thrown
#0 [internal function]: CodeIgniter\Debug\Exceptions->shutdownHandler()
#1 {main}
INFO - 2026-09-09 19:18:10 --> Session: Class initialized using 'CodeIgniter\Session\Handlers\FileHandler' driver.
CRITICAL - 2026-09-09 19:18:10 --> Call to undefined function getState()
#0 C:\xampp\htdocs\C4\system\View\View.php(220): include()
#1 C:\xampp\htdocs\C4\system\View\View.php(222): CodeIgniter\View\View->CodeIgniter\View\{closure}()
#2 C:\xampp\htdocs\C4\system\Common.php(1217): CodeIgniter\View\View->render('layout/manage-s...', Array, true)
#3 C:\xampp\htdocs\C4\app\Controllers\supplier.php(157): view('layout/manage-s...', Array)
#4 C:\xampp\htdocs\C4\system\CodeIgniter.php(936): App\Controllers\Supplier->managesupplier()
#5 C:\xampp\htdocs\C4\system\CodeIgniter.php(432): CodeIgniter\CodeIgniter->runController(Object(App\Controllers\Supplier))
#6 C:\xampp\htdocs\C4\system\CodeIgniter.php(333): CodeIgniter\CodeIgniter->handleRequest(NULL, Object(Config\Cache), false)
#7 C:\xampp\htdocs\C4\index.php(44): CodeIgniter\CodeIgniter->run()
#8 {main}
CRITICAL - 2026-09-09 19:18:10 --> Uncaught ErrorException: Undefined variable: viewFile in C:\xampp\htdocs\C4\system\Debug\Exceptions.php:281
Stack trace:
#0 C:\xampp\htdocs\C4\system\Debug\Exceptions.php(281): CodeIgniter\Debug\Exceptions->errorHandler(8, 'Undefined varia...', 'C:\\xampp\\htdocs...', 281, Array)
#1 C:\xampp\htdocs\C4\system\Debug\Exceptions.php(281): include()
#2 C:\xampp\htdocs\C4\system\Debug\Exceptions.php(147): CodeIgniter\Debug\Exceptions->render(Object(Error), 500)
#3 [internal function]: CodeIgniter\Debug\Exceptions->exceptionHandler(Object(Error))
#4 {main}
  thrown
#0 [internal function]: CodeIgniter\Debug\Exceptions->shutdownHandler()
#1 {main}
INFO - 2026-09-09 19:18:14 --> Session: Class initialized using 'CodeIgniter\Session\Handlers\FileHandler' driver.
INFO - 2026-09-09 19:18:16 --> Session: Class initialized using 'CodeIgniter\Session\Handlers\FileHandler' driver.
INFO - 2026-09-09 19:18:17 --> Session: Class initialized using 'CodeIgniter\Session\Handlers\FileHandler' driver.
INFO - 2026-09-09 19:18:22 --> Session: Class initialized using 'CodeIgniter\Session\Handlers\FileHandler' driver.
INFO - 2026-09-09 19:18:22 --> Session: Class initialized using 'CodeIgniter\Session\Handlers\FileHandler' driver.
INFO - 2026-09-09 19:18:34 --> Session: Class initialized using 'CodeIgniter\Session\Handlers\FileHandler' driver.
CRITICAL - 2026-09-09 19:18:34 --> Call to undefined function getState()
#0 C:\xampp\htdocs\C4\system\View\View.php(220): include()
#1 C:\xampp\htdocs\C4\system\View\View.php(222): CodeIgniter\View\View->CodeIgniter\View\{closure}()
#2 C:\xampp\htdocs\C4\system\Common.php(1217): CodeIgniter\View\View->render('layout/manage-c...', Array, true)
#3 C:\xampp\htdocs\C4\app\Controllers\Client.php(138): view('layout/manage-c...', Array)
#4 C:\xampp\htdocs\C4\system\CodeIgniter.php(936): App\Controllers\Client->manageclients()
#5 C:\xampp\htdocs\C4\system\CodeIgniter.php(432): CodeIgniter\CodeIgniter->runController(Object(App\Controllers\Client))
#6 C:\xampp\htdocs\C4\system\CodeIgniter.php(333): CodeIgniter\CodeIgniter->handleRequest(NULL, Object(Config\Cache), false)
#7 C:\xampp\htdocs\C4\index.php(44): CodeIgniter\CodeIgniter->run()
#8 {main}
CRITICAL - 2026-09-09 19:18:34 --> Uncaught ErrorException: Undefined variable: viewFile in C:\xampp\htdocs\C4\system\Debug\Exceptions.php:281
Stack trace:
#0 C:\xampp\htdocs\C4\system\Debug\Exceptions.php(281): CodeIgniter\Debug\Exceptions->errorHandler(8, 'Undefined varia...', 'C:\\xampp\\htdocs...', 281, Array)
#1 C:\xampp\htdocs\C4\system\Debug\Exceptions.php(281): include()
#2 C:\xampp\htdocs\C4\system\Debug\Exceptions.php(147): CodeIgniter\Debug\Exceptions->render(Object(Error), 500)
#3 [internal function]: CodeIgniter\Debug\Exceptions->exceptionHandler(Object(Error))
#4 {main}
  thrown
#0 [internal function]: CodeIgniter\Debug\Exceptions->shutdownHandler()
#1 {main}
INFO - 2026-09-09 19:18:37 --> Session: Class initialized using 'CodeIgniter\Session\Handlers\FileHandler' driver.
CRITICAL - 2026-09-09 19:18:37 --> Call to undefined function getState()
#0 C:\xampp\htdocs\C4\system\View\View.php(220): include()
#1 C:\xampp\htdocs\C4\system\View\View.php(222): CodeIgniter\View\View->CodeIgniter\View\{closure}()
#2 C:\xampp\htdocs\C4\system\Common.php(1217): CodeIgniter\View\View->render('layout/manage-p...', Array, true)
#3 C:\xampp\htdocs\C4\app\Controllers\Product.php(144): view('layout/manage-p...', Array)
#4 C:\xampp\htdocs\C4\system\CodeIgniter.php(936): App\Controllers\Product->manageproducts()
#5 C:\xampp\htdocs\C4\system\CodeIgniter.php(432): CodeIgniter\CodeIgniter->runController(Object(App\Controllers\Product))
#6 C:\xampp\htdocs\C4\system\CodeIgniter.php(333): CodeIgniter\CodeIgniter->handleRequest(NULL, Object(Config\Cache), false)
#7 C:\xampp\htdocs\C4\index.php(44): CodeIgniter\CodeIgniter->run()
#8 {main}
CRITICAL - 2026-09-09 19:18:37 --> Uncaught ErrorException: Undefined variable: viewFile in C:\xampp\htdocs\C4\system\Debug\Exceptions.php:281
Stack trace:
#0 C:\xampp\htdocs\C4\system\Debug\Exceptions.php(281): CodeIgniter\Debug\Exceptions->errorHandler(8, 'Undefined varia...', 'C:\\xampp\\htdocs...', 281, Array)
#1 C:\xampp\htdocs\C4\system\Debug\Exceptions.php(281): include()
#2 C:\xampp\htdocs\C4\system\Debug\Exceptions.php(147): CodeIgniter\Debug\Exceptions->render(Object(Error), 500)
#3 [internal function]: CodeIgniter\Debug\Exceptions->exceptionHandler(Object(Error))
#4 {main}
  thrown
#0 [internal function]: CodeIgniter\Debug\Exceptions->shutdownHandler()
#1 {main}
INFO - 2026-09-09 19:18:41 --> Session: Class initialized using 'CodeIgniter\Session\Handlers\FileHandler' driver.
CRITICAL - 2026-09-09 19:18:41 --> Call to undefined function getState()
#0 C:\xampp\htdocs\C4\system\View\View.php(220): include()
#1 C:\xampp\htdocs\C4\system\View\View.php(222): CodeIgniter\View\View->CodeIgniter\View\{closure}()
#2 C:\xampp\htdocs\C4\system\Common.php(1217): CodeIgniter\View\View->render('layout/manage-s...', Array, true)
#3 C:\xampp\htdocs\C4\app\Controllers\supplier.php(157): view('layout/manage-s...', Array)
#4 C:\xampp\htdocs\C4\system\CodeIgniter.php(936): App\Controllers\Supplier->managesupplier()
#5 C:\xampp\htdocs\C4\system\CodeIgniter.php(432): CodeIgniter\CodeIgniter->runController(Object(App\Controllers\Supplier))
#6 C:\xampp\htdocs\C4\system\CodeIgniter.php(333): CodeIgniter\CodeIgniter->handleRequest(NULL, Object(Config\Cache), false)
#7 C:\xampp\htdocs\C4\index.php(44): CodeIgniter\CodeIgniter->run()
#8 {main}
CRITICAL - 2026-09-09 19:18:41 --> Uncaught ErrorException: Undefined variable: viewFile in C:\xampp\htdocs\C4\system\Debug\Exceptions.php:281
Stack trace:
#0 C:\xampp\htdocs\C4\system\Debug\Exceptions.php(281): CodeIgniter\Debug\Exceptions->errorHandler(8, 'Undefined varia...', 'C:\\xampp\\htdocs...', 281, Array)
#1 C:\xampp\htdocs\C4\system\Debug\Exceptions.php(281): include()
#2 C:\xampp\htdocs\C4\system\Debug\Exceptions.php(147): CodeIgniter\Debug\Exceptions->render(Object(Error), 500)
#3 [internal function]: CodeIgniter\Debug\Exceptions->exceptionHandler(Object(Error))
#4 {main}
  thrown
#0 [internal function]: CodeIgniter\Debug\Exceptions->shutdownHandler()
#1 {main}
INFO - 2026-09-09 19:18:46 --> Session: Class initialized using 'CodeIgniter\Session\Handlers\FileHandler' driver.
CRITICAL - 2026-09-09 19:18:47 --> Call to undefined function getState()
#0 C:\xampp\htdocs\C4\system\View\View.php(220): include()
#1 C:\xampp\htdocs\C4\system\View\View.php(222): CodeIgniter\View\View->CodeIgniter\View\{closure}()
#2 C:\xampp\htdocs\C4\system\Common.php(1217): CodeIgniter\View\View->render('layout/genpurch...', Array, true)
#3 C:\xampp\htdocs\C4\app\Controllers\Purchaseinv.php(70): view('layout/genpurch...', Array)
#4 C:\xampp\htdocs\C4\system\CodeIgniter.php(936): App\Controllers\Purchaseinv->genpurchaseinv()
#5 C:\xampp\htdocs\C4\system\CodeIgniter.php(432): CodeIgniter\CodeIgniter->runController(Object(App\Controllers\Purchaseinv))
#6 C:\xampp\htdocs\C4\system\CodeIgniter.php(333): CodeIgniter\CodeIgniter->handleRequest(NULL, Object(Config\Cache), false)
#7 C:\xampp\htdocs\C4\index.php(44): CodeIgniter\CodeIgniter->run()
#8 {main}
CRITICAL - 2026-09-09 19:18:47 --> Uncaught ErrorException: Undefined variable: viewFile in C:\xampp\htdocs\C4\system\Debug\Exceptions.php:281
Stack trace:
#0 C:\xampp\htdocs\C4\system\Debug\Exceptions.php(281): CodeIgniter\Debug\Exceptions->errorHandler(8, 'Undefined varia...', 'C:\\xampp\\htdocs...', 281, Array)
#1 C:\xampp\htdocs\C4\system\Debug\Exceptions.php(281): include()
#2 C:\xampp\htdocs\C4\system\Debug\Exceptions.php(147): CodeIgniter\Debug\Exceptions->render(Object(Error), 500)
#3 [internal function]: CodeIgniter\Debug\Exceptions->exceptionHandler(Object(Error))
#4 {main}
  thrown
#0 [internal function]: CodeIgniter\Debug\Exceptions->shutdownHandler()
#1 {main}
INFO - 2026-09-09 19:18:49 --> Session: Class initialized using 'CodeIgniter\Session\Handlers\FileHandler' driver.
INFO - 2026-09-09 19:18:51 --> Session: Class initialized using 'CodeIgniter\Session\Handlers\FileHandler' driver.
INFO - 2026-09-09 19:18:51 --> Session: Class initialized using 'CodeIgniter\Session\Handlers\FileHandler' driver.
INFO - 2026-09-09 19:19:22 --> Session: Class initialized using 'CodeIgniter\Session\Handlers\FileHandler' driver.
CRITICAL - 2026-09-09 19:19:22 --> Call to undefined function getState()
#0 C:\xampp\htdocs\C4\system\View\View.php(220): include()
#1 C:\xampp\htdocs\C4\system\View\View.php(222): CodeIgniter\View\View->CodeIgniter\View\{closure}()
#2 C:\xampp\htdocs\C4\system\Common.php(1217): CodeIgniter\View\View->render('layout/manage-c...', Array, true)
#3 C:\xampp\htdocs\C4\app\Controllers\Client.php(138): view('layout/manage-c...', Array)
#4 C:\xampp\htdocs\C4\system\CodeIgniter.php(936): App\Controllers\Client->manageclients()
#5 C:\xampp\htdocs\C4\system\CodeIgniter.php(432): CodeIgniter\CodeIgniter->runController(Object(App\Controllers\Client))
#6 C:\xampp\htdocs\C4\system\CodeIgniter.php(333): CodeIgniter\CodeIgniter->handleRequest(NULL, Object(Config\Cache), false)
#7 C:\xampp\htdocs\C4\index.php(44): CodeIgniter\CodeIgniter->run()
#8 {main}
CRITICAL - 2026-09-09 19:19:22 --> Uncaught ErrorException: Undefined variable: viewFile in C:\xampp\htdocs\C4\system\Debug\Exceptions.php:281
Stack trace:
#0 C:\xampp\htdocs\C4\system\Debug\Exceptions.php(281): CodeIgniter\Debug\Exceptions->errorHandler(8, 'Undefined varia...', 'C:\\xampp\\htdocs...', 281, Array)
#1 C:\xampp\htdocs\C4\system\Debug\Exceptions.php(281): include()
#2 C:\xampp\htdocs\C4\system\Debug\Exceptions.php(147): CodeIgniter\Debug\Exceptions->render(Object(Error), 500)
#3 [internal function]: CodeIgniter\Debug\Exceptions->exceptionHandler(Object(Error))
#4 {main}
  thrown
#0 [internal function]: CodeIgniter\Debug\Exceptions->shutdownHandler()
#1 {main}
INFO - 2026-09-09 19:19:25 --> Session: Class initialized using 'CodeIgniter\Session\Handlers\FileHandler' driver.
INFO - 2026-09-09 19:19:31 --> Session: Class initialized using 'CodeIgniter\Session\Handlers\FileHandler' driver.
INFO - 2026-09-09 19:19:31 --> Session: Class initialized using 'CodeIgniter\Session\Handlers\FileHandler' driver.
INFO - 2026-09-09 19:20:51 --> Session: Class initialized using 'CodeIgniter\Session\Handlers\FileHandler' driver.
CRITICAL - 2026-09-09 19:20:51 --> Call to undefined function getState()
#0 C:\xampp\htdocs\C4\system\View\View.php(220): include()
#1 C:\xampp\htdocs\C4\system\View\View.php(222): CodeIgniter\View\View->CodeIgniter\View\{closure}()
#2 C:\xampp\htdocs\C4\system\Common.php(1217): CodeIgniter\View\View->render('layout/manage-c...', Array, true)
#3 C:\xampp\htdocs\C4\app\Controllers\Client.php(138): view('layout/manage-c...', Array)
#4 C:\xampp\htdocs\C4\system\CodeIgniter.php(936): App\Controllers\Client->manageclients()
#5 C:\xampp\htdocs\C4\system\CodeIgniter.php(432): CodeIgniter\CodeIgniter->runController(Object(App\Controllers\Client))
#6 C:\xampp\htdocs\C4\system\CodeIgniter.php(333): CodeIgniter\CodeIgniter->handleRequest(NULL, Object(Config\Cache), false)
#7 C:\xampp\htdocs\C4\index.php(44): CodeIgniter\CodeIgniter->run()
#8 {main}
CRITICAL - 2026-09-09 19:20:51 --> Uncaught ErrorException: Undefined variable: viewFile in C:\xampp\htdocs\C4\system\Debug\Exceptions.php:281
Stack trace:
#0 C:\xampp\htdocs\C4\system\Debug\Exceptions.php(281): CodeIgniter\Debug\Exceptions->errorHandler(8, 'Undefined varia...', 'C:\\xampp\\htdocs...', 281, Array)
#1 C:\xampp\htdocs\C4\system\Debug\Exceptions.php(281): include()
#2 C:\xampp\htdocs\C4\system\Debug\Exceptions.php(147): CodeIgniter\Debug\Exceptions->render(Object(Error), 500)
#3 [internal function]: CodeIgniter\Debug\Exceptions->exceptionHandler(Object(Error))
#4 {main}
  thrown
#0 [internal function]: CodeIgniter\Debug\Exceptions->shutdownHandler()
#1 {main}
INFO - 2026-09-09 19:20:56 --> Session: Class initialized using 'CodeIgniter\Session\Handlers\FileHandler' driver.
CRITICAL - 2026-09-09 19:22:04 --> Maximum execution time of 120 seconds exceeded
#0 [internal function]: CodeIgniter\Debug\Exceptions->shutdownHandler()
#1 {main}
CRITICAL - 2026-09-09 19:22:41 --> Maximum execution time of 120 seconds exceeded
#0 [internal function]: CodeIgniter\Debug\Exceptions->shutdownHandler()
#1 {main}
INFO - 2026-09-09 19:22:50 --> Session: Class initialized using 'CodeIgniter\Session\Handlers\FileHandler' driver.
INFO - 2026-09-09 19:22:50 --> Session: Class initialized using 'CodeIgniter\Session\Handlers\FileHandler' driver.
INFO - 2026-09-09 19:22:51 --> Session: Class initialized using 'CodeIgniter\Session\Handlers\FileHandler' driver.
CRITICAL - 2026-09-09 19:22:51 --> Call to undefined function getState()
#0 C:\xampp\htdocs\C4\system\View\View.php(220): include()
#1 C:\xampp\htdocs\C4\system\View\View.php(222): CodeIgniter\View\View->CodeIgniter\View\{closure}()
#2 C:\xampp\htdocs\C4\system\Common.php(1217): CodeIgniter\View\View->render('layout/manage-c...', Array, true)
#3 C:\xampp\htdocs\C4\app\Controllers\Client.php(138): view('layout/manage-c...', Array)
#4 C:\xampp\htdocs\C4\system\CodeIgniter.php(936): App\Controllers\Client->manageclients()
#5 C:\xampp\htdocs\C4\system\CodeIgniter.php(432): CodeIgniter\CodeIgniter->runController(Object(App\Controllers\Client))
#6 C:\xampp\htdocs\C4\system\CodeIgniter.php(333): CodeIgniter\CodeIgniter->handleRequest(NULL, Object(Config\Cache), false)
#7 C:\xampp\htdocs\C4\index.php(44): CodeIgniter\CodeIgniter->run()
#8 {main}
CRITICAL - 2026-09-09 19:22:51 --> Uncaught ErrorException: Undefined variable: viewFile in C:\xampp\htdocs\C4\system\Debug\Exceptions.php:281
Stack trace:
#0 C:\xampp\htdocs\C4\system\Debug\Exceptions.php(281): CodeIgniter\Debug\Exceptions->errorHandler(8, 'Undefined varia...', 'C:\\xampp\\htdocs...', 281, Array)
#1 C:\xampp\htdocs\C4\system\Debug\Exceptions.php(281): include()
#2 C:\xampp\htdocs\C4\system\Debug\Exceptions.php(147): CodeIgniter\Debug\Exceptions->render(Object(Error), 500)
#3 [internal function]: CodeIgniter\Debug\Exceptions->exceptionHandler(Object(Error))
#4 {main}
  thrown
#0 [internal function]: CodeIgniter\Debug\Exceptions->shutdownHandler()
#1 {main}
CRITICAL - 2026-09-09 19:23:07 --> Maximum execution time of 120 seconds exceeded
#0 [internal function]: CodeIgniter\Debug\Exceptions->shutdownHandler()
#1 {main}
INFO - 2026-09-09 19:23:08 --> Session: Class initialized using 'CodeIgniter\Session\Handlers\FileHandler' driver.
CRITICAL - 2026-09-09 19:23:08 --> Call to undefined function getState()
#0 C:\xampp\htdocs\C4\system\View\View.php(220): include()
#1 C:\xampp\htdocs\C4\system\View\View.php(222): CodeIgniter\View\View->CodeIgniter\View\{closure}()
#2 C:\xampp\htdocs\C4\system\Common.php(1217): CodeIgniter\View\View->render('layout/manage-c...', Array, true)
#3 C:\xampp\htdocs\C4\app\Controllers\Client.php(138): view('layout/manage-c...', Array)
#4 C:\xampp\htdocs\C4\system\CodeIgniter.php(936): App\Controllers\Client->manageclients()
#5 C:\xampp\htdocs\C4\system\CodeIgniter.php(432): CodeIgniter\CodeIgniter->runController(Object(App\Controllers\Client))
#6 C:\xampp\htdocs\C4\system\CodeIgniter.php(333): CodeIgniter\CodeIgniter->handleRequest(NULL, Object(Config\Cache), false)
#7 C:\xampp\htdocs\C4\index.php(44): CodeIgniter\CodeIgniter->run()
#8 {main}
CRITICAL - 2026-09-09 19:23:08 --> Uncaught ErrorException: Undefined variable: viewFile in C:\xampp\htdocs\C4\system\Debug\Exceptions.php:281
Stack trace:
#0 C:\xampp\htdocs\C4\system\Debug\Exceptions.php(281): CodeIgniter\Debug\Exceptions->errorHandler(8, 'Undefined varia...', 'C:\\xampp\\htdocs...', 281, Array)
#1 C:\xampp\htdocs\C4\system\Debug\Exceptions.php(281): include()
#2 C:\xampp\htdocs\C4\system\Debug\Exceptions.php(147): CodeIgniter\Debug\Exceptions->render(Object(Error), 500)
#3 [internal function]: CodeIgniter\Debug\Exceptions->exceptionHandler(Object(Error))
#4 {main}
  thrown
#0 [internal function]: CodeIgniter\Debug\Exceptions->shutdownHandler()
#1 {main}
INFO - 2026-09-09 19:23:17 --> Session: Class initialized using 'CodeIgniter\Session\Handlers\FileHandler' driver.
CRITICAL - 2026-09-09 19:23:17 --> Call to undefined function getState()
#0 C:\xampp\htdocs\C4\system\View\View.php(220): include()
#1 C:\xampp\htdocs\C4\system\View\View.php(222): CodeIgniter\View\View->CodeIgniter\View\{closure}()
#2 C:\xampp\htdocs\C4\system\Common.php(1217): CodeIgniter\View\View->render('layout/manage-c...', Array, true)
#3 C:\xampp\htdocs\C4\app\Controllers\Client.php(138): view('layout/manage-c...', Array)
#4 C:\xampp\htdocs\C4\system\CodeIgniter.php(936): App\Controllers\Client->manageclients()
#5 C:\xampp\htdocs\C4\system\CodeIgniter.php(432): CodeIgniter\CodeIgniter->runController(Object(App\Controllers\Client))
#6 C:\xampp\htdocs\C4\system\CodeIgniter.php(333): CodeIgniter\CodeIgniter->handleRequest(NULL, Object(Config\Cache), false)
#7 C:\xampp\htdocs\C4\index.php(44): CodeIgniter\CodeIgniter->run()
#8 {main}
CRITICAL - 2026-09-09 19:23:17 --> Uncaught ErrorException: Undefined variable: viewFile in C:\xampp\htdocs\C4\system\Debug\Exceptions.php:281
Stack trace:
#0 C:\xampp\htdocs\C4\system\Debug\Exceptions.php(281): CodeIgniter\Debug\Exceptions->errorHandler(8, 'Undefined varia...', 'C:\\xampp\\htdocs...', 281, Array)
#1 C:\xampp\htdocs\C4\system\Debug\Exceptions.php(281): include()
#2 C:\xampp\htdocs\C4\system\Debug\Exceptions.php(147): CodeIgniter\Debug\Exceptions->render(Object(Error), 500)
#3 [internal function]: CodeIgniter\Debug\Exceptions->exceptionHandler(Object(Error))
#4 {main}
  thrown
#0 [internal function]: CodeIgniter\Debug\Exceptions->shutdownHandler()
#1 {main}
INFO - 2026-09-09 19:25:02 --> Session: Class initialized using 'CodeIgniter\Session\Handlers\FileHandler' driver.
CRITICAL - 2026-09-09 19:25:04 --> Maximum execution time of 120 seconds exceeded
#0 [internal function]: CodeIgniter\Debug\Exceptions->shutdownHandler()
#1 {main}
INFO - 2026-09-09 19:31:40 --> Session: Class initialized using 'CodeIgniter\Session\Handlers\FileHandler' driver.
INFO - 2026-09-09 19:31:43 --> Session: Class initialized using 'CodeIgniter\Session\Handlers\FileHandler' driver.
INFO - 2026-09-09 19:31:48 --> Session: Class initialized using 'CodeIgniter\Session\Handlers\FileHandler' driver.
INFO - 2026-09-09 19:31:50 --> Session: Class initialized using 'CodeIgniter\Session\Handlers\FileHandler' driver.
INFO - 2026-09-09 19:31:57 --> Session: Class initialized using 'CodeIgniter\Session\Handlers\FileHandler' driver.
INFO - 2026-09-09 19:31:59 --> Session: Class initialized using 'CodeIgniter\Session\Handlers\FileHandler' driver.
INFO - 2026-09-09 19:32:01 --> Session: Class initialized using 'CodeIgniter\Session\Handlers\FileHandler' driver.
INFO - 2026-09-09 19:32:02 --> Session: Class initialized using 'CodeIgniter\Session\Handlers\FileHandler' driver.
INFO - 2026-09-09 19:32:03 --> Session: Class initialized using 'CodeIgniter\Session\Handlers\FileHandler' driver.
INFO - 2026-09-09 19:32:05 --> Session: Class initialized using 'CodeIgniter\Session\Handlers\FileHandler' driver.
INFO - 2026-09-09 19:37:50 --> Session: Class initialized using 'CodeIgniter\Session\Handlers\FileHandler' driver.
INFO - 2026-09-09 19:37:52 --> Session: Class initialized using 'CodeIgniter\Session\Handlers\FileHandler' driver.
INFO - 2026-09-09 19:37:53 --> Session: Class initialized using 'CodeIgniter\Session\Handlers\FileHandler' driver.
INFO - 2026-09-09 19:37:56 --> Session: Class initialized using 'CodeIgniter\Session\Handlers\FileHandler' driver.
INFO - 2026-09-09 19:40:12 --> Session: Class initialized using 'CodeIgniter\Session\Handlers\FileHandler' driver.
INFO - 2026-09-09 19:40:14 --> Session: Class initialized using 'CodeIgniter\Session\Handlers\FileHandler' driver.
INFO - 2026-09-09 19:40:15 --> Session: Class initialized using 'CodeIgniter\Session\Handlers\FileHandler' driver.
INFO - 2026-09-09 19:40:18 --> Session: Class initialized using 'CodeIgniter\Session\Handlers\FileHandler' driver.
INFO - 2026-09-09 19:40:25 --> Session: Class initialized using 'CodeIgniter\Session\Handlers\FileHandler' driver.
INFO - 2026-09-09 19:40:26 --> Session: Class initialized using 'CodeIgniter\Session\Handlers\FileHandler' driver.
INFO - 2026-09-09 19:40:29 --> Session: Class initialized using 'CodeIgniter\Session\Handlers\FileHandler' driver.
INFO - 2026-09-09 19:40:31 --> Session: Class initialized using 'CodeIgniter\Session\Handlers\FileHandler' driver.
INFO - 2026-09-09 19:40:32 --> Session: Class initialized using 'CodeIgniter\Session\Handlers\FileHandler' driver.
INFO - 2026-09-09 19:40:37 --> Session: Class initialized using 'CodeIgniter\Session\Handlers\FileHandler' driver.
INFO - 2026-09-09 19:40:38 --> Session: Class initialized using 'CodeIgniter\Session\Handlers\FileHandler' driver.
INFO - 2026-09-09 19:40:45 --> Session: Class initialized using 'CodeIgniter\Session\Handlers\FileHandler' driver.
INFO - 2026-09-09 19:40:47 --> Session: Class initialized using 'CodeIgniter\Session\Handlers\FileHandler' driver.
INFO - 2026-09-09 19:40:49 --> Session: Class initialized using 'CodeIgniter\Session\Handlers\FileHandler' driver.
INFO - 2026-09-09 19:40:51 --> Session: Class initialized using 'CodeIgniter\Session\Handlers\FileHandler' driver.
INFO - 2026-09-09 19:40:52 --> Session: Class initialized using 'CodeIgniter\Session\Handlers\FileHandler' driver.
INFO - 2026-09-09 19:40:55 --> Session: Class initialized using 'CodeIgniter\Session\Handlers\FileHandler' driver.
INFO - 2026-09-09 19:41:00 --> Session: Class initialized using 'CodeIgniter\Session\Handlers\FileHandler' driver.
INFO - 2026-09-09 19:41:02 --> Session: Class initialized using 'CodeIgniter\Session\Handlers\FileHandler' driver.
INFO - 2026-09-09 19:41:16 --> Session: Class initialized using 'CodeIgniter\Session\Handlers\FileHandler' driver.
INFO - 2026-09-09 19:41:17 --> Session: Class initialized using 'CodeIgniter\Session\Handlers\FileHandler' driver.
INFO - 2026-09-09 19:41:20 --> Session: Class initialized using 'CodeIgniter\Session\Handlers\FileHandler' driver.
INFO - 2026-09-09 19:41:22 --> Session: Class initialized using 'CodeIgniter\Session\Handlers\FileHandler' driver.
INFO - 2026-09-09 19:41:28 --> Session: Class initialized using 'CodeIgniter\Session\Handlers\FileHandler' driver.
INFO - 2026-09-09 19:41:30 --> Session: Class initialized using 'CodeIgniter\Session\Handlers\FileHandler' driver.
INFO - 2026-09-09 19:41:31 --> Session: Class initialized using 'CodeIgniter\Session\Handlers\FileHandler' driver.
INFO - 2026-09-09 19:41:36 --> Session: Class initialized using 'CodeIgniter\Session\Handlers\FileHandler' driver.
INFO - 2026-09-09 19:41:36 --> Session: Class initialized using 'CodeIgniter\Session\Handlers\FileHandler' driver.
INFO - 2026-09-09 19:41:45 --> Session: Class initialized using 'CodeIgniter\Session\Handlers\FileHandler' driver.
INFO - 2026-09-09 19:41:48 --> Session: Class initialized using 'CodeIgniter\Session\Handlers\FileHandler' driver.
INFO - 2026-09-09 19:41:51 --> Session: Class initialized using 'CodeIgniter\Session\Handlers\FileHandler' driver.
INFO - 2026-09-09 19:41:54 --> Session: Class initialized using 'CodeIgniter\Session\Handlers\FileHandler' driver.
INFO - 2026-09-09 19:42:58 --> Session: Class initialized using 'CodeIgniter\Session\Handlers\FileHandler' driver.
INFO - 2026-09-09 19:43:02 --> Session: Class initialized using 'CodeIgniter\Session\Handlers\FileHandler' driver.
CRITICAL - 2026-09-09 19:44:16 --> Maximum execution time of 120 seconds exceeded
#0 [internal function]: CodeIgniter\Debug\Exceptions->shutdownHandler()
#1 {main}
INFO - 2026-09-09 19:47:50 --> Session: Class initialized using 'CodeIgniter\Session\Handlers\FileHandler' driver.
INFO - 2026-09-09 19:47:55 --> Session: Class initialized using 'CodeIgniter\Session\Handlers\FileHandler' driver.
INFO - 2026-09-09 19:51:26 --> Session: Class initialized using 'CodeIgniter\Session\Handlers\FileHandler' driver.
INFO - 2026-09-09 19:51:34 --> Session: Class initialized using 'CodeIgniter\Session\Handlers\FileHandler' driver.
INFO - 2026-09-09 19:51:52 --> Session: Class initialized using 'CodeIgniter\Session\Handlers\FileHandler' driver.
INFO - 2026-09-09 19:51:57 --> Session: Class initialized using 'CodeIgniter\Session\Handlers\FileHandler' driver.
INFO - 2026-09-09 19:53:27 --> Session: Class initialized using 'CodeIgniter\Session\Handlers\FileHandler' driver.
INFO - 2026-09-09 19:53:27 --> Session: Class initialized using 'CodeIgniter\Session\Handlers\FileHandler' driver.
INFO - 2026-09-09 19:53:28 --> Session: Class initialized using 'CodeIgniter\Session\Handlers\FileHandler' driver.
INFO - 2026-09-09 19:53:28 --> Session: Class initialized using 'CodeIgniter\Session\Handlers\FileHandler' driver.
INFO - 2026-09-09 19:53:28 --> Session: Class initialized using 'CodeIgniter\Session\Handlers\FileHandler' driver.
INFO - 2026-09-09 19:53:28 --> Session: Class initialized using 'CodeIgniter\Session\Handlers\FileHandler' driver.
INFO - 2026-09-09 19:53:29 --> Session: Class initialized using 'CodeIgniter\Session\Handlers\FileHandler' driver.
INFO - 2026-09-09 19:53:29 --> Session: Class initialized using 'CodeIgniter\Session\Handlers\FileHandler' driver.
INFO - 2026-09-09 19:53:52 --> Session: Class initialized using 'CodeIgniter\Session\Handlers\FileHandler' driver.
INFO - 2026-09-09 19:53:54 --> Session: Class initialized using 'CodeIgniter\Session\Handlers\FileHandler' driver.
INFO - 2026-09-09 19:54:05 --> Session: Class initialized using 'CodeIgniter\Session\Handlers\FileHandler' driver.
INFO - 2026-09-09 19:54:12 --> Session: Class initialized using 'CodeIgniter\Session\Handlers\FileHandler' driver.
INFO - 2026-09-09 19:55:03 --> Session: Class initialized using 'CodeIgniter\Session\Handlers\FileHandler' driver.
INFO - 2026-09-09 19:55:08 --> Session: Class initialized using 'CodeIgniter\Session\Handlers\FileHandler' driver.
INFO - 2026-09-09 19:55:35 --> Session: Class initialized using 'CodeIgniter\Session\Handlers\FileHandler' driver.
INFO - 2026-09-09 19:55:37 --> Session: Class initialized using 'CodeIgniter\Session\Handlers\FileHandler' driver.
INFO - 2026-09-09 19:55:46 --> Session: Class initialized using 'CodeIgniter\Session\Handlers\FileHandler' driver.
INFO - 2026-09-09 19:55:48 --> Session: Class initialized using 'CodeIgniter\Session\Handlers\FileHandler' driver.
INFO - 2026-09-09 19:58:25 --> Session: Class initialized using 'CodeIgniter\Session\Handlers\FileHandler' driver.
INFO - 2026-09-09 19:58:26 --> Session: Class initialized using 'CodeIgniter\Session\Handlers\FileHandler' driver.
INFO - 2026-09-09 19:58:45 --> Session: Class initialized using 'CodeIgniter\Session\Handlers\FileHandler' driver.
INFO - 2026-09-09 19:58:46 --> Session: Class initialized using 'CodeIgniter\Session\Handlers\FileHandler' driver.
INFO - 2026-09-09 19:58:46 --> Session: Class initialized using 'CodeIgniter\Session\Handlers\FileHandler' driver.
INFO - 2026-09-09 19:58:46 --> Session: Class initialized using 'CodeIgniter\Session\Handlers\FileHandler' driver.
INFO - 2026-09-09 20:01:06 --> Session: Class initialized using 'CodeIgniter\Session\Handlers\FileHandler' driver.
INFO - 2026-09-09 20:01:08 --> Session: Class initialized using 'CodeIgniter\Session\Handlers\FileHandler' driver.
INFO - 2026-09-09 20:01:20 --> Session: Class initialized using 'CodeIgniter\Session\Handlers\FileHandler' driver.
INFO - 2026-09-09 20:01:22 --> Session: Class initialized using 'CodeIgniter\Session\Handlers\FileHandler' driver.
INFO - 2026-09-09 20:03:55 --> Session: Class initialized using 'CodeIgniter\Session\Handlers\FileHandler' driver.
INFO - 2026-09-09 20:03:55 --> Session: Class initialized using 'CodeIgniter\Session\Handlers\FileHandler' driver.
INFO - 2026-09-09 20:03:58 --> Session: Class initialized using 'CodeIgniter\Session\Handlers\FileHandler' driver.
INFO - 2026-09-09 20:03:58 --> Session: Class initialized using 'CodeIgniter\Session\Handlers\FileHandler' driver.
INFO - 2026-09-09 20:04:58 --> Session: Class initialized using 'CodeIgniter\Session\Handlers\FileHandler' driver.
INFO - 2026-09-09 20:04:58 --> Session: Class initialized using 'CodeIgniter\Session\Handlers\FileHandler' driver.
INFO - 2026-09-09 20:04:58 --> Session: Class initialized using 'CodeIgniter\Session\Handlers\FileHandler' driver.
INFO - 2026-09-09 20:04:58 --> Session: Class initialized using 'CodeIgniter\Session\Handlers\FileHandler' driver.
INFO - 2026-09-09 20:06:08 --> Session: Class initialized using 'CodeIgniter\Session\Handlers\FileHandler' driver.
INFO - 2026-09-09 20:06:09 --> Session: Class initialized using 'CodeIgniter\Session\Handlers\FileHandler' driver.
INFO - 2026-09-09 20:06:10 --> Session: Class initialized using 'CodeIgniter\Session\Handlers\FileHandler' driver.
INFO - 2026-09-09 20:06:12 --> Session: Class initialized using 'CodeIgniter\Session\Handlers\FileHandler' driver.
INFO - 2026-09-09 20:06:25 --> Session: Class initialized using 'CodeIgniter\Session\Handlers\FileHandler' driver.
INFO - 2026-09-09 20:06:28 --> Session: Class initialized using 'CodeIgniter\Session\Handlers\FileHandler' driver.
INFO - 2026-09-09 20:06:37 --> Session: Class initialized using 'CodeIgniter\Session\Handlers\FileHandler' driver.
INFO - 2026-09-09 20:06:40 --> Session: Class initialized using 'CodeIgniter\Session\Handlers\FileHandler' driver.
INFO - 2026-09-09 20:07:15 --> Session: Class initialized using 'CodeIgniter\Session\Handlers\FileHandler' driver.
INFO - 2026-09-09 20:07:18 --> Session: Class initialized using 'CodeIgniter\Session\Handlers\FileHandler' driver.
INFO - 2026-09-09 20:08:35 --> Session: Class initialized using 'CodeIgniter\Session\Handlers\FileHandler' driver.
INFO - 2026-09-09 20:08:38 --> Session: Class initialized using 'CodeIgniter\Session\Handlers\FileHandler' driver.
INFO - 2026-09-09 20:08:43 --> Session: Class initialized using 'CodeIgniter\Session\Handlers\FileHandler' driver.
INFO - 2026-09-09 20:08:45 --> Session: Class initialized using 'CodeIgniter\Session\Handlers\FileHandler' driver.
INFO - 2026-09-09 20:09:01 --> Session: Class initialized using 'CodeIgniter\Session\Handlers\FileHandler' driver.
INFO - 2026-09-09 20:09:02 --> Session: Class initialized using 'CodeIgniter\Session\Handlers\FileHandler' driver.
INFO - 2026-09-09 20:09:11 --> Session: Class initialized using 'CodeIgniter\Session\Handlers\FileHandler' driver.
INFO - 2026-09-09 20:09:13 --> Session: Class initialized using 'CodeIgniter\Session\Handlers\FileHandler' driver.
INFO - 2026-09-09 20:09:25 --> Session: Class initialized using 'CodeIgniter\Session\Handlers\FileHandler' driver.
INFO - 2026-09-09 20:09:26 --> Session: Class initialized using 'CodeIgniter\Session\Handlers\FileHandler' driver.
INFO - 2026-09-09 20:09:26 --> Session: Class initialized using 'CodeIgniter\Session\Handlers\FileHandler' driver.
INFO - 2026-09-09 20:09:26 --> Session: Class initialized using 'CodeIgniter\Session\Handlers\FileHandler' driver.
INFO - 2026-09-09 20:12:37 --> Session: Class initialized using 'CodeIgniter\Session\Handlers\FileHandler' driver.
INFO - 2026-09-09 20:12:38 --> Session: Class initialized using 'CodeIgniter\Session\Handlers\FileHandler' driver.
INFO - 2026-09-09 20:12:38 --> Session: Class initialized using 'CodeIgniter\Session\Handlers\FileHandler' driver.
INFO - 2026-09-09 20:12:47 --> Session: Class initialized using 'CodeIgniter\Session\Handlers\FileHandler' driver.
INFO - 2026-09-09 20:12:50 --> Session: Class initialized using 'CodeIgniter\Session\Handlers\FileHandler' driver.
INFO - 2026-09-09 21:33:42 --> Session: Class initialized using 'CodeIgniter\Session\Handlers\FileHandler' driver.
INFO - 2026-09-09 21:33:45 --> Session: Class initialized using 'CodeIgniter\Session\Handlers\FileHandler' driver.
INFO - 2026-09-09 21:33:45 --> Session: Class initialized using 'CodeIgniter\Session\Handlers\FileHandler' driver.
INFO - 2026-09-09 21:33:49 --> Session: Class initialized using 'CodeIgniter\Session\Handlers\FileHandler' driver.
INFO - 2026-09-09 21:33:52 --> Session: Class initialized using 'CodeIgniter\Session\Handlers\FileHandler' driver.
INFO - 2026-09-09 21:33:52 --> Session: Class initialized using 'CodeIgniter\Session\Handlers\FileHandler' driver.
INFO - 2026-09-09 21:33:52 --> Session: Class initialized using 'CodeIgniter\Session\Handlers\FileHandler' driver.
INFO - 2026-09-09 21:33:53 --> Session: Class initialized using 'CodeIgniter\Session\Handlers\FileHandler' driver.
INFO - 2026-09-09 21:33:55 --> Session: Class initialized using 'CodeIgniter\Session\Handlers\FileHandler' driver.
INFO - 2026-09-09 21:34:21 --> Session: Class initialized using 'CodeIgniter\Session\Handlers\FileHandler' driver.
INFO - 2026-09-09 21:34:22 --> Session: Class initialized using 'CodeIgniter\Session\Handlers\FileHandler' driver.
INFO - 2026-09-09 21:34:25 --> Session: Class initialized using 'CodeIgniter\Session\Handlers\FileHandler' driver.
INFO - 2026-09-09 21:34:27 --> Session: Class initialized using 'CodeIgniter\Session\Handlers\FileHandler' driver.
CRITICAL - 2026-09-09 21:36:05 --> Maximum execution time of 120 seconds exceeded
#0 [internal function]: CodeIgniter\Debug\Exceptions->shutdownHandler()
#1 {main}
INFO - 2026-09-09 21:50:06 --> Session: Class initialized using 'CodeIgniter\Session\Handlers\FileHandler' driver.
INFO - 2026-09-09 21:50:10 --> Session: Class initialized using 'CodeIgniter\Session\Handlers\FileHandler' driver.
INFO - 2026-09-09 21:50:21 --> Session: Class initialized using 'CodeIgniter\Session\Handlers\FileHandler' driver.
INFO - 2026-09-09 21:50:23 --> Session: Class initialized using 'CodeIgniter\Session\Handlers\FileHandler' driver.
INFO - 2026-09-09 21:51:02 --> Session: Class initialized using 'CodeIgniter\Session\Handlers\FileHandler' driver.
INFO - 2026-09-09 21:51:03 --> Session: Class initialized using 'CodeIgniter\Session\Handlers\FileHandler' driver.
INFO - 2026-09-09 21:51:04 --> Session: Class initialized using 'CodeIgniter\Session\Handlers\FileHandler' driver.
INFO - 2026-09-09 21:51:08 --> Session: Class initialized using 'CodeIgniter\Session\Handlers\FileHandler' driver.
INFO - 2026-09-09 21:57:39 --> Session: Class initialized using 'CodeIgniter\Session\Handlers\FileHandler' driver.
INFO - 2026-09-09 21:57:39 --> Session: Class initialized using 'CodeIgniter\Session\Handlers\FileHandler' driver.
INFO - 2026-09-09 21:57:41 --> Session: Class initialized using 'CodeIgniter\Session\Handlers\FileHandler' driver.
INFO - 2026-09-09 21:57:42 --> Session: Class initialized using 'CodeIgniter\Session\Handlers\FileHandler' driver.
INFO - 2026-09-09 21:58:33 --> Session: Class initialized using 'CodeIgniter\Session\Handlers\FileHandler' driver.
INFO - 2026-09-09 21:58:34 --> Session: Class initialized using 'CodeIgniter\Session\Handlers\FileHandler' driver.
INFO - 2026-09-09 21:58:35 --> Session: Class initialized using 'CodeIgniter\Session\Handlers\FileHandler' driver.
INFO - 2026-09-09 21:58:35 --> Session: Class initialized using 'CodeIgniter\Session\Handlers\FileHandler' driver.
INFO - 2026-09-09 21:58:35 --> Session: Class initialized using 'CodeIgniter\Session\Handlers\FileHandler' driver.
INFO - 2026-09-09 21:58:37 --> Session: Class initialized using 'CodeIgniter\Session\Handlers\FileHandler' driver.
INFO - 2026-09-09 21:58:38 --> Session: Class initialized using 'CodeIgniter\Session\Handlers\FileHandler' driver.
INFO - 2026-09-09 21:58:38 --> Session: Class initialized using 'CodeIgniter\Session\Handlers\FileHandler' driver.
INFO - 2026-09-09 22:02:11 --> Session: Class initialized using 'CodeIgniter\Session\Handlers\FileHandler' driver.
INFO - 2026-09-09 22:02:15 --> Session: Class initialized using 'CodeIgniter\Session\Handlers\FileHandler' driver.
INFO - 2026-09-09 22:02:16 --> Session: Class initialized using 'CodeIgniter\Session\Handlers\FileHandler' driver.
INFO - 2026-09-09 22:02:16 --> Session: Class initialized using 'CodeIgniter\Session\Handlers\FileHandler' driver.
INFO - 2026-09-09 22:02:20 --> Session: Class initialized using 'CodeIgniter\Session\Handlers\FileHandler' driver.
INFO - 2026-09-09 22:02:20 --> Session: Class initialized using 'CodeIgniter\Session\Handlers\FileHandler' driver.
INFO - 2026-09-09 22:02:22 --> Session: Class initialized using 'CodeIgniter\Session\Handlers\FileHandler' driver.
INFO - 2026-09-09 22:02:23 --> Session: Class initialized using 'CodeIgniter\Session\Handlers\FileHandler' driver.
INFO - 2026-09-09 22:02:23 --> Session: Class initialized using 'CodeIgniter\Session\Handlers\FileHandler' driver.
CRITICAL - 2026-09-09 22:02:24 --> unlink(C:\xampp\htdocs\C4\writable\debugbar/debugbar_1788971315.json): No such file or directory
#0 [internal function]: CodeIgniter\Debug\Exceptions->errorHandler(2, 'unlink(C:\\xampp...', 'C:\\xampp\\htdocs...', 78, Array)
#1 C:\xampp\htdocs\C4\system\Debug\Toolbar\Collectors\History.php(78): unlink('C:\\xampp\\htdocs...')
#2 C:\xampp\htdocs\C4\system\Debug\Toolbar.php(441): CodeIgniter\Debug\Toolbar\Collectors\History->setFiles(1788971536, 20)
#3 C:\xampp\htdocs\C4\system\Debug\Toolbar.php(413): CodeIgniter\Debug\Toolbar->format(Array, 'html')
#4 C:\xampp\htdocs\C4\app\Config\Events.php(52): CodeIgniter\Debug\Toolbar->respond()
#5 [internal function]: CodeIgniter\Events\Events::Config\{closure}()
#6 C:\xampp\htdocs\C4\system\Events\Events.php(166): call_user_func(Object(Closure))
#7 C:\xampp\htdocs\C4\system\CodeIgniter.php(314): CodeIgniter\Events\Events::trigger('pre_system')
#8 C:\xampp\htdocs\C4\index.php(44): CodeIgniter\CodeIgniter->run()
#9 {main}
INFO - 2026-09-09 22:02:24 --> Session: Class initialized using 'CodeIgniter\Session\Handlers\FileHandler' driver.
INFO - 2026-09-09 22:02:25 --> Session: Class initialized using 'CodeIgniter\Session\Handlers\FileHandler' driver.
INFO - 2026-09-09 22:02:27 --> Session: Class initialized using 'CodeIgniter\Session\Handlers\FileHandler' driver.
INFO - 2026-09-09 22:02:46 --> Session: Class initialized using 'CodeIgniter\Session\Handlers\FileHandler' driver.
INFO - 2026-09-09 22:02:49 --> Session: Class initialized using 'CodeIgniter\Session\Handlers\FileHandler' driver.
INFO - 2026-09-09 22:03:11 --> Session: Class initialized using 'CodeIgniter\Session\Handlers\FileHandler' driver.
INFO - 2026-09-09 22:03:14 --> Session: Class initialized using 'CodeIgniter\Session\Handlers\FileHandler' driver.
INFO - 2026-09-09 22:03:15 --> Session: Class initialized using 'CodeIgniter\Session\Handlers\FileHandler' driver.
INFO - 2026-09-09 22:03:18 --> Session: Class initialized using 'CodeIgniter\Session\Handlers\FileHandler' driver.
INFO - 2026-09-09 22:03:21 --> Session: Class initialized using 'CodeIgniter\Session\Handlers\FileHandler' driver.
INFO - 2026-09-09 22:03:21 --> Session: Class initialized using 'CodeIgniter\Session\Handlers\FileHandler' driver.
INFO - 2026-09-09 22:03:24 --> Session: Class initialized using 'CodeIgniter\Session\Handlers\FileHandler' driver.
INFO - 2026-09-09 22:03:24 --> Session: Class initialized using 'CodeIgniter\Session\Handlers\FileHandler' driver.
INFO - 2026-09-09 22:03:46 --> Session: Class initialized using 'CodeIgniter\Session\Handlers\FileHandler' driver.
INFO - 2026-09-09 22:03:48 --> Session: Class initialized using 'CodeIgniter\Session\Handlers\FileHandler' driver.
INFO - 2026-09-09 22:05:25 --> Session: Class initialized using 'CodeIgniter\Session\Handlers\FileHandler' driver.
INFO - 2026-09-09 22:05:30 --> Session: Class initialized using 'CodeIgniter\Session\Handlers\FileHandler' driver.
INFO - 2026-09-09 22:05:42 --> Session: Class initialized using 'CodeIgniter\Session\Handlers\FileHandler' driver.
INFO - 2026-09-09 22:05:45 --> Session: Class initialized using 'CodeIgniter\Session\Handlers\FileHandler' driver.
INFO - 2026-09-09 22:12:04 --> Session: Class initialized using 'CodeIgniter\Session\Handlers\FileHandler' driver.
INFO - 2026-09-09 22:12:08 --> Session: Class initialized using 'CodeIgniter\Session\Handlers\FileHandler' driver.
INFO - 2026-09-09 22:12:14 --> Session: Class initialized using 'CodeIgniter\Session\Handlers\FileHandler' driver.
INFO - 2026-09-09 22:12:17 --> Session: Class initialized using 'CodeIgniter\Session\Handlers\FileHandler' driver.
INFO - 2026-09-09 22:12:35 --> Session: Class initialized using 'CodeIgniter\Session\Handlers\FileHandler' driver.
INFO - 2026-09-09 22:12:37 --> Session: Class initialized using 'CodeIgniter\Session\Handlers\FileHandler' driver.
INFO - 2026-09-09 22:12:38 --> Session: Class initialized using 'CodeIgniter\Session\Handlers\FileHandler' driver.
INFO - 2026-09-09 22:12:39 --> Session: Class initialized using 'CodeIgniter\Session\Handlers\FileHandler' driver.
INFO - 2026-09-09 22:12:40 --> Session: Class initialized using 'CodeIgniter\Session\Handlers\FileHandler' driver.
INFO - 2026-09-09 22:12:43 --> Session: Class initialized using 'CodeIgniter\Session\Handlers\FileHandler' driver.
INFO - 2026-09-09 22:20:10 --> Session: Class initialized using 'CodeIgniter\Session\Handlers\FileHandler' driver.
INFO - 2026-09-09 22:20:13 --> Session: Class initialized using 'CodeIgniter\Session\Handlers\FileHandler' driver.
INFO - 2026-09-09 22:20:29 --> Session: Class initialized using 'CodeIgniter\Session\Handlers\FileHandler' driver.
INFO - 2026-09-09 22:20:30 --> Session: Class initialized using 'CodeIgniter\Session\Handlers\FileHandler' driver.
INFO - 2026-09-09 22:21:22 --> Session: Class initialized using 'CodeIgniter\Session\Handlers\FileHandler' driver.
INFO - 2026-09-09 22:21:25 --> Session: Class initialized using 'CodeIgniter\Session\Handlers\FileHandler' driver.
INFO - 2026-09-09 22:30:19 --> Session: Class initialized using 'CodeIgniter\Session\Handlers\FileHandler' driver.
INFO - 2026-09-09 22:30:36 --> Session: Class initialized using 'CodeIgniter\Session\Handlers\FileHandler' driver.
INFO - 2026-09-09 22:33:07 --> Session: Class initialized using 'CodeIgniter\Session\Handlers\FileHandler' driver.
INFO - 2026-09-09 22:33:12 --> Session: Class initialized using 'CodeIgniter\Session\Handlers\FileHandler' driver.
INFO - 2026-09-09 22:33:24 --> Session: Class initialized using 'CodeIgniter\Session\Handlers\FileHandler' driver.
INFO - 2026-09-09 22:33:27 --> Session: Class initialized using 'CodeIgniter\Session\Handlers\FileHandler' driver.
INFO - 2026-09-09 22:33:44 --> Session: Class initialized using 'CodeIgniter\Session\Handlers\FileHandler' driver.
INFO - 2026-09-09 22:33:46 --> Session: Class initialized using 'CodeIgniter\Session\Handlers\FileHandler' driver.
INFO - 2026-09-09 22:43:12 --> Session: Class initialized using 'CodeIgniter\Session\Handlers\FileHandler' driver.
INFO - 2026-09-09 22:43:15 --> Session: Class initialized using 'CodeIgniter\Session\Handlers\FileHandler' driver.
INFO - 2026-09-09 22:45:27 --> Session: Class initialized using 'CodeIgniter\Session\Handlers\FileHandler' driver.
INFO - 2026-09-09 22:45:31 --> Session: Class initialized using 'CodeIgniter\Session\Handlers\FileHandler' driver.
INFO - 2026-09-09 22:51:45 --> Session: Class initialized using 'CodeIgniter\Session\Handlers\FileHandler' driver.
INFO - 2026-09-09 22:51:48 --> Session: Class initialized using 'CodeIgniter\Session\Handlers\FileHandler' driver.
INFO - 2026-09-09 22:52:46 --> Session: Class initialized using 'CodeIgniter\Session\Handlers\FileHandler' driver.
INFO - 2026-09-09 22:52:48 --> Session: Class initialized using 'CodeIgniter\Session\Handlers\FileHandler' driver.
INFO - 2026-09-09 22:55:29 --> Session: Class initialized using 'CodeIgniter\Session\Handlers\FileHandler' driver.
INFO - 2026-09-09 22:55:31 --> Session: Class initialized using 'CodeIgniter\Session\Handlers\FileHandler' driver.
INFO - 2026-09-09 22:55:33 --> Session: Class initialized using 'CodeIgniter\Session\Handlers\FileHandler' driver.
INFO - 2026-09-09 22:55:34 --> Session: Class initialized using 'CodeIgniter\Session\Handlers\FileHandler' driver.
INFO - 2026-09-09 22:55:38 --> Session: Class initialized using 'CodeIgniter\Session\Handlers\FileHandler' driver.
INFO - 2026-09-09 22:55:39 --> Session: Class initialized using 'CodeIgniter\Session\Handlers\FileHandler' driver.
INFO - 2026-09-09 22:55:39 --> Session: Class initialized using 'CodeIgniter\Session\Handlers\FileHandler' driver.
INFO - 2026-09-09 22:56:16 --> Session: Class initialized using 'CodeIgniter\Session\Handlers\FileHandler' driver.
INFO - 2026-09-09 23:17:23 --> Session: Class initialized using 'CodeIgniter\Session\Handlers\FileHandler' driver.
INFO - 2026-09-09 23:17:25 --> Session: Class initialized using 'CodeIgniter\Session\Handlers\FileHandler' driver.
INFO - 2026-09-09 23:26:18 --> Session: Class initialized using 'CodeIgniter\Session\Handlers\FileHandler' driver.
INFO - 2026-09-09 23:26:20 --> Session: Class initialized using 'CodeIgniter\Session\Handlers\FileHandler' driver.
INFO - 2026-09-09 23:26:41 --> Session: Class initialized using 'CodeIgniter\Session\Handlers\FileHandler' driver.
INFO - 2026-09-09 23:26:43 --> Session: Class initialized using 'CodeIgniter\Session\Handlers\FileHandler' driver.
INFO - 2026-09-09 23:28:49 --> Session: Class initialized using 'CodeIgniter\Session\Handlers\FileHandler' driver.
INFO - 2026-09-09 23:28:52 --> Session: Class initialized using 'CodeIgniter\Session\Handlers\FileHandler' driver.
INFO - 2026-09-09 23:29:06 --> Session: Class initialized using 'CodeIgniter\Session\Handlers\FileHandler' driver.
INFO - 2026-09-09 23:29:09 --> Session: Class initialized using 'CodeIgniter\Session\Handlers\FileHandler' driver.
INFO - 2026-09-09 23:29:11 --> Session: Class initialized using 'CodeIgniter\Session\Handlers\FileHandler' driver.
INFO - 2026-09-09 23:29:13 --> Session: Class initialized using 'CodeIgniter\Session\Handlers\FileHandler' driver.
INFO - 2026-09-09 23:32:38 --> Session: Class initialized using 'CodeIgniter\Session\Handlers\FileHandler' driver.
INFO - 2026-09-09 23:32:42 --> Session: Class initialized using 'CodeIgniter\Session\Handlers\FileHandler' driver.
INFO - 2026-09-09 23:33:26 --> Session: Class initialized using 'CodeIgniter\Session\Handlers\FileHandler' driver.
INFO - 2026-09-09 23:33:30 --> Session: Class initialized using 'CodeIgniter\Session\Handlers\FileHandler' driver.
INFO - 2026-09-09 23:33:51 --> Session: Class initialized using 'CodeIgniter\Session\Handlers\FileHandler' driver.
INFO - 2026-09-09 23:33:53 --> Session: Class initialized using 'CodeIgniter\Session\Handlers\FileHandler' driver.
INFO - 2026-09-09 23:33:55 --> Session: Class initialized using 'CodeIgniter\Session\Handlers\FileHandler' driver.
INFO - 2026-09-09 23:33:58 --> Session: Class initialized using 'CodeIgniter\Session\Handlers\FileHandler' driver.
INFO - 2026-09-09 23:39:07 --> Session: Class initialized using 'CodeIgniter\Session\Handlers\FileHandler' driver.
INFO - 2026-09-09 23:39:11 --> Session: Class initialized using 'CodeIgniter\Session\Handlers\FileHandler' driver.
INFO - 2026-09-09 23:39:28 --> Session: Class initialized using 'CodeIgniter\Session\Handlers\FileHandler' driver.
INFO - 2026-09-09 23:39:30 --> Session: Class initialized using 'CodeIgniter\Session\Handlers\FileHandler' driver.
INFO - 2026-09-09 23:42:27 --> Session: Class initialized using 'CodeIgniter\Session\Handlers\FileHandler' driver.
INFO - 2026-09-09 23:42:29 --> Session: Class initialized using 'CodeIgniter\Session\Handlers\FileHandler' driver.
INFO - 2026-09-09 23:44:19 --> Session: Class initialized using 'CodeIgniter\Session\Handlers\FileHandler' driver.
INFO - 2026-09-09 23:44:22 --> Session: Class initialized using 'CodeIgniter\Session\Handlers\FileHandler' driver.
INFO - 2026-09-09 23:50:13 --> Session: Class initialized using 'CodeIgniter\Session\Handlers\FileHandler' driver.
INFO - 2026-09-09 23:50:21 --> Session: Class initialized using 'CodeIgniter\Session\Handlers\FileHandler' driver.
INFO - 2026-09-09 23:50:40 --> Session: Class initialized using 'CodeIgniter\Session\Handlers\FileHandler' driver.
INFO - 2026-09-09 23:50:43 --> Session: Class initialized using 'CodeIgniter\Session\Handlers\FileHandler' driver.
INFO - 2026-09-09 23:55:49 --> Session: Class initialized using 'CodeIgniter\Session\Handlers\FileHandler' driver.
INFO - 2026-09-09 23:55:53 --> Session: Class initialized using 'CodeIgniter\Session\Handlers\FileHandler' driver.
INFO - 2026-09-09 23:56:04 --> Session: Class initialized using 'CodeIgniter\Session\Handlers\FileHandler' driver.
INFO - 2026-09-09 23:56:07 --> Session: Class initialized using 'CodeIgniter\Session\Handlers\FileHandler' driver.
INFO - 2026-09-09 23:56:08 --> Session: Class initialized using 'CodeIgniter\Session\Handlers\FileHandler' driver.
INFO - 2026-09-09 23:56:10 --> Session: Class initialized using 'CodeIgniter\Session\Handlers\FileHandler' driver.
INFO - 2026-09-09 23:57:06 --> Session: Class initialized using 'CodeIgniter\Session\Handlers\FileHandler' driver.
INFO - 2026-09-09 23:57:12 --> Session: Class initialized using 'CodeIgniter\Session\Handlers\FileHandler' driver.
INFO - 2026-09-09 23:57:21 --> Session: Class initialized using 'CodeIgniter\Session\Handlers\FileHandler' driver.
INFO - 2026-09-09 23:57:23 --> Session: Class initialized using 'CodeIgniter\Session\Handlers\FileHandler' driver.
INFO - 2026-09-09 23:57:34 --> Session: Class initialized using 'CodeIgniter\Session\Handlers\FileHandler' driver.
INFO - 2026-09-09 23:57:35 --> Session: Class initialized using 'CodeIgniter\Session\Handlers\FileHandler' driver.
INFO - 2026-09-09 23:57:38 --> Session: Class initialized using 'CodeIgniter\Session\Handlers\FileHandler' driver.
INFO - 2026-09-09 23:57:39 --> Session: Class initialized using 'CodeIgniter\Session\Handlers\FileHandler' driver.
INFO - 2026-09-09 23:57:41 --> Session: Class initialized using 'CodeIgniter\Session\Handlers\FileHandler' driver.
INFO - 2026-09-09 23:57:53 --> Session: Class initialized using 'CodeIgniter\Session\Handlers\FileHandler' driver.
INFO - 2026-09-09 23:57:55 --> Session: Class initialized using 'CodeIgniter\Session\Handlers\FileHandler' driver.
INFO - 2026-09-09 23:58:39 --> Session: Class initialized using 'CodeIgniter\Session\Handlers\FileHandler' driver.
INFO - 2026-09-09 23:58:41 --> Session: Class initialized using 'CodeIgniter\Session\Handlers\FileHandler' driver.
INFO - 2026-09-09 23:59:00 --> Session: Class initialized using 'CodeIgniter\Session\Handlers\FileHandler' driver.
INFO - 2026-09-09 23:59:01 --> Session: Class initialized using 'CodeIgniter\Session\Handlers\FileHandler' driver.
