INFO - 2025-11-24 00:02:55 --> Session: Class initialized using 'CodeIgniter\Session\Handlers\FileHandler' driver.
INFO - 2025-11-24 00:02:57 --> Session: Class initialized using 'CodeIgniter\Session\Handlers\FileHandler' driver.
INFO - 2025-11-24 00:03:00 --> Session: Class initialized using 'CodeIgniter\Session\Handlers\FileHandler' driver.
INFO - 2025-11-24 00:06:02 --> Session: Class initialized using 'CodeIgniter\Session\Handlers\FileHandler' driver.
INFO - 2025-11-24 00:06:29 --> Session: Class initialized using 'CodeIgniter\Session\Handlers\FileHandler' driver.
INFO - 2025-11-24 00:06:33 --> Session: Class initialized using 'CodeIgniter\Session\Handlers\FileHandler' driver.
INFO - 2025-11-24 00:06:51 --> Session: Class initialized using 'CodeIgniter\Session\Handlers\FileHandler' driver.
INFO - 2025-11-24 00:06:52 --> Session: Class initialized using 'CodeIgniter\Session\Handlers\FileHandler' driver.
INFO - 2025-11-24 00:06:55 --> Session: Class initialized using 'CodeIgniter\Session\Handlers\FileHandler' driver.
INFO - 2025-11-24 00:08:59 --> Session: Class initialized using 'CodeIgniter\Session\Handlers\FileHandler' driver.
INFO - 2025-11-24 00:09:01 --> Session: Class initialized using 'CodeIgniter\Session\Handlers\FileHandler' driver.
INFO - 2025-11-24 00:09:04 --> Session: Class initialized using 'CodeIgniter\Session\Handlers\FileHandler' driver.
INFO - 2025-11-24 00:10:55 --> Session: Class initialized using 'CodeIgniter\Session\Handlers\FileHandler' driver.
INFO - 2025-11-24 00:10:56 --> Session: Class initialized using 'CodeIgniter\Session\Handlers\FileHandler' driver.
INFO - 2025-11-24 00:11:01 --> Session: Class initialized using 'CodeIgniter\Session\Handlers\FileHandler' driver.
INFO - 2025-11-24 00:11:23 --> Session: Class initialized using 'CodeIgniter\Session\Handlers\FileHandler' driver.
INFO - 2025-11-24 00:11:25 --> Session: Class initialized using 'CodeIgniter\Session\Handlers\FileHandler' driver.
INFO - 2025-11-24 00:11:28 --> Session: Class initialized using 'CodeIgniter\Session\Handlers\FileHandler' driver.
INFO - 2025-11-24 00:11:54 --> Session: Class initialized using 'CodeIgniter\Session\Handlers\FileHandler' driver.
INFO - 2025-11-24 00:11:59 --> Session: Class initialized using 'CodeIgniter\Session\Handlers\FileHandler' driver.
INFO - 2025-11-24 00:15:35 --> Session: Class initialized using 'CodeIgniter\Session\Handlers\FileHandler' driver.
INFO - 2025-11-24 00:15:37 --> Session: Class initialized using 'CodeIgniter\Session\Handlers\FileHandler' driver.
INFO - 2025-11-24 00:15:43 --> Session: Class initialized using 'CodeIgniter\Session\Handlers\FileHandler' driver.
INFO - 2025-11-24 00:16:01 --> Session: Class initialized using 'CodeIgniter\Session\Handlers\FileHandler' driver.
INFO - 2025-11-24 00:16:05 --> Session: Class initialized using 'CodeIgniter\Session\Handlers\FileHandler' driver.
INFO - 2025-11-24 00:16:11 --> Session: Class initialized using 'CodeIgniter\Session\Handlers\FileHandler' driver.
INFO - 2025-11-24 00:16:12 --> Session: Class initialized using 'CodeIgniter\Session\Handlers\FileHandler' driver.
INFO - 2025-11-24 00:16:15 --> Session: Class initialized using 'CodeIgniter\Session\Handlers\FileHandler' driver.
INFO - 2025-11-24 00:16:26 --> Session: Class initialized using 'CodeIgniter\Session\Handlers\FileHandler' driver.
INFO - 2025-11-24 00:16:30 --> Session: Class initialized using 'CodeIgniter\Session\Handlers\FileHandler' driver.
INFO - 2025-11-24 00:16:37 --> Session: Class initialized using 'CodeIgniter\Session\Handlers\FileHandler' driver.
INFO - 2025-11-24 00:16:38 --> Session: Class initialized using 'CodeIgniter\Session\Handlers\FileHandler' driver.
INFO - 2025-11-24 00:16:42 --> Session: Class initialized using 'CodeIgniter\Session\Handlers\FileHandler' driver.
INFO - 2025-11-24 00:19:05 --> Session: Class initialized using 'CodeIgniter\Session\Handlers\FileHandler' driver.
INFO - 2025-11-24 00:19:11 --> Session: Class initialized using 'CodeIgniter\Session\Handlers\FileHandler' driver.
INFO - 2025-11-24 00:19:13 --> Session: Class initialized using 'CodeIgniter\Session\Handlers\FileHandler' driver.
INFO - 2025-11-24 00:19:15 --> Session: Class initialized using 'CodeIgniter\Session\Handlers\FileHandler' driver.
INFO - 2025-11-24 00:19:23 --> Session: Class initialized using 'CodeIgniter\Session\Handlers\FileHandler' driver.
INFO - 2025-11-24 00:19:26 --> Session: Class initialized using 'CodeIgniter\Session\Handlers\FileHandler' driver.
INFO - 2025-11-24 00:19:33 --> Session: Class initialized using 'CodeIgniter\Session\Handlers\FileHandler' driver.
INFO - 2025-11-24 00:19:40 --> Session: Class initialized using 'CodeIgniter\Session\Handlers\FileHandler' driver.
INFO - 2025-11-24 00:20:04 --> Session: Class initialized using 'CodeIgniter\Session\Handlers\FileHandler' driver.
INFO - 2025-11-24 00:20:08 --> Session: Class initialized using 'CodeIgniter\Session\Handlers\FileHandler' driver.
INFO - 2025-11-24 00:20:32 --> Session: Class initialized using 'CodeIgniter\Session\Handlers\FileHandler' driver.
INFO - 2025-11-24 00:20:37 --> Session: Class initialized using 'CodeIgniter\Session\Handlers\FileHandler' driver.
INFO - 2025-11-24 00:22:14 --> Session: Class initialized using 'CodeIgniter\Session\Handlers\FileHandler' driver.
INFO - 2025-11-24 00:23:47 --> Session: Class initialized using 'CodeIgniter\Session\Handlers\FileHandler' driver.
INFO - 2025-11-24 00:23:55 --> Session: Class initialized using 'CodeIgniter\Session\Handlers\FileHandler' driver.
INFO - 2025-11-24 00:24:01 --> Session: Class initialized using 'CodeIgniter\Session\Handlers\FileHandler' driver.
INFO - 2025-11-24 00:24:07 --> Session: Class initialized using 'CodeIgniter\Session\Handlers\FileHandler' driver.
INFO - 2025-11-24 00:25:57 --> Session: Class initialized using 'CodeIgniter\Session\Handlers\FileHandler' driver.
INFO - 2025-11-24 00:26:19 --> Session: Class initialized using 'CodeIgniter\Session\Handlers\FileHandler' driver.
INFO - 2025-11-24 00:26:36 --> Session: Class initialized using 'CodeIgniter\Session\Handlers\FileHandler' driver.
INFO - 2025-11-24 00:26:42 --> Session: Class initialized using 'CodeIgniter\Session\Handlers\FileHandler' driver.
INFO - 2025-11-24 00:27:07 --> Session: Class initialized using 'CodeIgniter\Session\Handlers\FileHandler' driver.
INFO - 2025-11-24 00:27:12 --> Session: Class initialized using 'CodeIgniter\Session\Handlers\FileHandler' driver.
INFO - 2025-11-24 00:29:16 --> Session: Class initialized using 'CodeIgniter\Session\Handlers\FileHandler' driver.
INFO - 2025-11-24 00:29:25 --> Session: Class initialized using 'CodeIgniter\Session\Handlers\FileHandler' driver.
INFO - 2025-11-24 00:30:14 --> Session: Class initialized using 'CodeIgniter\Session\Handlers\FileHandler' driver.
INFO - 2025-11-24 00:30:17 --> Session: Class initialized using 'CodeIgniter\Session\Handlers\FileHandler' driver.
INFO - 2025-11-24 00:31:55 --> Session: Class initialized using 'CodeIgniter\Session\Handlers\FileHandler' driver.
INFO - 2025-11-24 00:31:59 --> Session: Class initialized using 'CodeIgniter\Session\Handlers\FileHandler' driver.
INFO - 2025-11-24 00:32:15 --> Session: Class initialized using 'CodeIgniter\Session\Handlers\FileHandler' driver.
INFO - 2025-11-24 00:32:17 --> Session: Class initialized using 'CodeIgniter\Session\Handlers\FileHandler' driver.
INFO - 2025-11-24 00:32:47 --> Session: Class initialized using 'CodeIgniter\Session\Handlers\FileHandler' driver.
INFO - 2025-11-24 00:32:48 --> Session: Class initialized using 'CodeIgniter\Session\Handlers\FileHandler' driver.
INFO - 2025-11-24 00:32:51 --> Session: Class initialized using 'CodeIgniter\Session\Handlers\FileHandler' driver.
INFO - 2025-11-24 00:32:52 --> Session: Class initialized using 'CodeIgniter\Session\Handlers\FileHandler' driver.
INFO - 2025-11-24 00:33:45 --> Session: Class initialized using 'CodeIgniter\Session\Handlers\FileHandler' driver.
INFO - 2025-11-24 00:33:47 --> Session: Class initialized using 'CodeIgniter\Session\Handlers\FileHandler' driver.
INFO - 2025-11-24 00:34:03 --> Session: Class initialized using 'CodeIgniter\Session\Handlers\FileHandler' driver.
INFO - 2025-11-24 00:34:04 --> Session: Class initialized using 'CodeIgniter\Session\Handlers\FileHandler' driver.
INFO - 2025-11-24 00:34:42 --> Session: Class initialized using 'CodeIgniter\Session\Handlers\FileHandler' driver.
INFO - 2025-11-24 00:34:43 --> Session: Class initialized using 'CodeIgniter\Session\Handlers\FileHandler' driver.
INFO - 2025-11-24 00:34:45 --> Session: Class initialized using 'CodeIgniter\Session\Handlers\FileHandler' driver.
INFO - 2025-11-24 00:34:48 --> Session: Class initialized using 'CodeIgniter\Session\Handlers\FileHandler' driver.
INFO - 2025-11-24 00:35:02 --> Session: Class initialized using 'CodeIgniter\Session\Handlers\FileHandler' driver.
INFO - 2025-11-24 00:35:03 --> Session: Class initialized using 'CodeIgniter\Session\Handlers\FileHandler' driver.
INFO - 2025-11-24 00:35:05 --> Session: Class initialized using 'CodeIgniter\Session\Handlers\FileHandler' driver.
INFO - 2025-11-24 00:35:06 --> Session: Class initialized using 'CodeIgniter\Session\Handlers\FileHandler' driver.
INFO - 2025-11-24 00:35:39 --> Session: Class initialized using 'CodeIgniter\Session\Handlers\FileHandler' driver.
INFO - 2025-11-24 00:35:40 --> Session: Class initialized using 'CodeIgniter\Session\Handlers\FileHandler' driver.
INFO - 2025-11-24 10:53:44 --> Session: Class initialized using 'CodeIgniter\Session\Handlers\FileHandler' driver.
INFO - 2025-11-24 10:53:49 --> Session: Class initialized using 'CodeIgniter\Session\Handlers\FileHandler' driver.
INFO - 2025-11-24 10:53:51 --> Session: Class initialized using 'CodeIgniter\Session\Handlers\FileHandler' driver.
INFO - 2025-11-24 10:54:16 --> Session: Class initialized using 'CodeIgniter\Session\Handlers\FileHandler' driver.
INFO - 2025-11-24 10:54:17 --> Session: Class initialized using 'CodeIgniter\Session\Handlers\FileHandler' driver.
CRITICAL - 2025-11-24 10:56:21 --> Maximum execution time of 120 seconds exceeded
#0 [internal function]: CodeIgniter\Debug\Exceptions->shutdownHandler()
#1 {main}
INFO - 2025-11-24 10:56:39 --> Session: Class initialized using 'CodeIgniter\Session\Handlers\FileHandler' driver.
INFO - 2025-11-24 10:56:41 --> Session: Class initialized using 'CodeIgniter\Session\Handlers\FileHandler' driver.
INFO - 2025-11-24 10:56:55 --> Session: Class initialized using 'CodeIgniter\Session\Handlers\FileHandler' driver.
INFO - 2025-11-24 10:56:56 --> Session: Class initialized using 'CodeIgniter\Session\Handlers\FileHandler' driver.
INFO - 2025-11-24 10:57:00 --> Session: Class initialized using 'CodeIgniter\Session\Handlers\FileHandler' driver.
INFO - 2025-11-24 10:57:08 --> Session: Class initialized using 'CodeIgniter\Session\Handlers\FileHandler' driver.
INFO - 2025-11-24 10:57:15 --> Session: Class initialized using 'CodeIgniter\Session\Handlers\FileHandler' driver.
INFO - 2025-11-24 10:57:16 --> Session: Class initialized using 'CodeIgniter\Session\Handlers\FileHandler' driver.
INFO - 2025-11-24 10:57:24 --> Session: Class initialized using 'CodeIgniter\Session\Handlers\FileHandler' driver.
INFO - 2025-11-24 10:57:25 --> Session: Class initialized using 'CodeIgniter\Session\Handlers\FileHandler' driver.
INFO - 2025-11-24 11:00:48 --> Session: Class initialized using 'CodeIgniter\Session\Handlers\FileHandler' driver.
INFO - 2025-11-24 11:00:50 --> Session: Class initialized using 'CodeIgniter\Session\Handlers\FileHandler' driver.
INFO - 2025-11-24 11:00:55 --> Session: Class initialized using 'CodeIgniter\Session\Handlers\FileHandler' driver.
INFO - 2025-11-24 11:00:58 --> Session: Class initialized using 'CodeIgniter\Session\Handlers\FileHandler' driver.
INFO - 2025-11-24 11:01:01 --> Session: Class initialized using 'CodeIgniter\Session\Handlers\FileHandler' driver.
INFO - 2025-11-24 11:01:16 --> Session: Class initialized using 'CodeIgniter\Session\Handlers\FileHandler' driver.
INFO - 2025-11-24 11:01:17 --> Session: Class initialized using 'CodeIgniter\Session\Handlers\FileHandler' driver.
INFO - 2025-11-24 11:01:21 --> Session: Class initialized using 'CodeIgniter\Session\Handlers\FileHandler' driver.
INFO - 2025-11-24 11:01:24 --> Session: Class initialized using 'CodeIgniter\Session\Handlers\FileHandler' driver.
INFO - 2025-11-24 11:01:36 --> Session: Class initialized using 'CodeIgniter\Session\Handlers\FileHandler' driver.
INFO - 2025-11-24 11:02:17 --> Session: Class initialized using 'CodeIgniter\Session\Handlers\FileHandler' driver.
INFO - 2025-11-24 11:02:21 --> Session: Class initialized using 'CodeIgniter\Session\Handlers\FileHandler' driver.
INFO - 2025-11-24 11:02:38 --> Session: Class initialized using 'CodeIgniter\Session\Handlers\FileHandler' driver.
INFO - 2025-11-24 11:02:42 --> Session: Class initialized using 'CodeIgniter\Session\Handlers\FileHandler' driver.
INFO - 2025-11-24 11:02:55 --> Session: Class initialized using 'CodeIgniter\Session\Handlers\FileHandler' driver.
INFO - 2025-11-24 11:02:56 --> Session: Class initialized using 'CodeIgniter\Session\Handlers\FileHandler' driver.
INFO - 2025-11-24 11:02:59 --> Session: Class initialized using 'CodeIgniter\Session\Handlers\FileHandler' driver.
INFO - 2025-11-24 11:03:16 --> Session: Class initialized using 'CodeIgniter\Session\Handlers\FileHandler' driver.
INFO - 2025-11-24 11:03:17 --> Session: Class initialized using 'CodeIgniter\Session\Handlers\FileHandler' driver.
INFO - 2025-11-24 11:03:21 --> Session: Class initialized using 'CodeIgniter\Session\Handlers\FileHandler' driver.
INFO - 2025-11-24 11:03:36 --> Session: Class initialized using 'CodeIgniter\Session\Handlers\FileHandler' driver.
INFO - 2025-11-24 11:03:41 --> Session: Class initialized using 'CodeIgniter\Session\Handlers\FileHandler' driver.
INFO - 2025-11-24 11:03:42 --> Session: Class initialized using 'CodeIgniter\Session\Handlers\FileHandler' driver.
INFO - 2025-11-24 11:04:05 --> Session: Class initialized using 'CodeIgniter\Session\Handlers\FileHandler' driver.
INFO - 2025-11-24 11:04:10 --> Session: Class initialized using 'CodeIgniter\Session\Handlers\FileHandler' driver.
INFO - 2025-11-24 11:05:39 --> Session: Class initialized using 'CodeIgniter\Session\Handlers\FileHandler' driver.
INFO - 2025-11-24 11:05:40 --> Session: Class initialized using 'CodeIgniter\Session\Handlers\FileHandler' driver.
INFO - 2025-11-24 11:05:50 --> Session: Class initialized using 'CodeIgniter\Session\Handlers\FileHandler' driver.
INFO - 2025-11-24 11:05:52 --> Session: Class initialized using 'CodeIgniter\Session\Handlers\FileHandler' driver.
INFO - 2025-11-24 11:05:53 --> Session: Class initialized using 'CodeIgniter\Session\Handlers\FileHandler' driver.
INFO - 2025-11-24 11:05:55 --> Session: Class initialized using 'CodeIgniter\Session\Handlers\FileHandler' driver.
INFO - 2025-11-24 11:09:56 --> Session: Class initialized using 'CodeIgniter\Session\Handlers\FileHandler' driver.
INFO - 2025-11-24 11:10:01 --> Session: Class initialized using 'CodeIgniter\Session\Handlers\FileHandler' driver.
INFO - 2025-11-24 11:13:36 --> Session: Class initialized using 'CodeIgniter\Session\Handlers\FileHandler' driver.
INFO - 2025-11-24 11:13:40 --> Session: Class initialized using 'CodeIgniter\Session\Handlers\FileHandler' driver.
INFO - 2025-11-24 11:18:49 --> Session: Class initialized using 'CodeIgniter\Session\Handlers\FileHandler' driver.
INFO - 2025-11-24 11:18:56 --> Session: Class initialized using 'CodeIgniter\Session\Handlers\FileHandler' driver.
INFO - 2025-11-24 11:26:58 --> Session: Class initialized using 'CodeIgniter\Session\Handlers\FileHandler' driver.
INFO - 2025-11-24 11:27:04 --> Session: Class initialized using 'CodeIgniter\Session\Handlers\FileHandler' driver.
INFO - 2025-11-24 11:27:13 --> Session: Class initialized using 'CodeIgniter\Session\Handlers\FileHandler' driver.
INFO - 2025-11-24 12:20:18 --> Session: Class initialized using 'CodeIgniter\Session\Handlers\FileHandler' driver.
INFO - 2025-11-24 12:20:24 --> Session: Class initialized using 'CodeIgniter\Session\Handlers\FileHandler' driver.
INFO - 2025-11-24 13:49:19 --> Session: Class initialized using 'CodeIgniter\Session\Handlers\FileHandler' driver.
INFO - 2025-11-24 13:49:27 --> Session: Class initialized using 'CodeIgniter\Session\Handlers\FileHandler' driver.
INFO - 2025-11-24 13:51:45 --> Session: Class initialized using 'CodeIgniter\Session\Handlers\FileHandler' driver.
INFO - 2025-11-24 13:52:01 --> Session: Class initialized using 'CodeIgniter\Session\Handlers\FileHandler' driver.
INFO - 2025-11-24 13:53:13 --> Session: Class initialized using 'CodeIgniter\Session\Handlers\FileHandler' driver.
INFO - 2025-11-24 13:53:27 --> Session: Class initialized using 'CodeIgniter\Session\Handlers\FileHandler' driver.
INFO - 2025-11-24 13:53:56 --> Session: Class initialized using 'CodeIgniter\Session\Handlers\FileHandler' driver.
INFO - 2025-11-24 13:54:02 --> Session: Class initialized using 'CodeIgniter\Session\Handlers\FileHandler' driver.
INFO - 2025-11-24 13:56:21 --> Session: Class initialized using 'CodeIgniter\Session\Handlers\FileHandler' driver.
INFO - 2025-11-24 13:56:26 --> Session: Class initialized using 'CodeIgniter\Session\Handlers\FileHandler' driver.
INFO - 2025-11-24 14:02:10 --> Session: Class initialized using 'CodeIgniter\Session\Handlers\FileHandler' driver.
INFO - 2025-11-24 14:02:16 --> Session: Class initialized using 'CodeIgniter\Session\Handlers\FileHandler' driver.
CRITICAL - 2025-11-24 14:02:19 --> Undefined index: rows
#0 C:\xampp\htdocs\C4\app\Controllers\Purchaseinv.php(896): CodeIgniter\Debug\Exceptions->errorHandler(8, 'Undefined index...', 'C:\\xampp\\htdocs...', 896, Array)
#1 C:\xampp\htdocs\C4\system\CodeIgniter.php(936): App\Controllers\Purchaseinv->loadhsn()
#2 C:\xampp\htdocs\C4\system\CodeIgniter.php(432): CodeIgniter\CodeIgniter->runController(Object(App\Controllers\Purchaseinv))
#3 C:\xampp\htdocs\C4\system\CodeIgniter.php(333): CodeIgniter\CodeIgniter->handleRequest(NULL, Object(Config\Cache), false)
#4 C:\xampp\htdocs\C4\index.php(44): CodeIgniter\CodeIgniter->run()
#5 {main}
INFO - 2025-11-24 14:05:26 --> Session: Class initialized using 'CodeIgniter\Session\Handlers\FileHandler' driver.
INFO - 2025-11-24 14:05:30 --> Session: Class initialized using 'CodeIgniter\Session\Handlers\FileHandler' driver.
INFO - 2025-11-24 14:06:08 --> Session: Class initialized using 'CodeIgniter\Session\Handlers\FileHandler' driver.
INFO - 2025-11-24 14:06:14 --> Session: Class initialized using 'CodeIgniter\Session\Handlers\FileHandler' driver.
INFO - 2025-11-24 14:08:01 --> Session: Class initialized using 'CodeIgniter\Session\Handlers\FileHandler' driver.
INFO - 2025-11-24 14:08:06 --> Session: Class initialized using 'CodeIgniter\Session\Handlers\FileHandler' driver.
INFO - 2025-11-24 14:09:08 --> Session: Class initialized using 'CodeIgniter\Session\Handlers\FileHandler' driver.
INFO - 2025-11-24 14:09:21 --> Session: Class initialized using 'CodeIgniter\Session\Handlers\FileHandler' driver.
INFO - 2025-11-24 14:09:22 --> Session: Class initialized using 'CodeIgniter\Session\Handlers\FileHandler' driver.
INFO - 2025-11-24 14:11:05 --> Session: Class initialized using 'CodeIgniter\Session\Handlers\FileHandler' driver.
INFO - 2025-11-24 14:11:06 --> Session: Class initialized using 'CodeIgniter\Session\Handlers\FileHandler' driver.
INFO - 2025-11-24 14:11:07 --> Session: Class initialized using 'CodeIgniter\Session\Handlers\FileHandler' driver.
INFO - 2025-11-24 14:11:36 --> Session: Class initialized using 'CodeIgniter\Session\Handlers\FileHandler' driver.
INFO - 2025-11-24 14:11:37 --> Session: Class initialized using 'CodeIgniter\Session\Handlers\FileHandler' driver.
INFO - 2025-11-24 14:11:46 --> Session: Class initialized using 'CodeIgniter\Session\Handlers\FileHandler' driver.
INFO - 2025-11-24 14:11:48 --> Session: Class initialized using 'CodeIgniter\Session\Handlers\FileHandler' driver.
INFO - 2025-11-24 14:12:16 --> Session: Class initialized using 'CodeIgniter\Session\Handlers\FileHandler' driver.
INFO - 2025-11-24 14:12:21 --> Session: Class initialized using 'CodeIgniter\Session\Handlers\FileHandler' driver.
INFO - 2025-11-24 14:12:29 --> Session: Class initialized using 'CodeIgniter\Session\Handlers\FileHandler' driver.
INFO - 2025-11-24 14:12:30 --> Session: Class initialized using 'CodeIgniter\Session\Handlers\FileHandler' driver.
INFO - 2025-11-24 14:12:33 --> Session: Class initialized using 'CodeIgniter\Session\Handlers\FileHandler' driver.
INFO - 2025-11-24 14:12:39 --> Session: Class initialized using 'CodeIgniter\Session\Handlers\FileHandler' driver.
INFO - 2025-11-24 14:12:43 --> Session: Class initialized using 'CodeIgniter\Session\Handlers\FileHandler' driver.
INFO - 2025-11-24 14:12:53 --> Session: Class initialized using 'CodeIgniter\Session\Handlers\FileHandler' driver.
INFO - 2025-11-24 14:13:33 --> Session: Class initialized using 'CodeIgniter\Session\Handlers\FileHandler' driver.
INFO - 2025-11-24 14:13:34 --> Session: Class initialized using 'CodeIgniter\Session\Handlers\FileHandler' driver.
INFO - 2025-11-24 14:13:44 --> Session: Class initialized using 'CodeIgniter\Session\Handlers\FileHandler' driver.
INFO - 2025-11-24 14:13:45 --> Session: Class initialized using 'CodeIgniter\Session\Handlers\FileHandler' driver.
INFO - 2025-11-24 14:13:52 --> Session: Class initialized using 'CodeIgniter\Session\Handlers\FileHandler' driver.
INFO - 2025-11-24 14:13:53 --> Session: Class initialized using 'CodeIgniter\Session\Handlers\FileHandler' driver.
INFO - 2025-11-24 14:14:05 --> Session: Class initialized using 'CodeIgniter\Session\Handlers\FileHandler' driver.
INFO - 2025-11-24 14:14:06 --> Session: Class initialized using 'CodeIgniter\Session\Handlers\FileHandler' driver.
INFO - 2025-11-24 14:14:20 --> Session: Class initialized using 'CodeIgniter\Session\Handlers\FileHandler' driver.
INFO - 2025-11-24 14:14:21 --> Session: Class initialized using 'CodeIgniter\Session\Handlers\FileHandler' driver.
INFO - 2025-11-24 14:14:37 --> Session: Class initialized using 'CodeIgniter\Session\Handlers\FileHandler' driver.
INFO - 2025-11-24 14:27:56 --> Session: Class initialized using 'CodeIgniter\Session\Handlers\FileHandler' driver.
INFO - 2025-11-24 14:30:01 --> Session: Class initialized using 'CodeIgniter\Session\Handlers\FileHandler' driver.
INFO - 2025-11-24 14:30:06 --> Session: Class initialized using 'CodeIgniter\Session\Handlers\FileHandler' driver.
INFO - 2025-11-24 14:30:16 --> Session: Class initialized using 'CodeIgniter\Session\Handlers\FileHandler' driver.
INFO - 2025-11-24 14:31:24 --> Session: Class initialized using 'CodeIgniter\Session\Handlers\FileHandler' driver.
INFO - 2025-11-24 14:31:28 --> Session: Class initialized using 'CodeIgniter\Session\Handlers\FileHandler' driver.
INFO - 2025-11-24 14:32:08 --> Session: Class initialized using 'CodeIgniter\Session\Handlers\FileHandler' driver.
INFO - 2025-11-24 14:32:20 --> Session: Class initialized using 'CodeIgniter\Session\Handlers\FileHandler' driver.
INFO - 2025-11-24 14:32:21 --> Session: Class initialized using 'CodeIgniter\Session\Handlers\FileHandler' driver.
INFO - 2025-11-24 14:32:27 --> Session: Class initialized using 'CodeIgniter\Session\Handlers\FileHandler' driver.
INFO - 2025-11-24 14:33:44 --> Session: Class initialized using 'CodeIgniter\Session\Handlers\FileHandler' driver.
INFO - 2025-11-24 14:33:45 --> Session: Class initialized using 'CodeIgniter\Session\Handlers\FileHandler' driver.
INFO - 2025-11-24 14:33:48 --> Session: Class initialized using 'CodeIgniter\Session\Handlers\FileHandler' driver.
INFO - 2025-11-24 14:34:41 --> Session: Class initialized using 'CodeIgniter\Session\Handlers\FileHandler' driver.
INFO - 2025-11-24 14:34:43 --> Session: Class initialized using 'CodeIgniter\Session\Handlers\FileHandler' driver.
INFO - 2025-11-24 14:34:46 --> Session: Class initialized using 'CodeIgniter\Session\Handlers\FileHandler' driver.
INFO - 2025-11-24 14:34:50 --> Session: Class initialized using 'CodeIgniter\Session\Handlers\FileHandler' driver.
INFO - 2025-11-24 14:35:52 --> Session: Class initialized using 'CodeIgniter\Session\Handlers\FileHandler' driver.
INFO - 2025-11-24 14:35:53 --> Session: Class initialized using 'CodeIgniter\Session\Handlers\FileHandler' driver.
INFO - 2025-11-24 14:35:57 --> Session: Class initialized using 'CodeIgniter\Session\Handlers\FileHandler' driver.
INFO - 2025-11-24 14:36:05 --> Session: Class initialized using 'CodeIgniter\Session\Handlers\FileHandler' driver.
INFO - 2025-11-24 14:36:12 --> Session: Class initialized using 'CodeIgniter\Session\Handlers\FileHandler' driver.
INFO - 2025-11-24 14:36:16 --> Session: Class initialized using 'CodeIgniter\Session\Handlers\FileHandler' driver.
INFO - 2025-11-24 14:36:19 --> Session: Class initialized using 'CodeIgniter\Session\Handlers\FileHandler' driver.
INFO - 2025-11-24 14:38:08 --> Session: Class initialized using 'CodeIgniter\Session\Handlers\FileHandler' driver.
INFO - 2025-11-24 14:38:11 --> Session: Class initialized using 'CodeIgniter\Session\Handlers\FileHandler' driver.
INFO - 2025-11-24 14:38:13 --> Session: Class initialized using 'CodeIgniter\Session\Handlers\FileHandler' driver.
INFO - 2025-11-24 14:38:15 --> Session: Class initialized using 'CodeIgniter\Session\Handlers\FileHandler' driver.
INFO - 2025-11-24 14:38:19 --> Session: Class initialized using 'CodeIgniter\Session\Handlers\FileHandler' driver.
INFO - 2025-11-24 14:39:44 --> Session: Class initialized using 'CodeIgniter\Session\Handlers\FileHandler' driver.
INFO - 2025-11-24 14:39:46 --> Session: Class initialized using 'CodeIgniter\Session\Handlers\FileHandler' driver.
INFO - 2025-11-24 14:39:49 --> Session: Class initialized using 'CodeIgniter\Session\Handlers\FileHandler' driver.
INFO - 2025-11-24 14:39:51 --> Session: Class initialized using 'CodeIgniter\Session\Handlers\FileHandler' driver.
INFO - 2025-11-24 14:40:09 --> Session: Class initialized using 'CodeIgniter\Session\Handlers\FileHandler' driver.
INFO - 2025-11-24 14:40:14 --> Session: Class initialized using 'CodeIgniter\Session\Handlers\FileHandler' driver.
INFO - 2025-11-24 14:40:18 --> Session: Class initialized using 'CodeIgniter\Session\Handlers\FileHandler' driver.
INFO - 2025-11-24 14:40:22 --> Session: Class initialized using 'CodeIgniter\Session\Handlers\FileHandler' driver.
INFO - 2025-11-24 14:40:32 --> Session: Class initialized using 'CodeIgniter\Session\Handlers\FileHandler' driver.
INFO - 2025-11-24 14:40:33 --> Session: Class initialized using 'CodeIgniter\Session\Handlers\FileHandler' driver.
INFO - 2025-11-24 14:40:38 --> Session: Class initialized using 'CodeIgniter\Session\Handlers\FileHandler' driver.
INFO - 2025-11-24 14:41:00 --> Session: Class initialized using 'CodeIgniter\Session\Handlers\FileHandler' driver.
INFO - 2025-11-24 14:41:01 --> Session: Class initialized using 'CodeIgniter\Session\Handlers\FileHandler' driver.
INFO - 2025-11-24 14:41:04 --> Session: Class initialized using 'CodeIgniter\Session\Handlers\FileHandler' driver.
INFO - 2025-11-24 14:41:05 --> Session: Class initialized using 'CodeIgniter\Session\Handlers\FileHandler' driver.
INFO - 2025-11-24 14:41:10 --> Session: Class initialized using 'CodeIgniter\Session\Handlers\FileHandler' driver.
INFO - 2025-11-24 14:41:11 --> Session: Class initialized using 'CodeIgniter\Session\Handlers\FileHandler' driver.
INFO - 2025-11-24 14:41:14 --> Session: Class initialized using 'CodeIgniter\Session\Handlers\FileHandler' driver.
INFO - 2025-11-24 14:41:16 --> Session: Class initialized using 'CodeIgniter\Session\Handlers\FileHandler' driver.
INFO - 2025-11-24 14:41:20 --> Session: Class initialized using 'CodeIgniter\Session\Handlers\FileHandler' driver.
INFO - 2025-11-24 14:41:22 --> Session: Class initialized using 'CodeIgniter\Session\Handlers\FileHandler' driver.
INFO - 2025-11-24 14:41:27 --> Session: Class initialized using 'CodeIgniter\Session\Handlers\FileHandler' driver.
INFO - 2025-11-24 14:41:29 --> Session: Class initialized using 'CodeIgniter\Session\Handlers\FileHandler' driver.
INFO - 2025-11-24 14:42:23 --> Session: Class initialized using 'CodeIgniter\Session\Handlers\FileHandler' driver.
INFO - 2025-11-24 14:42:29 --> Session: Class initialized using 'CodeIgniter\Session\Handlers\FileHandler' driver.
INFO - 2025-11-24 14:42:53 --> Session: Class initialized using 'CodeIgniter\Session\Handlers\FileHandler' driver.
INFO - 2025-11-24 14:42:54 --> Session: Class initialized using 'CodeIgniter\Session\Handlers\FileHandler' driver.
INFO - 2025-11-24 14:42:59 --> Session: Class initialized using 'CodeIgniter\Session\Handlers\FileHandler' driver.
INFO - 2025-11-24 14:43:00 --> Session: Class initialized using 'CodeIgniter\Session\Handlers\FileHandler' driver.
INFO - 2025-11-24 14:43:56 --> Session: Class initialized using 'CodeIgniter\Session\Handlers\FileHandler' driver.
INFO - 2025-11-24 14:43:57 --> Session: Class initialized using 'CodeIgniter\Session\Handlers\FileHandler' driver.
INFO - 2025-11-24 15:06:22 --> Session: Class initialized using 'CodeIgniter\Session\Handlers\FileHandler' driver.
INFO - 2025-11-24 15:06:24 --> Session: Class initialized using 'CodeIgniter\Session\Handlers\FileHandler' driver.
INFO - 2025-11-24 15:12:20 --> Session: Class initialized using 'CodeIgniter\Session\Handlers\FileHandler' driver.
INFO - 2025-11-24 15:12:22 --> Session: Class initialized using 'CodeIgniter\Session\Handlers\FileHandler' driver.
INFO - 2025-11-24 15:12:23 --> Session: Class initialized using 'CodeIgniter\Session\Handlers\FileHandler' driver.
INFO - 2025-11-24 15:12:25 --> Session: Class initialized using 'CodeIgniter\Session\Handlers\FileHandler' driver.
INFO - 2025-11-24 15:12:57 --> Session: Class initialized using 'CodeIgniter\Session\Handlers\FileHandler' driver.
INFO - 2025-11-24 15:12:59 --> Session: Class initialized using 'CodeIgniter\Session\Handlers\FileHandler' driver.
INFO - 2025-11-24 15:13:25 --> Session: Class initialized using 'CodeIgniter\Session\Handlers\FileHandler' driver.
ERROR - 2025-11-24 15:13:25 --> mysqli_sql_exception: Column 'c_name' cannot be null in C:\xampp\htdocs\C4\system\Database\MySQLi\Connection.php:314
Stack trace:
#0 C:\xampp\htdocs\C4\system\Database\MySQLi\Connection.php(314): mysqli->query('INSERT INTO `cl...')
#1 C:\xampp\htdocs\C4\system\Database\BaseConnection.php(713): CodeIgniter\Database\MySQLi\Connection->execute('INSERT INTO `cl...')
#2 C:\xampp\htdocs\C4\system\Database\BaseConnection.php(641): CodeIgniter\Database\BaseConnection->simpleQuery('INSERT INTO `cl...')
#3 C:\xampp\htdocs\C4\system\Database\BaseBuilder.php(2263): CodeIgniter\Database\BaseConnection->query('INSERT INTO `cl...', Array, false)
#4 C:\xampp\htdocs\C4\system\Model.php(278): CodeIgniter\Database\BaseBuilder->insert()
#5 C:\xampp\htdocs\C4\system\BaseModel.php(758): CodeIgniter\Model->doInsert(Array)
#6 C:\xampp\htdocs\C4\system\Model.php(705): CodeIgniter\BaseModel->insert(Array, true)
#7 C:\xampp\htdocs\C4\app\Models\Client_model.php(27): CodeIgniter\Model->insert(Array)
#8 C:\xampp\htdocs\C4\app\Controllers\Client.php(226): App\Models\Client_model->saverecords(Array)
#9 C:\xampp\htdocs\C4\system\CodeIgniter.php(936): App\Controllers\Client->insert()
#10 C:\xampp\htdocs\C4\system\CodeIgniter.php(432): CodeIgniter\CodeIgniter->runController(Object(App\Controllers\Client))
#11 C:\xampp\htdocs\C4\system\CodeIgniter.php(333): CodeIgniter\CodeIgniter->handleRequest(NULL, Object(Config\Cache), false)
#12 C:\xampp\htdocs\C4\index.php(44): CodeIgniter\CodeIgniter->run()
#13 {main}
CRITICAL - 2025-11-24 15:13:25 --> Column 'c_name' cannot be null
#0 C:\xampp\htdocs\C4\system\Database\MySQLi\Connection.php(314): mysqli->query('INSERT INTO `cl...')
#1 C:\xampp\htdocs\C4\system\Database\BaseConnection.php(713): CodeIgniter\Database\MySQLi\Connection->execute('INSERT INTO `cl...')
#2 C:\xampp\htdocs\C4\system\Database\BaseConnection.php(641): CodeIgniter\Database\BaseConnection->simpleQuery('INSERT INTO `cl...')
#3 C:\xampp\htdocs\C4\system\Database\BaseBuilder.php(2263): CodeIgniter\Database\BaseConnection->query('INSERT INTO `cl...', Array, false)
#4 C:\xampp\htdocs\C4\system\Model.php(278): CodeIgniter\Database\BaseBuilder->insert()
#5 C:\xampp\htdocs\C4\system\BaseModel.php(758): CodeIgniter\Model->doInsert(Array)
#6 C:\xampp\htdocs\C4\system\Model.php(705): CodeIgniter\BaseModel->insert(Array, true)
#7 C:\xampp\htdocs\C4\app\Models\Client_model.php(27): CodeIgniter\Model->insert(Array)
#8 C:\xampp\htdocs\C4\app\Controllers\Client.php(226): App\Models\Client_model->saverecords(Array)
#9 C:\xampp\htdocs\C4\system\CodeIgniter.php(936): App\Controllers\Client->insert()
#10 C:\xampp\htdocs\C4\system\CodeIgniter.php(432): CodeIgniter\CodeIgniter->runController(Object(App\Controllers\Client))
#11 C:\xampp\htdocs\C4\system\CodeIgniter.php(333): CodeIgniter\CodeIgniter->handleRequest(NULL, Object(Config\Cache), false)
#12 C:\xampp\htdocs\C4\index.php(44): CodeIgniter\CodeIgniter->run()
#13 {main}
CRITICAL - 2025-11-24 15:13:25 --> Uncaught ErrorException: Undefined variable: viewFile in C:\xampp\htdocs\C4\system\Debug\Exceptions.php:281
Stack trace:
#0 C:\xampp\htdocs\C4\system\Debug\Exceptions.php(281): CodeIgniter\Debug\Exceptions->errorHandler(8, 'Undefined varia...', 'C:\\xampp\\htdocs...', 281, Array)
#1 C:\xampp\htdocs\C4\system\Debug\Exceptions.php(281): include()
#2 C:\xampp\htdocs\C4\system\Debug\Exceptions.php(147): CodeIgniter\Debug\Exceptions->render(Object(mysqli_sql_exception), 500)
#3 [internal function]: CodeIgniter\Debug\Exceptions->exceptionHandler(Object(mysqli_sql_exception))
#4 {main}
  thrown
#0 [internal function]: CodeIgniter\Debug\Exceptions->shutdownHandler()
#1 {main}
INFO - 2025-11-24 15:14:19 --> Session: Class initialized using 'CodeIgniter\Session\Handlers\FileHandler' driver.
INFO - 2025-11-24 15:14:21 --> Session: Class initialized using 'CodeIgniter\Session\Handlers\FileHandler' driver.
INFO - 2025-11-24 15:14:38 --> Session: Class initialized using 'CodeIgniter\Session\Handlers\FileHandler' driver.
ERROR - 2025-11-24 15:14:38 --> mysqli_sql_exception: Column 'c_name' cannot be null in C:\xampp\htdocs\C4\system\Database\MySQLi\Connection.php:314
Stack trace:
#0 C:\xampp\htdocs\C4\system\Database\MySQLi\Connection.php(314): mysqli->query('INSERT INTO `cl...')
#1 C:\xampp\htdocs\C4\system\Database\BaseConnection.php(713): CodeIgniter\Database\MySQLi\Connection->execute('INSERT INTO `cl...')
#2 C:\xampp\htdocs\C4\system\Database\BaseConnection.php(641): CodeIgniter\Database\BaseConnection->simpleQuery('INSERT INTO `cl...')
#3 C:\xampp\htdocs\C4\system\Database\BaseBuilder.php(2263): CodeIgniter\Database\BaseConnection->query('INSERT INTO `cl...', Array, false)
#4 C:\xampp\htdocs\C4\system\Model.php(278): CodeIgniter\Database\BaseBuilder->insert()
#5 C:\xampp\htdocs\C4\system\BaseModel.php(758): CodeIgniter\Model->doInsert(Array)
#6 C:\xampp\htdocs\C4\system\Model.php(705): CodeIgniter\BaseModel->insert(Array, true)
#7 C:\xampp\htdocs\C4\app\Models\Client_model.php(27): CodeIgniter\Model->insert(Array)
#8 C:\xampp\htdocs\C4\app\Controllers\Client.php(226): App\Models\Client_model->saverecords(Array)
#9 C:\xampp\htdocs\C4\system\CodeIgniter.php(936): App\Controllers\Client->insert()
#10 C:\xampp\htdocs\C4\system\CodeIgniter.php(432): CodeIgniter\CodeIgniter->runController(Object(App\Controllers\Client))
#11 C:\xampp\htdocs\C4\system\CodeIgniter.php(333): CodeIgniter\CodeIgniter->handleRequest(NULL, Object(Config\Cache), false)
#12 C:\xampp\htdocs\C4\index.php(44): CodeIgniter\CodeIgniter->run()
#13 {main}
CRITICAL - 2025-11-24 15:14:38 --> Column 'c_name' cannot be null
#0 C:\xampp\htdocs\C4\system\Database\MySQLi\Connection.php(314): mysqli->query('INSERT INTO `cl...')
#1 C:\xampp\htdocs\C4\system\Database\BaseConnection.php(713): CodeIgniter\Database\MySQLi\Connection->execute('INSERT INTO `cl...')
#2 C:\xampp\htdocs\C4\system\Database\BaseConnection.php(641): CodeIgniter\Database\BaseConnection->simpleQuery('INSERT INTO `cl...')
#3 C:\xampp\htdocs\C4\system\Database\BaseBuilder.php(2263): CodeIgniter\Database\BaseConnection->query('INSERT INTO `cl...', Array, false)
#4 C:\xampp\htdocs\C4\system\Model.php(278): CodeIgniter\Database\BaseBuilder->insert()
#5 C:\xampp\htdocs\C4\system\BaseModel.php(758): CodeIgniter\Model->doInsert(Array)
#6 C:\xampp\htdocs\C4\system\Model.php(705): CodeIgniter\BaseModel->insert(Array, true)
#7 C:\xampp\htdocs\C4\app\Models\Client_model.php(27): CodeIgniter\Model->insert(Array)
#8 C:\xampp\htdocs\C4\app\Controllers\Client.php(226): App\Models\Client_model->saverecords(Array)
#9 C:\xampp\htdocs\C4\system\CodeIgniter.php(936): App\Controllers\Client->insert()
#10 C:\xampp\htdocs\C4\system\CodeIgniter.php(432): CodeIgniter\CodeIgniter->runController(Object(App\Controllers\Client))
#11 C:\xampp\htdocs\C4\system\CodeIgniter.php(333): CodeIgniter\CodeIgniter->handleRequest(NULL, Object(Config\Cache), false)
#12 C:\xampp\htdocs\C4\index.php(44): CodeIgniter\CodeIgniter->run()
#13 {main}
CRITICAL - 2025-11-24 15:14:38 --> Uncaught ErrorException: Undefined variable: viewFile in C:\xampp\htdocs\C4\system\Debug\Exceptions.php:281
Stack trace:
#0 C:\xampp\htdocs\C4\system\Debug\Exceptions.php(281): CodeIgniter\Debug\Exceptions->errorHandler(8, 'Undefined varia...', 'C:\\xampp\\htdocs...', 281, Array)
#1 C:\xampp\htdocs\C4\system\Debug\Exceptions.php(281): include()
#2 C:\xampp\htdocs\C4\system\Debug\Exceptions.php(147): CodeIgniter\Debug\Exceptions->render(Object(mysqli_sql_exception), 500)
#3 [internal function]: CodeIgniter\Debug\Exceptions->exceptionHandler(Object(mysqli_sql_exception))
#4 {main}
  thrown
#0 [internal function]: CodeIgniter\Debug\Exceptions->shutdownHandler()
#1 {main}
INFO - 2025-11-24 15:15:39 --> Session: Class initialized using 'CodeIgniter\Session\Handlers\FileHandler' driver.
INFO - 2025-11-24 15:15:40 --> Session: Class initialized using 'CodeIgniter\Session\Handlers\FileHandler' driver.
INFO - 2025-11-24 15:15:52 --> Session: Class initialized using 'CodeIgniter\Session\Handlers\FileHandler' driver.
ERROR - 2025-11-24 15:15:52 --> mysqli_sql_exception: Column 'c_name' cannot be null in C:\xampp\htdocs\C4\system\Database\MySQLi\Connection.php:314
Stack trace:
#0 C:\xampp\htdocs\C4\system\Database\MySQLi\Connection.php(314): mysqli->query('INSERT INTO `cl...')
#1 C:\xampp\htdocs\C4\system\Database\BaseConnection.php(713): CodeIgniter\Database\MySQLi\Connection->execute('INSERT INTO `cl...')
#2 C:\xampp\htdocs\C4\system\Database\BaseConnection.php(641): CodeIgniter\Database\BaseConnection->simpleQuery('INSERT INTO `cl...')
#3 C:\xampp\htdocs\C4\system\Database\BaseBuilder.php(2263): CodeIgniter\Database\BaseConnection->query('INSERT INTO `cl...', Array, false)
#4 C:\xampp\htdocs\C4\system\Model.php(278): CodeIgniter\Database\BaseBuilder->insert()
#5 C:\xampp\htdocs\C4\system\BaseModel.php(758): CodeIgniter\Model->doInsert(Array)
#6 C:\xampp\htdocs\C4\system\Model.php(705): CodeIgniter\BaseModel->insert(Array, true)
#7 C:\xampp\htdocs\C4\app\Models\Client_model.php(27): CodeIgniter\Model->insert(Array)
#8 C:\xampp\htdocs\C4\app\Controllers\Client.php(226): App\Models\Client_model->saverecords(Array)
#9 C:\xampp\htdocs\C4\system\CodeIgniter.php(936): App\Controllers\Client->insert()
#10 C:\xampp\htdocs\C4\system\CodeIgniter.php(432): CodeIgniter\CodeIgniter->runController(Object(App\Controllers\Client))
#11 C:\xampp\htdocs\C4\system\CodeIgniter.php(333): CodeIgniter\CodeIgniter->handleRequest(NULL, Object(Config\Cache), false)
#12 C:\xampp\htdocs\C4\index.php(44): CodeIgniter\CodeIgniter->run()
#13 {main}
CRITICAL - 2025-11-24 15:15:52 --> Column 'c_name' cannot be null
#0 C:\xampp\htdocs\C4\system\Database\MySQLi\Connection.php(314): mysqli->query('INSERT INTO `cl...')
#1 C:\xampp\htdocs\C4\system\Database\BaseConnection.php(713): CodeIgniter\Database\MySQLi\Connection->execute('INSERT INTO `cl...')
#2 C:\xampp\htdocs\C4\system\Database\BaseConnection.php(641): CodeIgniter\Database\BaseConnection->simpleQuery('INSERT INTO `cl...')
#3 C:\xampp\htdocs\C4\system\Database\BaseBuilder.php(2263): CodeIgniter\Database\BaseConnection->query('INSERT INTO `cl...', Array, false)
#4 C:\xampp\htdocs\C4\system\Model.php(278): CodeIgniter\Database\BaseBuilder->insert()
#5 C:\xampp\htdocs\C4\system\BaseModel.php(758): CodeIgniter\Model->doInsert(Array)
#6 C:\xampp\htdocs\C4\system\Model.php(705): CodeIgniter\BaseModel->insert(Array, true)
#7 C:\xampp\htdocs\C4\app\Models\Client_model.php(27): CodeIgniter\Model->insert(Array)
#8 C:\xampp\htdocs\C4\app\Controllers\Client.php(226): App\Models\Client_model->saverecords(Array)
#9 C:\xampp\htdocs\C4\system\CodeIgniter.php(936): App\Controllers\Client->insert()
#10 C:\xampp\htdocs\C4\system\CodeIgniter.php(432): CodeIgniter\CodeIgniter->runController(Object(App\Controllers\Client))
#11 C:\xampp\htdocs\C4\system\CodeIgniter.php(333): CodeIgniter\CodeIgniter->handleRequest(NULL, Object(Config\Cache), false)
#12 C:\xampp\htdocs\C4\index.php(44): CodeIgniter\CodeIgniter->run()
#13 {main}
CRITICAL - 2025-11-24 15:15:52 --> Uncaught ErrorException: Undefined variable: viewFile in C:\xampp\htdocs\C4\system\Debug\Exceptions.php:281
Stack trace:
#0 C:\xampp\htdocs\C4\system\Debug\Exceptions.php(281): CodeIgniter\Debug\Exceptions->errorHandler(8, 'Undefined varia...', 'C:\\xampp\\htdocs...', 281, Array)
#1 C:\xampp\htdocs\C4\system\Debug\Exceptions.php(281): include()
#2 C:\xampp\htdocs\C4\system\Debug\Exceptions.php(147): CodeIgniter\Debug\Exceptions->render(Object(mysqli_sql_exception), 500)
#3 [internal function]: CodeIgniter\Debug\Exceptions->exceptionHandler(Object(mysqli_sql_exception))
#4 {main}
  thrown
#0 [internal function]: CodeIgniter\Debug\Exceptions->shutdownHandler()
#1 {main}
INFO - 2025-11-24 15:15:55 --> Session: Class initialized using 'CodeIgniter\Session\Handlers\FileHandler' driver.
INFO - 2025-11-24 15:15:59 --> Session: Class initialized using 'CodeIgniter\Session\Handlers\FileHandler' driver.
INFO - 2025-11-24 15:16:00 --> Session: Class initialized using 'CodeIgniter\Session\Handlers\FileHandler' driver.
INFO - 2025-11-24 15:16:01 --> Session: Class initialized using 'CodeIgniter\Session\Handlers\FileHandler' driver.
INFO - 2025-11-24 15:16:02 --> Session: Class initialized using 'CodeIgniter\Session\Handlers\FileHandler' driver.
INFO - 2025-11-24 15:16:30 --> Session: Class initialized using 'CodeIgniter\Session\Handlers\FileHandler' driver.
ERROR - 2025-11-24 15:16:30 --> mysqli_sql_exception: Column 'c_name' cannot be null in C:\xampp\htdocs\C4\system\Database\MySQLi\Connection.php:314
Stack trace:
#0 C:\xampp\htdocs\C4\system\Database\MySQLi\Connection.php(314): mysqli->query('INSERT INTO `cl...')
#1 C:\xampp\htdocs\C4\system\Database\BaseConnection.php(713): CodeIgniter\Database\MySQLi\Connection->execute('INSERT INTO `cl...')
#2 C:\xampp\htdocs\C4\system\Database\BaseConnection.php(641): CodeIgniter\Database\BaseConnection->simpleQuery('INSERT INTO `cl...')
#3 C:\xampp\htdocs\C4\system\Database\BaseBuilder.php(2263): CodeIgniter\Database\BaseConnection->query('INSERT INTO `cl...', Array, false)
#4 C:\xampp\htdocs\C4\system\Model.php(278): CodeIgniter\Database\BaseBuilder->insert()
#5 C:\xampp\htdocs\C4\system\BaseModel.php(758): CodeIgniter\Model->doInsert(Array)
#6 C:\xampp\htdocs\C4\system\Model.php(705): CodeIgniter\BaseModel->insert(Array, true)
#7 C:\xampp\htdocs\C4\app\Models\Client_model.php(27): CodeIgniter\Model->insert(Array)
#8 C:\xampp\htdocs\C4\app\Controllers\Client.php(226): App\Models\Client_model->saverecords(Array)
#9 C:\xampp\htdocs\C4\system\CodeIgniter.php(936): App\Controllers\Client->insert()
#10 C:\xampp\htdocs\C4\system\CodeIgniter.php(432): CodeIgniter\CodeIgniter->runController(Object(App\Controllers\Client))
#11 C:\xampp\htdocs\C4\system\CodeIgniter.php(333): CodeIgniter\CodeIgniter->handleRequest(NULL, Object(Config\Cache), false)
#12 C:\xampp\htdocs\C4\index.php(44): CodeIgniter\CodeIgniter->run()
#13 {main}
CRITICAL - 2025-11-24 15:16:30 --> Column 'c_name' cannot be null
#0 C:\xampp\htdocs\C4\system\Database\MySQLi\Connection.php(314): mysqli->query('INSERT INTO `cl...')
#1 C:\xampp\htdocs\C4\system\Database\BaseConnection.php(713): CodeIgniter\Database\MySQLi\Connection->execute('INSERT INTO `cl...')
#2 C:\xampp\htdocs\C4\system\Database\BaseConnection.php(641): CodeIgniter\Database\BaseConnection->simpleQuery('INSERT INTO `cl...')
#3 C:\xampp\htdocs\C4\system\Database\BaseBuilder.php(2263): CodeIgniter\Database\BaseConnection->query('INSERT INTO `cl...', Array, false)
#4 C:\xampp\htdocs\C4\system\Model.php(278): CodeIgniter\Database\BaseBuilder->insert()
#5 C:\xampp\htdocs\C4\system\BaseModel.php(758): CodeIgniter\Model->doInsert(Array)
#6 C:\xampp\htdocs\C4\system\Model.php(705): CodeIgniter\BaseModel->insert(Array, true)
#7 C:\xampp\htdocs\C4\app\Models\Client_model.php(27): CodeIgniter\Model->insert(Array)
#8 C:\xampp\htdocs\C4\app\Controllers\Client.php(226): App\Models\Client_model->saverecords(Array)
#9 C:\xampp\htdocs\C4\system\CodeIgniter.php(936): App\Controllers\Client->insert()
#10 C:\xampp\htdocs\C4\system\CodeIgniter.php(432): CodeIgniter\CodeIgniter->runController(Object(App\Controllers\Client))
#11 C:\xampp\htdocs\C4\system\CodeIgniter.php(333): CodeIgniter\CodeIgniter->handleRequest(NULL, Object(Config\Cache), false)
#12 C:\xampp\htdocs\C4\index.php(44): CodeIgniter\CodeIgniter->run()
#13 {main}
CRITICAL - 2025-11-24 15:16:30 --> Uncaught ErrorException: Undefined variable: viewFile in C:\xampp\htdocs\C4\system\Debug\Exceptions.php:281
Stack trace:
#0 C:\xampp\htdocs\C4\system\Debug\Exceptions.php(281): CodeIgniter\Debug\Exceptions->errorHandler(8, 'Undefined varia...', 'C:\\xampp\\htdocs...', 281, Array)
#1 C:\xampp\htdocs\C4\system\Debug\Exceptions.php(281): include()
#2 C:\xampp\htdocs\C4\system\Debug\Exceptions.php(147): CodeIgniter\Debug\Exceptions->render(Object(mysqli_sql_exception), 500)
#3 [internal function]: CodeIgniter\Debug\Exceptions->exceptionHandler(Object(mysqli_sql_exception))
#4 {main}
  thrown
#0 [internal function]: CodeIgniter\Debug\Exceptions->shutdownHandler()
#1 {main}
INFO - 2025-11-24 15:17:08 --> Session: Class initialized using 'CodeIgniter\Session\Handlers\FileHandler' driver.
INFO - 2025-11-24 15:17:10 --> Session: Class initialized using 'CodeIgniter\Session\Handlers\FileHandler' driver.
INFO - 2025-11-24 15:17:12 --> Session: Class initialized using 'CodeIgniter\Session\Handlers\FileHandler' driver.
INFO - 2025-11-24 15:17:13 --> Session: Class initialized using 'CodeIgniter\Session\Handlers\FileHandler' driver.
INFO - 2025-11-24 15:17:15 --> Session: Class initialized using 'CodeIgniter\Session\Handlers\FileHandler' driver.
INFO - 2025-11-24 15:17:31 --> Session: Class initialized using 'CodeIgniter\Session\Handlers\FileHandler' driver.
ERROR - 2025-11-24 15:17:31 --> mysqli_sql_exception: Column 'c_name' cannot be null in C:\xampp\htdocs\C4\system\Database\MySQLi\Connection.php:314
Stack trace:
#0 C:\xampp\htdocs\C4\system\Database\MySQLi\Connection.php(314): mysqli->query('INSERT INTO `cl...')
#1 C:\xampp\htdocs\C4\system\Database\BaseConnection.php(713): CodeIgniter\Database\MySQLi\Connection->execute('INSERT INTO `cl...')
#2 C:\xampp\htdocs\C4\system\Database\BaseConnection.php(641): CodeIgniter\Database\BaseConnection->simpleQuery('INSERT INTO `cl...')
#3 C:\xampp\htdocs\C4\system\Database\BaseBuilder.php(2263): CodeIgniter\Database\BaseConnection->query('INSERT INTO `cl...', Array, false)
#4 C:\xampp\htdocs\C4\system\Model.php(278): CodeIgniter\Database\BaseBuilder->insert()
#5 C:\xampp\htdocs\C4\system\BaseModel.php(758): CodeIgniter\Model->doInsert(Array)
#6 C:\xampp\htdocs\C4\system\Model.php(705): CodeIgniter\BaseModel->insert(Array, true)
#7 C:\xampp\htdocs\C4\app\Models\Client_model.php(27): CodeIgniter\Model->insert(Array)
#8 C:\xampp\htdocs\C4\app\Controllers\Client.php(226): App\Models\Client_model->saverecords(Array)
#9 C:\xampp\htdocs\C4\system\CodeIgniter.php(936): App\Controllers\Client->insert()
#10 C:\xampp\htdocs\C4\system\CodeIgniter.php(432): CodeIgniter\CodeIgniter->runController(Object(App\Controllers\Client))
#11 C:\xampp\htdocs\C4\system\CodeIgniter.php(333): CodeIgniter\CodeIgniter->handleRequest(NULL, Object(Config\Cache), false)
#12 C:\xampp\htdocs\C4\index.php(44): CodeIgniter\CodeIgniter->run()
#13 {main}
CRITICAL - 2025-11-24 15:17:31 --> Column 'c_name' cannot be null
#0 C:\xampp\htdocs\C4\system\Database\MySQLi\Connection.php(314): mysqli->query('INSERT INTO `cl...')
#1 C:\xampp\htdocs\C4\system\Database\BaseConnection.php(713): CodeIgniter\Database\MySQLi\Connection->execute('INSERT INTO `cl...')
#2 C:\xampp\htdocs\C4\system\Database\BaseConnection.php(641): CodeIgniter\Database\BaseConnection->simpleQuery('INSERT INTO `cl...')
#3 C:\xampp\htdocs\C4\system\Database\BaseBuilder.php(2263): CodeIgniter\Database\BaseConnection->query('INSERT INTO `cl...', Array, false)
#4 C:\xampp\htdocs\C4\system\Model.php(278): CodeIgniter\Database\BaseBuilder->insert()
#5 C:\xampp\htdocs\C4\system\BaseModel.php(758): CodeIgniter\Model->doInsert(Array)
#6 C:\xampp\htdocs\C4\system\Model.php(705): CodeIgniter\BaseModel->insert(Array, true)
#7 C:\xampp\htdocs\C4\app\Models\Client_model.php(27): CodeIgniter\Model->insert(Array)
#8 C:\xampp\htdocs\C4\app\Controllers\Client.php(226): App\Models\Client_model->saverecords(Array)
#9 C:\xampp\htdocs\C4\system\CodeIgniter.php(936): App\Controllers\Client->insert()
#10 C:\xampp\htdocs\C4\system\CodeIgniter.php(432): CodeIgniter\CodeIgniter->runController(Object(App\Controllers\Client))
#11 C:\xampp\htdocs\C4\system\CodeIgniter.php(333): CodeIgniter\CodeIgniter->handleRequest(NULL, Object(Config\Cache), false)
#12 C:\xampp\htdocs\C4\index.php(44): CodeIgniter\CodeIgniter->run()
#13 {main}
CRITICAL - 2025-11-24 15:17:31 --> Uncaught ErrorException: Undefined variable: viewFile in C:\xampp\htdocs\C4\system\Debug\Exceptions.php:281
Stack trace:
#0 C:\xampp\htdocs\C4\system\Debug\Exceptions.php(281): CodeIgniter\Debug\Exceptions->errorHandler(8, 'Undefined varia...', 'C:\\xampp\\htdocs...', 281, Array)
#1 C:\xampp\htdocs\C4\system\Debug\Exceptions.php(281): include()
#2 C:\xampp\htdocs\C4\system\Debug\Exceptions.php(147): CodeIgniter\Debug\Exceptions->render(Object(mysqli_sql_exception), 500)
#3 [internal function]: CodeIgniter\Debug\Exceptions->exceptionHandler(Object(mysqli_sql_exception))
#4 {main}
  thrown
#0 [internal function]: CodeIgniter\Debug\Exceptions->shutdownHandler()
#1 {main}
INFO - 2025-11-24 15:19:26 --> Session: Class initialized using 'CodeIgniter\Session\Handlers\FileHandler' driver.
INFO - 2025-11-24 15:19:27 --> Session: Class initialized using 'CodeIgniter\Session\Handlers\FileHandler' driver.
INFO - 2025-11-24 15:19:38 --> Session: Class initialized using 'CodeIgniter\Session\Handlers\FileHandler' driver.
ERROR - 2025-11-24 15:19:38 --> mysqli_sql_exception: Column 'c_name' cannot be null in C:\xampp\htdocs\C4\system\Database\MySQLi\Connection.php:314
Stack trace:
#0 C:\xampp\htdocs\C4\system\Database\MySQLi\Connection.php(314): mysqli->query('INSERT INTO `cl...')
#1 C:\xampp\htdocs\C4\system\Database\BaseConnection.php(713): CodeIgniter\Database\MySQLi\Connection->execute('INSERT INTO `cl...')
#2 C:\xampp\htdocs\C4\system\Database\BaseConnection.php(641): CodeIgniter\Database\BaseConnection->simpleQuery('INSERT INTO `cl...')
#3 C:\xampp\htdocs\C4\system\Database\BaseBuilder.php(2263): CodeIgniter\Database\BaseConnection->query('INSERT INTO `cl...', Array, false)
#4 C:\xampp\htdocs\C4\system\Model.php(278): CodeIgniter\Database\BaseBuilder->insert()
#5 C:\xampp\htdocs\C4\system\BaseModel.php(758): CodeIgniter\Model->doInsert(Array)
#6 C:\xampp\htdocs\C4\system\Model.php(705): CodeIgniter\BaseModel->insert(Array, true)
#7 C:\xampp\htdocs\C4\app\Models\Client_model.php(27): CodeIgniter\Model->insert(Array)
#8 C:\xampp\htdocs\C4\app\Controllers\Client.php(226): App\Models\Client_model->saverecords(Array)
#9 C:\xampp\htdocs\C4\system\CodeIgniter.php(936): App\Controllers\Client->insert()
#10 C:\xampp\htdocs\C4\system\CodeIgniter.php(432): CodeIgniter\CodeIgniter->runController(Object(App\Controllers\Client))
#11 C:\xampp\htdocs\C4\system\CodeIgniter.php(333): CodeIgniter\CodeIgniter->handleRequest(NULL, Object(Config\Cache), false)
#12 C:\xampp\htdocs\C4\index.php(44): CodeIgniter\CodeIgniter->run()
#13 {main}
CRITICAL - 2025-11-24 15:19:38 --> Column 'c_name' cannot be null
#0 C:\xampp\htdocs\C4\system\Database\MySQLi\Connection.php(314): mysqli->query('INSERT INTO `cl...')
#1 C:\xampp\htdocs\C4\system\Database\BaseConnection.php(713): CodeIgniter\Database\MySQLi\Connection->execute('INSERT INTO `cl...')
#2 C:\xampp\htdocs\C4\system\Database\BaseConnection.php(641): CodeIgniter\Database\BaseConnection->simpleQuery('INSERT INTO `cl...')
#3 C:\xampp\htdocs\C4\system\Database\BaseBuilder.php(2263): CodeIgniter\Database\BaseConnection->query('INSERT INTO `cl...', Array, false)
#4 C:\xampp\htdocs\C4\system\Model.php(278): CodeIgniter\Database\BaseBuilder->insert()
#5 C:\xampp\htdocs\C4\system\BaseModel.php(758): CodeIgniter\Model->doInsert(Array)
#6 C:\xampp\htdocs\C4\system\Model.php(705): CodeIgniter\BaseModel->insert(Array, true)
#7 C:\xampp\htdocs\C4\app\Models\Client_model.php(27): CodeIgniter\Model->insert(Array)
#8 C:\xampp\htdocs\C4\app\Controllers\Client.php(226): App\Models\Client_model->saverecords(Array)
#9 C:\xampp\htdocs\C4\system\CodeIgniter.php(936): App\Controllers\Client->insert()
#10 C:\xampp\htdocs\C4\system\CodeIgniter.php(432): CodeIgniter\CodeIgniter->runController(Object(App\Controllers\Client))
#11 C:\xampp\htdocs\C4\system\CodeIgniter.php(333): CodeIgniter\CodeIgniter->handleRequest(NULL, Object(Config\Cache), false)
#12 C:\xampp\htdocs\C4\index.php(44): CodeIgniter\CodeIgniter->run()
#13 {main}
CRITICAL - 2025-11-24 15:19:38 --> Uncaught ErrorException: Undefined variable: viewFile in C:\xampp\htdocs\C4\system\Debug\Exceptions.php:281
Stack trace:
#0 C:\xampp\htdocs\C4\system\Debug\Exceptions.php(281): CodeIgniter\Debug\Exceptions->errorHandler(8, 'Undefined varia...', 'C:\\xampp\\htdocs...', 281, Array)
#1 C:\xampp\htdocs\C4\system\Debug\Exceptions.php(281): include()
#2 C:\xampp\htdocs\C4\system\Debug\Exceptions.php(147): CodeIgniter\Debug\Exceptions->render(Object(mysqli_sql_exception), 500)
#3 [internal function]: CodeIgniter\Debug\Exceptions->exceptionHandler(Object(mysqli_sql_exception))
#4 {main}
  thrown
#0 [internal function]: CodeIgniter\Debug\Exceptions->shutdownHandler()
#1 {main}
INFO - 2025-11-24 15:22:17 --> Session: Class initialized using 'CodeIgniter\Session\Handlers\FileHandler' driver.
INFO - 2025-11-24 15:22:18 --> Session: Class initialized using 'CodeIgniter\Session\Handlers\FileHandler' driver.
INFO - 2025-11-24 15:22:21 --> Session: Class initialized using 'CodeIgniter\Session\Handlers\FileHandler' driver.
INFO - 2025-11-24 15:22:23 --> Session: Class initialized using 'CodeIgniter\Session\Handlers\FileHandler' driver.
INFO - 2025-11-24 15:22:47 --> Session: Class initialized using 'CodeIgniter\Session\Handlers\FileHandler' driver.
INFO - 2025-11-24 15:22:48 --> Session: Class initialized using 'CodeIgniter\Session\Handlers\FileHandler' driver.
INFO - 2025-11-24 15:23:20 --> Session: Class initialized using 'CodeIgniter\Session\Handlers\FileHandler' driver.
INFO - 2025-11-24 15:23:21 --> Session: Class initialized using 'CodeIgniter\Session\Handlers\FileHandler' driver.
INFO - 2025-11-24 15:23:41 --> Session: Class initialized using 'CodeIgniter\Session\Handlers\FileHandler' driver.
ERROR - 2025-11-24 15:23:41 --> mysqli_sql_exception: Column 'cid' cannot be null in C:\xampp\htdocs\C4\system\Database\MySQLi\Connection.php:314
Stack trace:
#0 C:\xampp\htdocs\C4\system\Database\MySQLi\Connection.php(314): mysqli->query('INSERT INTO `pa...')
#1 C:\xampp\htdocs\C4\system\Database\BaseConnection.php(713): CodeIgniter\Database\MySQLi\Connection->execute('INSERT INTO `pa...')
#2 C:\xampp\htdocs\C4\system\Database\BaseConnection.php(641): CodeIgniter\Database\BaseConnection->simpleQuery('INSERT INTO `pa...')
#3 C:\xampp\htdocs\C4\system\Database\BaseBuilder.php(2263): CodeIgniter\Database\BaseConnection->query('INSERT INTO `pa...', Array, false)
#4 C:\xampp\htdocs\C4\system\Model.php(278): CodeIgniter\Database\BaseBuilder->insert()
#5 C:\xampp\htdocs\C4\system\BaseModel.php(758): CodeIgniter\Model->doInsert(Array)
#6 C:\xampp\htdocs\C4\system\Model.php(705): CodeIgniter\BaseModel->insert(Array, true)
#7 C:\xampp\htdocs\C4\app\Models\Transaction_model.php(55): CodeIgniter\Model->insert(Array)
#8 C:\xampp\htdocs\C4\app\Controllers\Transaction.php(313): App\Models\Transaction_model->saverecords(Array)
#9 C:\xampp\htdocs\C4\system\CodeIgniter.php(936): App\Controllers\Transaction->insert()
#10 C:\xampp\htdocs\C4\system\CodeIgniter.php(432): CodeIgniter\CodeIgniter->runController(Object(App\Controllers\Transaction))
#11 C:\xampp\htdocs\C4\system\CodeIgniter.php(333): CodeIgniter\CodeIgniter->handleRequest(NULL, Object(Config\Cache), false)
#12 C:\xampp\htdocs\C4\index.php(44): CodeIgniter\CodeIgniter->run()
#13 {main}
CRITICAL - 2025-11-24 15:23:41 --> Column 'cid' cannot be null
#0 C:\xampp\htdocs\C4\system\Database\MySQLi\Connection.php(314): mysqli->query('INSERT INTO `pa...')
#1 C:\xampp\htdocs\C4\system\Database\BaseConnection.php(713): CodeIgniter\Database\MySQLi\Connection->execute('INSERT INTO `pa...')
#2 C:\xampp\htdocs\C4\system\Database\BaseConnection.php(641): CodeIgniter\Database\BaseConnection->simpleQuery('INSERT INTO `pa...')
#3 C:\xampp\htdocs\C4\system\Database\BaseBuilder.php(2263): CodeIgniter\Database\BaseConnection->query('INSERT INTO `pa...', Array, false)
#4 C:\xampp\htdocs\C4\system\Model.php(278): CodeIgniter\Database\BaseBuilder->insert()
#5 C:\xampp\htdocs\C4\system\BaseModel.php(758): CodeIgniter\Model->doInsert(Array)
#6 C:\xampp\htdocs\C4\system\Model.php(705): CodeIgniter\BaseModel->insert(Array, true)
#7 C:\xampp\htdocs\C4\app\Models\Transaction_model.php(55): CodeIgniter\Model->insert(Array)
#8 C:\xampp\htdocs\C4\app\Controllers\Transaction.php(313): App\Models\Transaction_model->saverecords(Array)
#9 C:\xampp\htdocs\C4\system\CodeIgniter.php(936): App\Controllers\Transaction->insert()
#10 C:\xampp\htdocs\C4\system\CodeIgniter.php(432): CodeIgniter\CodeIgniter->runController(Object(App\Controllers\Transaction))
#11 C:\xampp\htdocs\C4\system\CodeIgniter.php(333): CodeIgniter\CodeIgniter->handleRequest(NULL, Object(Config\Cache), false)
#12 C:\xampp\htdocs\C4\index.php(44): CodeIgniter\CodeIgniter->run()
#13 {main}
CRITICAL - 2025-11-24 15:23:41 --> Uncaught ErrorException: Undefined variable: viewFile in C:\xampp\htdocs\C4\system\Debug\Exceptions.php:281
Stack trace:
#0 C:\xampp\htdocs\C4\system\Debug\Exceptions.php(281): CodeIgniter\Debug\Exceptions->errorHandler(8, 'Undefined varia...', 'C:\\xampp\\htdocs...', 281, Array)
#1 C:\xampp\htdocs\C4\system\Debug\Exceptions.php(281): include()
#2 C:\xampp\htdocs\C4\system\Debug\Exceptions.php(147): CodeIgniter\Debug\Exceptions->render(Object(mysqli_sql_exception), 500)
#3 [internal function]: CodeIgniter\Debug\Exceptions->exceptionHandler(Object(mysqli_sql_exception))
#4 {main}
  thrown
#0 [internal function]: CodeIgniter\Debug\Exceptions->shutdownHandler()
#1 {main}
INFO - 2025-11-24 15:27:38 --> Session: Class initialized using 'CodeIgniter\Session\Handlers\FileHandler' driver.
INFO - 2025-11-24 15:27:40 --> Session: Class initialized using 'CodeIgniter\Session\Handlers\FileHandler' driver.
INFO - 2025-11-24 15:27:45 --> Session: Class initialized using 'CodeIgniter\Session\Handlers\FileHandler' driver.
INFO - 2025-11-24 15:27:46 --> Session: Class initialized using 'CodeIgniter\Session\Handlers\FileHandler' driver.
INFO - 2025-11-24 18:45:22 --> Session: Class initialized using 'CodeIgniter\Session\Handlers\FileHandler' driver.
INFO - 2025-11-24 18:45:28 --> Session: Class initialized using 'CodeIgniter\Session\Handlers\FileHandler' driver.
INFO - 2025-11-24 18:59:08 --> Session: Class initialized using 'CodeIgniter\Session\Handlers\FileHandler' driver.
INFO - 2025-11-24 18:59:09 --> Session: Class initialized using 'CodeIgniter\Session\Handlers\FileHandler' driver.
INFO - 2025-11-24 18:59:17 --> Session: Class initialized using 'CodeIgniter\Session\Handlers\FileHandler' driver.
INFO - 2025-11-24 18:59:18 --> Session: Class initialized using 'CodeIgniter\Session\Handlers\FileHandler' driver.
INFO - 2025-11-24 18:59:58 --> Session: Class initialized using 'CodeIgniter\Session\Handlers\FileHandler' driver.
ERROR - 2025-11-24 18:59:58 --> mysqli_sql_exception: Column 'c_name' cannot be null in C:\xampp\htdocs\C4\system\Database\MySQLi\Connection.php:314
Stack trace:
#0 C:\xampp\htdocs\C4\system\Database\MySQLi\Connection.php(314): mysqli->query('INSERT INTO `cl...')
#1 C:\xampp\htdocs\C4\system\Database\BaseConnection.php(713): CodeIgniter\Database\MySQLi\Connection->execute('INSERT INTO `cl...')
#2 C:\xampp\htdocs\C4\system\Database\BaseConnection.php(641): CodeIgniter\Database\BaseConnection->simpleQuery('INSERT INTO `cl...')
#3 C:\xampp\htdocs\C4\system\Database\BaseBuilder.php(2263): CodeIgniter\Database\BaseConnection->query('INSERT INTO `cl...', Array, false)
#4 C:\xampp\htdocs\C4\system\Model.php(278): CodeIgniter\Database\BaseBuilder->insert()
#5 C:\xampp\htdocs\C4\system\BaseModel.php(758): CodeIgniter\Model->doInsert(Array)
#6 C:\xampp\htdocs\C4\system\Model.php(705): CodeIgniter\BaseModel->insert(Array, true)
#7 C:\xampp\htdocs\C4\app\Models\Client_model.php(27): CodeIgniter\Model->insert(Array)
#8 C:\xampp\htdocs\C4\app\Controllers\Client.php(226): App\Models\Client_model->saverecords(Array)
#9 C:\xampp\htdocs\C4\system\CodeIgniter.php(936): App\Controllers\Client->insert()
#10 C:\xampp\htdocs\C4\system\CodeIgniter.php(432): CodeIgniter\CodeIgniter->runController(Object(App\Controllers\Client))
#11 C:\xampp\htdocs\C4\system\CodeIgniter.php(333): CodeIgniter\CodeIgniter->handleRequest(NULL, Object(Config\Cache), false)
#12 C:\xampp\htdocs\C4\index.php(44): CodeIgniter\CodeIgniter->run()
#13 {main}
CRITICAL - 2025-11-24 18:59:58 --> Column 'c_name' cannot be null
#0 C:\xampp\htdocs\C4\system\Database\MySQLi\Connection.php(314): mysqli->query('INSERT INTO `cl...')
#1 C:\xampp\htdocs\C4\system\Database\BaseConnection.php(713): CodeIgniter\Database\MySQLi\Connection->execute('INSERT INTO `cl...')
#2 C:\xampp\htdocs\C4\system\Database\BaseConnection.php(641): CodeIgniter\Database\BaseConnection->simpleQuery('INSERT INTO `cl...')
#3 C:\xampp\htdocs\C4\system\Database\BaseBuilder.php(2263): CodeIgniter\Database\BaseConnection->query('INSERT INTO `cl...', Array, false)
#4 C:\xampp\htdocs\C4\system\Model.php(278): CodeIgniter\Database\BaseBuilder->insert()
#5 C:\xampp\htdocs\C4\system\BaseModel.php(758): CodeIgniter\Model->doInsert(Array)
#6 C:\xampp\htdocs\C4\system\Model.php(705): CodeIgniter\BaseModel->insert(Array, true)
#7 C:\xampp\htdocs\C4\app\Models\Client_model.php(27): CodeIgniter\Model->insert(Array)
#8 C:\xampp\htdocs\C4\app\Controllers\Client.php(226): App\Models\Client_model->saverecords(Array)
#9 C:\xampp\htdocs\C4\system\CodeIgniter.php(936): App\Controllers\Client->insert()
#10 C:\xampp\htdocs\C4\system\CodeIgniter.php(432): CodeIgniter\CodeIgniter->runController(Object(App\Controllers\Client))
#11 C:\xampp\htdocs\C4\system\CodeIgniter.php(333): CodeIgniter\CodeIgniter->handleRequest(NULL, Object(Config\Cache), false)
#12 C:\xampp\htdocs\C4\index.php(44): CodeIgniter\CodeIgniter->run()
#13 {main}
CRITICAL - 2025-11-24 18:59:58 --> Uncaught ErrorException: Undefined variable: viewFile in C:\xampp\htdocs\C4\system\Debug\Exceptions.php:281
Stack trace:
#0 C:\xampp\htdocs\C4\system\Debug\Exceptions.php(281): CodeIgniter\Debug\Exceptions->errorHandler(8, 'Undefined varia...', 'C:\\xampp\\htdocs...', 281, Array)
#1 C:\xampp\htdocs\C4\system\Debug\Exceptions.php(281): include()
#2 C:\xampp\htdocs\C4\system\Debug\Exceptions.php(147): CodeIgniter\Debug\Exceptions->render(Object(mysqli_sql_exception), 500)
#3 [internal function]: CodeIgniter\Debug\Exceptions->exceptionHandler(Object(mysqli_sql_exception))
#4 {main}
  thrown
#0 [internal function]: CodeIgniter\Debug\Exceptions->shutdownHandler()
#1 {main}
INFO - 2025-11-24 19:01:46 --> Session: Class initialized using 'CodeIgniter\Session\Handlers\FileHandler' driver.
INFO - 2025-11-24 19:01:48 --> Session: Class initialized using 'CodeIgniter\Session\Handlers\FileHandler' driver.
INFO - 2025-11-24 19:01:48 --> Session: Class initialized using 'CodeIgniter\Session\Handlers\FileHandler' driver.
INFO - 2025-11-24 19:01:50 --> Session: Class initialized using 'CodeIgniter\Session\Handlers\FileHandler' driver.
INFO - 2025-11-24 19:02:08 --> Session: Class initialized using 'CodeIgniter\Session\Handlers\FileHandler' driver.
ERROR - 2025-11-24 19:02:08 --> mysqli_sql_exception: Column 'cid' cannot be null in C:\xampp\htdocs\C4\system\Database\MySQLi\Connection.php:314
Stack trace:
#0 C:\xampp\htdocs\C4\system\Database\MySQLi\Connection.php(314): mysqli->query('INSERT INTO `pa...')
#1 C:\xampp\htdocs\C4\system\Database\BaseConnection.php(713): CodeIgniter\Database\MySQLi\Connection->execute('INSERT INTO `pa...')
#2 C:\xampp\htdocs\C4\system\Database\BaseConnection.php(641): CodeIgniter\Database\BaseConnection->simpleQuery('INSERT INTO `pa...')
#3 C:\xampp\htdocs\C4\system\Database\BaseBuilder.php(2263): CodeIgniter\Database\BaseConnection->query('INSERT INTO `pa...', Array, false)
#4 C:\xampp\htdocs\C4\system\Model.php(278): CodeIgniter\Database\BaseBuilder->insert()
#5 C:\xampp\htdocs\C4\system\BaseModel.php(758): CodeIgniter\Model->doInsert(Array)
#6 C:\xampp\htdocs\C4\system\Model.php(705): CodeIgniter\BaseModel->insert(Array, true)
#7 C:\xampp\htdocs\C4\app\Models\Transaction_model.php(55): CodeIgniter\Model->insert(Array)
#8 C:\xampp\htdocs\C4\app\Controllers\Transaction.php(314): App\Models\Transaction_model->saverecords(Array)
#9 C:\xampp\htdocs\C4\system\CodeIgniter.php(936): App\Controllers\Transaction->insert()
#10 C:\xampp\htdocs\C4\system\CodeIgniter.php(432): CodeIgniter\CodeIgniter->runController(Object(App\Controllers\Transaction))
#11 C:\xampp\htdocs\C4\system\CodeIgniter.php(333): CodeIgniter\CodeIgniter->handleRequest(NULL, Object(Config\Cache), false)
#12 C:\xampp\htdocs\C4\index.php(44): CodeIgniter\CodeIgniter->run()
#13 {main}
CRITICAL - 2025-11-24 19:02:08 --> Column 'cid' cannot be null
#0 C:\xampp\htdocs\C4\system\Database\MySQLi\Connection.php(314): mysqli->query('INSERT INTO `pa...')
#1 C:\xampp\htdocs\C4\system\Database\BaseConnection.php(713): CodeIgniter\Database\MySQLi\Connection->execute('INSERT INTO `pa...')
#2 C:\xampp\htdocs\C4\system\Database\BaseConnection.php(641): CodeIgniter\Database\BaseConnection->simpleQuery('INSERT INTO `pa...')
#3 C:\xampp\htdocs\C4\system\Database\BaseBuilder.php(2263): CodeIgniter\Database\BaseConnection->query('INSERT INTO `pa...', Array, false)
#4 C:\xampp\htdocs\C4\system\Model.php(278): CodeIgniter\Database\BaseBuilder->insert()
#5 C:\xampp\htdocs\C4\system\BaseModel.php(758): CodeIgniter\Model->doInsert(Array)
#6 C:\xampp\htdocs\C4\system\Model.php(705): CodeIgniter\BaseModel->insert(Array, true)
#7 C:\xampp\htdocs\C4\app\Models\Transaction_model.php(55): CodeIgniter\Model->insert(Array)
#8 C:\xampp\htdocs\C4\app\Controllers\Transaction.php(314): App\Models\Transaction_model->saverecords(Array)
#9 C:\xampp\htdocs\C4\system\CodeIgniter.php(936): App\Controllers\Transaction->insert()
#10 C:\xampp\htdocs\C4\system\CodeIgniter.php(432): CodeIgniter\CodeIgniter->runController(Object(App\Controllers\Transaction))
#11 C:\xampp\htdocs\C4\system\CodeIgniter.php(333): CodeIgniter\CodeIgniter->handleRequest(NULL, Object(Config\Cache), false)
#12 C:\xampp\htdocs\C4\index.php(44): CodeIgniter\CodeIgniter->run()
#13 {main}
CRITICAL - 2025-11-24 19:02:08 --> Uncaught ErrorException: Undefined variable: viewFile in C:\xampp\htdocs\C4\system\Debug\Exceptions.php:281
Stack trace:
#0 C:\xampp\htdocs\C4\system\Debug\Exceptions.php(281): CodeIgniter\Debug\Exceptions->errorHandler(8, 'Undefined varia...', 'C:\\xampp\\htdocs...', 281, Array)
#1 C:\xampp\htdocs\C4\system\Debug\Exceptions.php(281): include()
#2 C:\xampp\htdocs\C4\system\Debug\Exceptions.php(147): CodeIgniter\Debug\Exceptions->render(Object(mysqli_sql_exception), 500)
#3 [internal function]: CodeIgniter\Debug\Exceptions->exceptionHandler(Object(mysqli_sql_exception))
#4 {main}
  thrown
#0 [internal function]: CodeIgniter\Debug\Exceptions->shutdownHandler()
#1 {main}
INFO - 2025-11-24 19:04:47 --> Session: Class initialized using 'CodeIgniter\Session\Handlers\FileHandler' driver.
INFO - 2025-11-24 19:08:05 --> Session: Class initialized using 'CodeIgniter\Session\Handlers\FileHandler' driver.
INFO - 2025-11-24 19:08:07 --> Session: Class initialized using 'CodeIgniter\Session\Handlers\FileHandler' driver.
INFO - 2025-11-24 19:08:09 --> Session: Class initialized using 'CodeIgniter\Session\Handlers\FileHandler' driver.
INFO - 2025-11-24 19:08:23 --> Session: Class initialized using 'CodeIgniter\Session\Handlers\FileHandler' driver.
ERROR - 2025-11-24 19:08:23 --> mysqli_sql_exception: Duplicate entry 'T/25-26/0294' for key 'PRIMARY' in C:\xampp\htdocs\C4\system\Database\MySQLi\Connection.php:314
Stack trace:
#0 C:\xampp\htdocs\C4\system\Database\MySQLi\Connection.php(314): mysqli->query('INSERT INTO `pa...')
#1 C:\xampp\htdocs\C4\system\Database\BaseConnection.php(713): CodeIgniter\Database\MySQLi\Connection->execute('INSERT INTO `pa...')
#2 C:\xampp\htdocs\C4\system\Database\BaseConnection.php(641): CodeIgniter\Database\BaseConnection->simpleQuery('INSERT INTO `pa...')
#3 C:\xampp\htdocs\C4\system\Database\BaseBuilder.php(2263): CodeIgniter\Database\BaseConnection->query('INSERT INTO `pa...', Array, false)
#4 C:\xampp\htdocs\C4\system\Model.php(278): CodeIgniter\Database\BaseBuilder->insert()
#5 C:\xampp\htdocs\C4\system\BaseModel.php(758): CodeIgniter\Model->doInsert(Array)
#6 C:\xampp\htdocs\C4\system\Model.php(705): CodeIgniter\BaseModel->insert(Array, true)
#7 C:\xampp\htdocs\C4\app\Models\Transaction_model.php(55): CodeIgniter\Model->insert(Array)
#8 C:\xampp\htdocs\C4\app\Controllers\Transaction.php(314): App\Models\Transaction_model->saverecords(Array)
#9 C:\xampp\htdocs\C4\system\CodeIgniter.php(936): App\Controllers\Transaction->insert()
#10 C:\xampp\htdocs\C4\system\CodeIgniter.php(432): CodeIgniter\CodeIgniter->runController(Object(App\Controllers\Transaction))
#11 C:\xampp\htdocs\C4\system\CodeIgniter.php(333): CodeIgniter\CodeIgniter->handleRequest(NULL, Object(Config\Cache), false)
#12 C:\xampp\htdocs\C4\index.php(44): CodeIgniter\CodeIgniter->run()
#13 {main}
CRITICAL - 2025-11-24 19:08:23 --> Duplicate entry 'T/25-26/0294' for key 'PRIMARY'
#0 C:\xampp\htdocs\C4\system\Database\MySQLi\Connection.php(314): mysqli->query('INSERT INTO `pa...')
#1 C:\xampp\htdocs\C4\system\Database\BaseConnection.php(713): CodeIgniter\Database\MySQLi\Connection->execute('INSERT INTO `pa...')
#2 C:\xampp\htdocs\C4\system\Database\BaseConnection.php(641): CodeIgniter\Database\BaseConnection->simpleQuery('INSERT INTO `pa...')
#3 C:\xampp\htdocs\C4\system\Database\BaseBuilder.php(2263): CodeIgniter\Database\BaseConnection->query('INSERT INTO `pa...', Array, false)
#4 C:\xampp\htdocs\C4\system\Model.php(278): CodeIgniter\Database\BaseBuilder->insert()
#5 C:\xampp\htdocs\C4\system\BaseModel.php(758): CodeIgniter\Model->doInsert(Array)
#6 C:\xampp\htdocs\C4\system\Model.php(705): CodeIgniter\BaseModel->insert(Array, true)
#7 C:\xampp\htdocs\C4\app\Models\Transaction_model.php(55): CodeIgniter\Model->insert(Array)
#8 C:\xampp\htdocs\C4\app\Controllers\Transaction.php(314): App\Models\Transaction_model->saverecords(Array)
#9 C:\xampp\htdocs\C4\system\CodeIgniter.php(936): App\Controllers\Transaction->insert()
#10 C:\xampp\htdocs\C4\system\CodeIgniter.php(432): CodeIgniter\CodeIgniter->runController(Object(App\Controllers\Transaction))
#11 C:\xampp\htdocs\C4\system\CodeIgniter.php(333): CodeIgniter\CodeIgniter->handleRequest(NULL, Object(Config\Cache), false)
#12 C:\xampp\htdocs\C4\index.php(44): CodeIgniter\CodeIgniter->run()
#13 {main}
INFO - 2025-11-24 19:08:35 --> Session: Class initialized using 'CodeIgniter\Session\Handlers\FileHandler' driver.
INFO - 2025-11-24 19:08:42 --> Session: Class initialized using 'CodeIgniter\Session\Handlers\FileHandler' driver.
INFO - 2025-11-24 19:08:53 --> Session: Class initialized using 'CodeIgniter\Session\Handlers\FileHandler' driver.
INFO - 2025-11-24 19:08:56 --> Session: Class initialized using 'CodeIgniter\Session\Handlers\FileHandler' driver.
INFO - 2025-11-24 19:09:14 --> Session: Class initialized using 'CodeIgniter\Session\Handlers\FileHandler' driver.
ERROR - 2025-11-24 19:09:14 --> mysqli_sql_exception: Duplicate entry 'T/25-26/0294' for key 'PRIMARY' in C:\xampp\htdocs\C4\system\Database\MySQLi\Connection.php:314
Stack trace:
#0 C:\xampp\htdocs\C4\system\Database\MySQLi\Connection.php(314): mysqli->query('INSERT INTO `pa...')
#1 C:\xampp\htdocs\C4\system\Database\BaseConnection.php(713): CodeIgniter\Database\MySQLi\Connection->execute('INSERT INTO `pa...')
#2 C:\xampp\htdocs\C4\system\Database\BaseConnection.php(641): CodeIgniter\Database\BaseConnection->simpleQuery('INSERT INTO `pa...')
#3 C:\xampp\htdocs\C4\system\Database\BaseBuilder.php(2263): CodeIgniter\Database\BaseConnection->query('INSERT INTO `pa...', Array, false)
#4 C:\xampp\htdocs\C4\system\Model.php(278): CodeIgniter\Database\BaseBuilder->insert()
#5 C:\xampp\htdocs\C4\system\BaseModel.php(758): CodeIgniter\Model->doInsert(Array)
#6 C:\xampp\htdocs\C4\system\Model.php(705): CodeIgniter\BaseModel->insert(Array, true)
#7 C:\xampp\htdocs\C4\app\Models\Transaction_model.php(55): CodeIgniter\Model->insert(Array)
#8 C:\xampp\htdocs\C4\app\Controllers\Transaction.php(314): App\Models\Transaction_model->saverecords(Array)
#9 C:\xampp\htdocs\C4\system\CodeIgniter.php(936): App\Controllers\Transaction->insert()
#10 C:\xampp\htdocs\C4\system\CodeIgniter.php(432): CodeIgniter\CodeIgniter->runController(Object(App\Controllers\Transaction))
#11 C:\xampp\htdocs\C4\system\CodeIgniter.php(333): CodeIgniter\CodeIgniter->handleRequest(NULL, Object(Config\Cache), false)
#12 C:\xampp\htdocs\C4\index.php(44): CodeIgniter\CodeIgniter->run()
#13 {main}
CRITICAL - 2025-11-24 19:09:14 --> Duplicate entry 'T/25-26/0294' for key 'PRIMARY'
#0 C:\xampp\htdocs\C4\system\Database\MySQLi\Connection.php(314): mysqli->query('INSERT INTO `pa...')
#1 C:\xampp\htdocs\C4\system\Database\BaseConnection.php(713): CodeIgniter\Database\MySQLi\Connection->execute('INSERT INTO `pa...')
#2 C:\xampp\htdocs\C4\system\Database\BaseConnection.php(641): CodeIgniter\Database\BaseConnection->simpleQuery('INSERT INTO `pa...')
#3 C:\xampp\htdocs\C4\system\Database\BaseBuilder.php(2263): CodeIgniter\Database\BaseConnection->query('INSERT INTO `pa...', Array, false)
#4 C:\xampp\htdocs\C4\system\Model.php(278): CodeIgniter\Database\BaseBuilder->insert()
#5 C:\xampp\htdocs\C4\system\BaseModel.php(758): CodeIgniter\Model->doInsert(Array)
#6 C:\xampp\htdocs\C4\system\Model.php(705): CodeIgniter\BaseModel->insert(Array, true)
#7 C:\xampp\htdocs\C4\app\Models\Transaction_model.php(55): CodeIgniter\Model->insert(Array)
#8 C:\xampp\htdocs\C4\app\Controllers\Transaction.php(314): App\Models\Transaction_model->saverecords(Array)
#9 C:\xampp\htdocs\C4\system\CodeIgniter.php(936): App\Controllers\Transaction->insert()
#10 C:\xampp\htdocs\C4\system\CodeIgniter.php(432): CodeIgniter\CodeIgniter->runController(Object(App\Controllers\Transaction))
#11 C:\xampp\htdocs\C4\system\CodeIgniter.php(333): CodeIgniter\CodeIgniter->handleRequest(NULL, Object(Config\Cache), false)
#12 C:\xampp\htdocs\C4\index.php(44): CodeIgniter\CodeIgniter->run()
#13 {main}
INFO - 2025-11-24 19:13:37 --> Session: Class initialized using 'CodeIgniter\Session\Handlers\FileHandler' driver.
INFO - 2025-11-24 19:13:40 --> Session: Class initialized using 'CodeIgniter\Session\Handlers\FileHandler' driver.
INFO - 2025-11-24 19:14:27 --> Session: Class initialized using 'CodeIgniter\Session\Handlers\FileHandler' driver.
INFO - 2025-11-24 19:14:31 --> Session: Class initialized using 'CodeIgniter\Session\Handlers\FileHandler' driver.
INFO - 2025-11-24 19:14:36 --> Session: Class initialized using 'CodeIgniter\Session\Handlers\FileHandler' driver.
INFO - 2025-11-24 19:21:21 --> Session: Class initialized using 'CodeIgniter\Session\Handlers\FileHandler' driver.
INFO - 2025-11-24 19:21:24 --> Session: Class initialized using 'CodeIgniter\Session\Handlers\FileHandler' driver.
INFO - 2025-11-24 19:21:26 --> Session: Class initialized using 'CodeIgniter\Session\Handlers\FileHandler' driver.
INFO - 2025-11-24 19:21:30 --> Session: Class initialized using 'CodeIgniter\Session\Handlers\FileHandler' driver.
INFO - 2025-11-24 19:21:33 --> Session: Class initialized using 'CodeIgniter\Session\Handlers\FileHandler' driver.
INFO - 2025-11-24 19:21:36 --> Session: Class initialized using 'CodeIgniter\Session\Handlers\FileHandler' driver.
INFO - 2025-11-24 19:21:47 --> Session: Class initialized using 'CodeIgniter\Session\Handlers\FileHandler' driver.
INFO - 2025-11-24 19:21:50 --> Session: Class initialized using 'CodeIgniter\Session\Handlers\FileHandler' driver.
INFO - 2025-11-24 19:23:19 --> Session: Class initialized using 'CodeIgniter\Session\Handlers\FileHandler' driver.
INFO - 2025-11-24 19:24:44 --> Session: Class initialized using 'CodeIgniter\Session\Handlers\FileHandler' driver.
INFO - 2025-11-24 19:24:48 --> Session: Class initialized using 'CodeIgniter\Session\Handlers\FileHandler' driver.
INFO - 2025-11-24 19:25:18 --> Session: Class initialized using 'CodeIgniter\Session\Handlers\FileHandler' driver.
INFO - 2025-11-24 19:25:21 --> Session: Class initialized using 'CodeIgniter\Session\Handlers\FileHandler' driver.
INFO - 2025-11-24 19:28:12 --> Session: Class initialized using 'CodeIgniter\Session\Handlers\FileHandler' driver.
INFO - 2025-11-24 19:28:15 --> Session: Class initialized using 'CodeIgniter\Session\Handlers\FileHandler' driver.
INFO - 2025-11-24 19:28:25 --> Session: Class initialized using 'CodeIgniter\Session\Handlers\FileHandler' driver.
INFO - 2025-11-24 19:28:27 --> Session: Class initialized using 'CodeIgniter\Session\Handlers\FileHandler' driver.
INFO - 2025-11-24 19:28:46 --> Session: Class initialized using 'CodeIgniter\Session\Handlers\FileHandler' driver.
INFO - 2025-11-24 19:28:49 --> Session: Class initialized using 'CodeIgniter\Session\Handlers\FileHandler' driver.
INFO - 2025-11-24 19:36:17 --> Session: Class initialized using 'CodeIgniter\Session\Handlers\FileHandler' driver.
INFO - 2025-11-24 19:36:19 --> Session: Class initialized using 'CodeIgniter\Session\Handlers\FileHandler' driver.
INFO - 2025-11-24 19:38:20 --> Session: Class initialized using 'CodeIgniter\Session\Handlers\FileHandler' driver.
INFO - 2025-11-24 19:38:23 --> Session: Class initialized using 'CodeIgniter\Session\Handlers\FileHandler' driver.
INFO - 2025-11-24 19:40:27 --> Session: Class initialized using 'CodeIgniter\Session\Handlers\FileHandler' driver.
INFO - 2025-11-24 19:40:27 --> Session: Class initialized using 'CodeIgniter\Session\Handlers\FileHandler' driver.
INFO - 2025-11-24 19:40:30 --> Session: Class initialized using 'CodeIgniter\Session\Handlers\FileHandler' driver.
INFO - 2025-11-24 19:40:30 --> Session: Class initialized using 'CodeIgniter\Session\Handlers\FileHandler' driver.
INFO - 2025-11-24 19:40:47 --> Session: Class initialized using 'CodeIgniter\Session\Handlers\FileHandler' driver.
INFO - 2025-11-24 19:40:49 --> Session: Class initialized using 'CodeIgniter\Session\Handlers\FileHandler' driver.
INFO - 2025-11-24 19:42:30 --> Session: Class initialized using 'CodeIgniter\Session\Handlers\FileHandler' driver.
INFO - 2025-11-24 19:42:33 --> Session: Class initialized using 'CodeIgniter\Session\Handlers\FileHandler' driver.
CRITICAL - 2025-11-24 19:45:11 --> syntax error, unexpected '$year' (T_VARIABLE)
#0 C:\xampp\htdocs\C4\system\Router\Router.php(170): CodeIgniter\Router\Router->autoRoute('transaction/man...')
#1 C:\xampp\htdocs\C4\system\CodeIgniter.php(816): CodeIgniter\Router\Router->handle('transaction/man...')
#2 C:\xampp\htdocs\C4\system\CodeIgniter.php(385): CodeIgniter\CodeIgniter->tryToRouteIt(Object(CodeIgniter\Router\RouteCollection))
#3 C:\xampp\htdocs\C4\system\CodeIgniter.php(333): CodeIgniter\CodeIgniter->handleRequest(NULL, Object(Config\Cache), false)
#4 C:\xampp\htdocs\C4\index.php(44): CodeIgniter\CodeIgniter->run()
#5 {main}
CRITICAL - 2025-11-24 19:45:11 --> Uncaught ErrorException: Undefined variable: viewFile in C:\xampp\htdocs\C4\system\Debug\Exceptions.php:281
Stack trace:
#0 C:\xampp\htdocs\C4\system\Debug\Exceptions.php(281): CodeIgniter\Debug\Exceptions->errorHandler(8, 'Undefined varia...', 'C:\\xampp\\htdocs...', 281, Array)
#1 C:\xampp\htdocs\C4\system\Debug\Exceptions.php(281): include()
#2 C:\xampp\htdocs\C4\system\Debug\Exceptions.php(147): CodeIgniter\Debug\Exceptions->render(Object(ParseError), 500)
#3 [internal function]: CodeIgniter\Debug\Exceptions->exceptionHandler(Object(ParseError))
#4 {main}
  thrown
#0 [internal function]: CodeIgniter\Debug\Exceptions->shutdownHandler()
#1 {main}
CRITICAL - 2025-11-24 19:45:17 --> syntax error, unexpected '$year' (T_VARIABLE)
#0 C:\xampp\htdocs\C4\system\Router\Router.php(170): CodeIgniter\Router\Router->autoRoute('transaction/man...')
#1 C:\xampp\htdocs\C4\system\CodeIgniter.php(816): CodeIgniter\Router\Router->handle('transaction/man...')
#2 C:\xampp\htdocs\C4\system\CodeIgniter.php(385): CodeIgniter\CodeIgniter->tryToRouteIt(Object(CodeIgniter\Router\RouteCollection))
#3 C:\xampp\htdocs\C4\system\CodeIgniter.php(333): CodeIgniter\CodeIgniter->handleRequest(NULL, Object(Config\Cache), false)
#4 C:\xampp\htdocs\C4\index.php(44): CodeIgniter\CodeIgniter->run()
#5 {main}
CRITICAL - 2025-11-24 19:45:17 --> Uncaught ErrorException: Undefined variable: viewFile in C:\xampp\htdocs\C4\system\Debug\Exceptions.php:281
Stack trace:
#0 C:\xampp\htdocs\C4\system\Debug\Exceptions.php(281): CodeIgniter\Debug\Exceptions->errorHandler(8, 'Undefined varia...', 'C:\\xampp\\htdocs...', 281, Array)
#1 C:\xampp\htdocs\C4\system\Debug\Exceptions.php(281): include()
#2 C:\xampp\htdocs\C4\system\Debug\Exceptions.php(147): CodeIgniter\Debug\Exceptions->render(Object(ParseError), 500)
#3 [internal function]: CodeIgniter\Debug\Exceptions->exceptionHandler(Object(ParseError))
#4 {main}
  thrown
#0 [internal function]: CodeIgniter\Debug\Exceptions->shutdownHandler()
#1 {main}
CRITICAL - 2025-11-24 19:45:33 --> syntax error, unexpected ' ' (T_STRING)
#0 C:\xampp\htdocs\C4\system\Router\Router.php(170): CodeIgniter\Router\Router->autoRoute('transaction/man...')
#1 C:\xampp\htdocs\C4\system\CodeIgniter.php(816): CodeIgniter\Router\Router->handle('transaction/man...')
#2 C:\xampp\htdocs\C4\system\CodeIgniter.php(385): CodeIgniter\CodeIgniter->tryToRouteIt(Object(CodeIgniter\Router\RouteCollection))
#3 C:\xampp\htdocs\C4\system\CodeIgniter.php(333): CodeIgniter\CodeIgniter->handleRequest(NULL, Object(Config\Cache), false)
#4 C:\xampp\htdocs\C4\index.php(44): CodeIgniter\CodeIgniter->run()
#5 {main}
CRITICAL - 2025-11-24 19:45:33 --> Uncaught ErrorException: Undefined variable: viewFile in C:\xampp\htdocs\C4\system\Debug\Exceptions.php:281
Stack trace:
#0 C:\xampp\htdocs\C4\system\Debug\Exceptions.php(281): CodeIgniter\Debug\Exceptions->errorHandler(8, 'Undefined varia...', 'C:\\xampp\\htdocs...', 281, Array)
#1 C:\xampp\htdocs\C4\system\Debug\Exceptions.php(281): include()
#2 C:\xampp\htdocs\C4\system\Debug\Exceptions.php(147): CodeIgniter\Debug\Exceptions->render(Object(ParseError), 500)
#3 [internal function]: CodeIgniter\Debug\Exceptions->exceptionHandler(Object(ParseError))
#4 {main}
  thrown
#0 [internal function]: CodeIgniter\Debug\Exceptions->shutdownHandler()
#1 {main}
INFO - 2025-11-24 19:45:43 --> Session: Class initialized using 'CodeIgniter\Session\Handlers\FileHandler' driver.
INFO - 2025-11-24 19:45:45 --> Session: Class initialized using 'CodeIgniter\Session\Handlers\FileHandler' driver.
INFO - 2025-11-24 19:46:15 --> Session: Class initialized using 'CodeIgniter\Session\Handlers\FileHandler' driver.
INFO - 2025-11-24 19:46:16 --> Session: Class initialized using 'CodeIgniter\Session\Handlers\FileHandler' driver.
INFO - 2025-11-24 19:49:46 --> Session: Class initialized using 'CodeIgniter\Session\Handlers\FileHandler' driver.
INFO - 2025-11-24 19:49:49 --> Session: Class initialized using 'CodeIgniter\Session\Handlers\FileHandler' driver.
INFO - 2025-11-24 19:50:00 --> Session: Class initialized using 'CodeIgniter\Session\Handlers\FileHandler' driver.
INFO - 2025-11-24 19:50:01 --> Session: Class initialized using 'CodeIgniter\Session\Handlers\FileHandler' driver.
INFO - 2025-11-24 19:51:01 --> Session: Class initialized using 'CodeIgniter\Session\Handlers\FileHandler' driver.
INFO - 2025-11-24 19:51:03 --> Session: Class initialized using 'CodeIgniter\Session\Handlers\FileHandler' driver.
INFO - 2025-11-24 19:54:27 --> Session: Class initialized using 'CodeIgniter\Session\Handlers\FileHandler' driver.
INFO - 2025-11-24 19:54:28 --> Session: Class initialized using 'CodeIgniter\Session\Handlers\FileHandler' driver.
INFO - 2025-11-24 19:54:30 --> Session: Class initialized using 'CodeIgniter\Session\Handlers\FileHandler' driver.
INFO - 2025-11-24 19:54:31 --> Session: Class initialized using 'CodeIgniter\Session\Handlers\FileHandler' driver.
INFO - 2025-11-24 19:54:44 --> Session: Class initialized using 'CodeIgniter\Session\Handlers\FileHandler' driver.
INFO - 2025-11-24 19:54:47 --> Session: Class initialized using 'CodeIgniter\Session\Handlers\FileHandler' driver.
INFO - 2025-11-24 19:54:48 --> Session: Class initialized using 'CodeIgniter\Session\Handlers\FileHandler' driver.
INFO - 2025-11-24 19:55:02 --> Session: Class initialized using 'CodeIgniter\Session\Handlers\FileHandler' driver.
INFO - 2025-11-24 19:55:03 --> Session: Class initialized using 'CodeIgniter\Session\Handlers\FileHandler' driver.
INFO - 2025-11-24 19:55:09 --> Session: Class initialized using 'CodeIgniter\Session\Handlers\FileHandler' driver.
INFO - 2025-11-24 19:55:27 --> Session: Class initialized using 'CodeIgniter\Session\Handlers\FileHandler' driver.
INFO - 2025-11-24 19:55:29 --> Session: Class initialized using 'CodeIgniter\Session\Handlers\FileHandler' driver.
INFO - 2025-11-24 19:55:30 --> Session: Class initialized using 'CodeIgniter\Session\Handlers\FileHandler' driver.
INFO - 2025-11-24 19:55:31 --> Session: Class initialized using 'CodeIgniter\Session\Handlers\FileHandler' driver.
INFO - 2025-11-24 19:55:33 --> Session: Class initialized using 'CodeIgniter\Session\Handlers\FileHandler' driver.
INFO - 2025-11-24 19:55:36 --> Session: Class initialized using 'CodeIgniter\Session\Handlers\FileHandler' driver.
INFO - 2025-11-24 19:55:36 --> Session: Class initialized using 'CodeIgniter\Session\Handlers\FileHandler' driver.
INFO - 2025-11-24 19:55:43 --> Session: Class initialized using 'CodeIgniter\Session\Handlers\FileHandler' driver.
INFO - 2025-11-24 19:55:47 --> Session: Class initialized using 'CodeIgniter\Session\Handlers\FileHandler' driver.
INFO - 2025-11-24 19:55:48 --> Session: Class initialized using 'CodeIgniter\Session\Handlers\FileHandler' driver.
INFO - 2025-11-24 19:58:08 --> Session: Class initialized using 'CodeIgniter\Session\Handlers\FileHandler' driver.
INFO - 2025-11-24 19:58:12 --> Session: Class initialized using 'CodeIgniter\Session\Handlers\FileHandler' driver.
INFO - 2025-11-24 19:58:20 --> Session: Class initialized using 'CodeIgniter\Session\Handlers\FileHandler' driver.
INFO - 2025-11-24 19:58:22 --> Session: Class initialized using 'CodeIgniter\Session\Handlers\FileHandler' driver.
INFO - 2025-11-24 19:58:41 --> Session: Class initialized using 'CodeIgniter\Session\Handlers\FileHandler' driver.
INFO - 2025-11-24 19:58:42 --> Session: Class initialized using 'CodeIgniter\Session\Handlers\FileHandler' driver.
INFO - 2025-11-24 19:58:47 --> Session: Class initialized using 'CodeIgniter\Session\Handlers\FileHandler' driver.
INFO - 2025-11-24 19:58:51 --> Session: Class initialized using 'CodeIgniter\Session\Handlers\FileHandler' driver.
INFO - 2025-11-24 19:58:59 --> Session: Class initialized using 'CodeIgniter\Session\Handlers\FileHandler' driver.
INFO - 2025-11-24 19:59:00 --> Session: Class initialized using 'CodeIgniter\Session\Handlers\FileHandler' driver.
INFO - 2025-11-24 19:59:00 --> Session: Class initialized using 'CodeIgniter\Session\Handlers\FileHandler' driver.
INFO - 2025-11-24 19:59:09 --> Session: Class initialized using 'CodeIgniter\Session\Handlers\FileHandler' driver.
INFO - 2025-11-24 19:59:11 --> Session: Class initialized using 'CodeIgniter\Session\Handlers\FileHandler' driver.
INFO - 2025-11-24 19:59:11 --> Session: Class initialized using 'CodeIgniter\Session\Handlers\FileHandler' driver.
INFO - 2025-11-24 19:59:25 --> Session: Class initialized using 'CodeIgniter\Session\Handlers\FileHandler' driver.
INFO - 2025-11-24 19:59:29 --> Session: Class initialized using 'CodeIgniter\Session\Handlers\FileHandler' driver.
INFO - 2025-11-24 19:59:30 --> Session: Class initialized using 'CodeIgniter\Session\Handlers\FileHandler' driver.
INFO - 2025-11-24 19:59:43 --> Session: Class initialized using 'CodeIgniter\Session\Handlers\FileHandler' driver.
INFO - 2025-11-24 19:59:44 --> Session: Class initialized using 'CodeIgniter\Session\Handlers\FileHandler' driver.
INFO - 2025-11-24 20:00:15 --> Session: Class initialized using 'CodeIgniter\Session\Handlers\FileHandler' driver.
INFO - 2025-11-24 20:00:16 --> Session: Class initialized using 'CodeIgniter\Session\Handlers\FileHandler' driver.
INFO - 2025-11-24 20:00:18 --> Session: Class initialized using 'CodeIgniter\Session\Handlers\FileHandler' driver.
INFO - 2025-11-24 20:00:21 --> Session: Class initialized using 'CodeIgniter\Session\Handlers\FileHandler' driver.
INFO - 2025-11-24 20:00:29 --> Session: Class initialized using 'CodeIgniter\Session\Handlers\FileHandler' driver.
INFO - 2025-11-24 20:00:30 --> Session: Class initialized using 'CodeIgniter\Session\Handlers\FileHandler' driver.
INFO - 2025-11-24 20:00:31 --> Session: Class initialized using 'CodeIgniter\Session\Handlers\FileHandler' driver.
INFO - 2025-11-24 20:00:35 --> Session: Class initialized using 'CodeIgniter\Session\Handlers\FileHandler' driver.
INFO - 2025-11-24 20:00:36 --> Session: Class initialized using 'CodeIgniter\Session\Handlers\FileHandler' driver.
INFO - 2025-11-24 20:00:37 --> Session: Class initialized using 'CodeIgniter\Session\Handlers\FileHandler' driver.
INFO - 2025-11-24 20:00:37 --> Session: Class initialized using 'CodeIgniter\Session\Handlers\FileHandler' driver.
INFO - 2025-11-24 20:00:45 --> Session: Class initialized using 'CodeIgniter\Session\Handlers\FileHandler' driver.
INFO - 2025-11-24 20:00:47 --> Session: Class initialized using 'CodeIgniter\Session\Handlers\FileHandler' driver.
INFO - 2025-11-24 20:00:47 --> Session: Class initialized using 'CodeIgniter\Session\Handlers\FileHandler' driver.
INFO - 2025-11-24 20:00:50 --> Session: Class initialized using 'CodeIgniter\Session\Handlers\FileHandler' driver.
INFO - 2025-11-24 20:00:53 --> Session: Class initialized using 'CodeIgniter\Session\Handlers\FileHandler' driver.
INFO - 2025-11-24 20:00:57 --> Session: Class initialized using 'CodeIgniter\Session\Handlers\FileHandler' driver.
INFO - 2025-11-24 20:01:00 --> Session: Class initialized using 'CodeIgniter\Session\Handlers\FileHandler' driver.
INFO - 2025-11-24 20:01:25 --> Session: Class initialized using 'CodeIgniter\Session\Handlers\FileHandler' driver.
INFO - 2025-11-24 20:01:26 --> Session: Class initialized using 'CodeIgniter\Session\Handlers\FileHandler' driver.
INFO - 2025-11-24 20:05:37 --> Session: Class initialized using 'CodeIgniter\Session\Handlers\FileHandler' driver.
INFO - 2025-11-24 20:05:38 --> Session: Class initialized using 'CodeIgniter\Session\Handlers\FileHandler' driver.
INFO - 2025-11-24 20:05:52 --> Session: Class initialized using 'CodeIgniter\Session\Handlers\FileHandler' driver.
INFO - 2025-11-24 20:05:55 --> Session: Class initialized using 'CodeIgniter\Session\Handlers\FileHandler' driver.
INFO - 2025-11-24 20:06:52 --> Session: Class initialized using 'CodeIgniter\Session\Handlers\FileHandler' driver.
INFO - 2025-11-24 20:06:55 --> Session: Class initialized using 'CodeIgniter\Session\Handlers\FileHandler' driver.
INFO - 2025-11-24 20:07:24 --> Session: Class initialized using 'CodeIgniter\Session\Handlers\FileHandler' driver.
INFO - 2025-11-24 20:07:28 --> Session: Class initialized using 'CodeIgniter\Session\Handlers\FileHandler' driver.
INFO - 2025-11-24 20:08:09 --> Session: Class initialized using 'CodeIgniter\Session\Handlers\FileHandler' driver.
INFO - 2025-11-24 20:08:12 --> Session: Class initialized using 'CodeIgniter\Session\Handlers\FileHandler' driver.
INFO - 2025-11-24 20:08:24 --> Session: Class initialized using 'CodeIgniter\Session\Handlers\FileHandler' driver.
INFO - 2025-11-24 20:08:28 --> Session: Class initialized using 'CodeIgniter\Session\Handlers\FileHandler' driver.
INFO - 2025-11-24 20:08:30 --> Session: Class initialized using 'CodeIgniter\Session\Handlers\FileHandler' driver.
INFO - 2025-11-24 20:08:59 --> Session: Class initialized using 'CodeIgniter\Session\Handlers\FileHandler' driver.
INFO - 2025-11-24 20:09:00 --> Session: Class initialized using 'CodeIgniter\Session\Handlers\FileHandler' driver.
INFO - 2025-11-24 20:09:02 --> Session: Class initialized using 'CodeIgniter\Session\Handlers\FileHandler' driver.
INFO - 2025-11-24 20:09:03 --> Session: Class initialized using 'CodeIgniter\Session\Handlers\FileHandler' driver.
INFO - 2025-11-24 20:09:58 --> Session: Class initialized using 'CodeIgniter\Session\Handlers\FileHandler' driver.
INFO - 2025-11-24 20:09:59 --> Session: Class initialized using 'CodeIgniter\Session\Handlers\FileHandler' driver.
INFO - 2025-11-24 20:11:20 --> Session: Class initialized using 'CodeIgniter\Session\Handlers\FileHandler' driver.
INFO - 2025-11-24 20:11:22 --> Session: Class initialized using 'CodeIgniter\Session\Handlers\FileHandler' driver.
INFO - 2025-11-24 20:12:31 --> Session: Class initialized using 'CodeIgniter\Session\Handlers\FileHandler' driver.
INFO - 2025-11-24 20:12:35 --> Session: Class initialized using 'CodeIgniter\Session\Handlers\FileHandler' driver.
INFO - 2025-11-24 20:12:39 --> Session: Class initialized using 'CodeIgniter\Session\Handlers\FileHandler' driver.
INFO - 2025-11-24 20:13:29 --> Session: Class initialized using 'CodeIgniter\Session\Handlers\FileHandler' driver.
INFO - 2025-11-24 20:13:31 --> Session: Class initialized using 'CodeIgniter\Session\Handlers\FileHandler' driver.
INFO - 2025-11-24 20:13:41 --> Session: Class initialized using 'CodeIgniter\Session\Handlers\FileHandler' driver.
INFO - 2025-11-24 20:13:43 --> Session: Class initialized using 'CodeIgniter\Session\Handlers\FileHandler' driver.
INFO - 2025-11-24 21:06:51 --> Session: Class initialized using 'CodeIgniter\Session\Handlers\FileHandler' driver.
INFO - 2025-11-24 21:06:53 --> Session: Class initialized using 'CodeIgniter\Session\Handlers\FileHandler' driver.
INFO - 2025-11-24 21:06:56 --> Session: Class initialized using 'CodeIgniter\Session\Handlers\FileHandler' driver.
INFO - 2025-11-24 21:06:58 --> Session: Class initialized using 'CodeIgniter\Session\Handlers\FileHandler' driver.
INFO - 2025-11-24 21:07:15 --> Session: Class initialized using 'CodeIgniter\Session\Handlers\FileHandler' driver.
INFO - 2025-11-24 21:07:16 --> Session: Class initialized using 'CodeIgniter\Session\Handlers\FileHandler' driver.
INFO - 2025-11-24 21:07:20 --> Session: Class initialized using 'CodeIgniter\Session\Handlers\FileHandler' driver.
INFO - 2025-11-24 21:07:21 --> Session: Class initialized using 'CodeIgniter\Session\Handlers\FileHandler' driver.
INFO - 2025-11-24 21:08:01 --> Session: Class initialized using 'CodeIgniter\Session\Handlers\FileHandler' driver.
INFO - 2025-11-24 21:08:02 --> Session: Class initialized using 'CodeIgniter\Session\Handlers\FileHandler' driver.
INFO - 2025-11-24 21:08:58 --> Session: Class initialized using 'CodeIgniter\Session\Handlers\FileHandler' driver.
INFO - 2025-11-24 21:08:59 --> Session: Class initialized using 'CodeIgniter\Session\Handlers\FileHandler' driver.
INFO - 2025-11-24 21:09:02 --> Session: Class initialized using 'CodeIgniter\Session\Handlers\FileHandler' driver.
INFO - 2025-11-24 21:09:03 --> Session: Class initialized using 'CodeIgniter\Session\Handlers\FileHandler' driver.
INFO - 2025-11-24 21:10:42 --> Session: Class initialized using 'CodeIgniter\Session\Handlers\FileHandler' driver.
INFO - 2025-11-24 21:11:04 --> Session: Class initialized using 'CodeIgniter\Session\Handlers\FileHandler' driver.
INFO - 2025-11-24 21:18:18 --> Session: Class initialized using 'CodeIgniter\Session\Handlers\FileHandler' driver.
INFO - 2025-11-24 21:23:10 --> Session: Class initialized using 'CodeIgniter\Session\Handlers\FileHandler' driver.
INFO - 2025-11-24 21:23:11 --> Session: Class initialized using 'CodeIgniter\Session\Handlers\FileHandler' driver.
INFO - 2025-11-24 21:23:15 --> Session: Class initialized using 'CodeIgniter\Session\Handlers\FileHandler' driver.
INFO - 2025-11-24 21:23:16 --> Session: Class initialized using 'CodeIgniter\Session\Handlers\FileHandler' driver.
INFO - 2025-11-24 21:23:17 --> Session: Class initialized using 'CodeIgniter\Session\Handlers\FileHandler' driver.
INFO - 2025-11-24 21:23:17 --> Session: Class initialized using 'CodeIgniter\Session\Handlers\FileHandler' driver.
INFO - 2025-11-24 21:23:17 --> Session: Class initialized using 'CodeIgniter\Session\Handlers\FileHandler' driver.
INFO - 2025-11-24 21:23:18 --> Session: Class initialized using 'CodeIgniter\Session\Handlers\FileHandler' driver.
INFO - 2025-11-24 21:24:34 --> Session: Class initialized using 'CodeIgniter\Session\Handlers\FileHandler' driver.
INFO - 2025-11-24 21:24:35 --> Session: Class initialized using 'CodeIgniter\Session\Handlers\FileHandler' driver.
INFO - 2025-11-24 21:24:41 --> Session: Class initialized using 'CodeIgniter\Session\Handlers\FileHandler' driver.
INFO - 2025-11-24 21:24:42 --> Session: Class initialized using 'CodeIgniter\Session\Handlers\FileHandler' driver.
INFO - 2025-11-24 21:24:42 --> Session: Class initialized using 'CodeIgniter\Session\Handlers\FileHandler' driver.
INFO - 2025-11-24 21:24:42 --> Session: Class initialized using 'CodeIgniter\Session\Handlers\FileHandler' driver.
INFO - 2025-11-24 21:30:49 --> Session: Class initialized using 'CodeIgniter\Session\Handlers\FileHandler' driver.
INFO - 2025-11-24 21:30:52 --> Session: Class initialized using 'CodeIgniter\Session\Handlers\FileHandler' driver.
INFO - 2025-11-24 21:30:56 --> Session: Class initialized using 'CodeIgniter\Session\Handlers\FileHandler' driver.
INFO - 2025-11-24 21:30:59 --> Session: Class initialized using 'CodeIgniter\Session\Handlers\FileHandler' driver.
INFO - 2025-11-24 21:31:00 --> Session: Class initialized using 'CodeIgniter\Session\Handlers\FileHandler' driver.
INFO - 2025-11-24 21:34:57 --> Session: Class initialized using 'CodeIgniter\Session\Handlers\FileHandler' driver.
INFO - 2025-11-24 21:34:59 --> Session: Class initialized using 'CodeIgniter\Session\Handlers\FileHandler' driver.
INFO - 2025-11-24 21:35:02 --> Session: Class initialized using 'CodeIgniter\Session\Handlers\FileHandler' driver.
INFO - 2025-11-24 21:35:03 --> Session: Class initialized using 'CodeIgniter\Session\Handlers\FileHandler' driver.
INFO - 2025-11-24 21:35:04 --> Session: Class initialized using 'CodeIgniter\Session\Handlers\FileHandler' driver.
INFO - 2025-11-24 21:35:04 --> Session: Class initialized using 'CodeIgniter\Session\Handlers\FileHandler' driver.
INFO - 2025-11-24 21:35:04 --> Session: Class initialized using 'CodeIgniter\Session\Handlers\FileHandler' driver.
INFO - 2025-11-24 21:51:07 --> Session: Class initialized using 'CodeIgniter\Session\Handlers\FileHandler' driver.
INFO - 2025-11-24 21:51:10 --> Session: Class initialized using 'CodeIgniter\Session\Handlers\FileHandler' driver.
INFO - 2025-11-24 21:51:17 --> Session: Class initialized using 'CodeIgniter\Session\Handlers\FileHandler' driver.
INFO - 2025-11-24 21:51:19 --> Session: Class initialized using 'CodeIgniter\Session\Handlers\FileHandler' driver.
INFO - 2025-11-24 21:51:20 --> Session: Class initialized using 'CodeIgniter\Session\Handlers\FileHandler' driver.
INFO - 2025-11-24 21:51:40 --> Session: Class initialized using 'CodeIgniter\Session\Handlers\FileHandler' driver.
INFO - 2025-11-24 21:51:44 --> Session: Class initialized using 'CodeIgniter\Session\Handlers\FileHandler' driver.
INFO - 2025-11-24 21:51:50 --> Session: Class initialized using 'CodeIgniter\Session\Handlers\FileHandler' driver.
INFO - 2025-11-24 21:51:52 --> Session: Class initialized using 'CodeIgniter\Session\Handlers\FileHandler' driver.
INFO - 2025-11-24 21:51:53 --> Session: Class initialized using 'CodeIgniter\Session\Handlers\FileHandler' driver.
INFO - 2025-11-24 21:55:15 --> Session: Class initialized using 'CodeIgniter\Session\Handlers\FileHandler' driver.
INFO - 2025-11-24 21:55:18 --> Session: Class initialized using 'CodeIgniter\Session\Handlers\FileHandler' driver.
INFO - 2025-11-24 21:55:22 --> Session: Class initialized using 'CodeIgniter\Session\Handlers\FileHandler' driver.
INFO - 2025-11-24 21:55:24 --> Session: Class initialized using 'CodeIgniter\Session\Handlers\FileHandler' driver.
INFO - 2025-11-24 21:55:24 --> Session: Class initialized using 'CodeIgniter\Session\Handlers\FileHandler' driver.
INFO - 2025-11-24 21:55:48 --> Session: Class initialized using 'CodeIgniter\Session\Handlers\FileHandler' driver.
INFO - 2025-11-24 21:55:50 --> Session: Class initialized using 'CodeIgniter\Session\Handlers\FileHandler' driver.
INFO - 2025-11-24 21:56:01 --> Session: Class initialized using 'CodeIgniter\Session\Handlers\FileHandler' driver.
INFO - 2025-11-24 21:56:02 --> Session: Class initialized using 'CodeIgniter\Session\Handlers\FileHandler' driver.
INFO - 2025-11-24 21:56:03 --> Session: Class initialized using 'CodeIgniter\Session\Handlers\FileHandler' driver.
INFO - 2025-11-24 21:56:03 --> Session: Class initialized using 'CodeIgniter\Session\Handlers\FileHandler' driver.
INFO - 2025-11-24 21:56:03 --> Session: Class initialized using 'CodeIgniter\Session\Handlers\FileHandler' driver.
INFO - 2025-11-24 21:56:13 --> Session: Class initialized using 'CodeIgniter\Session\Handlers\FileHandler' driver.
INFO - 2025-11-24 21:56:16 --> Session: Class initialized using 'CodeIgniter\Session\Handlers\FileHandler' driver.
INFO - 2025-11-24 21:56:17 --> Session: Class initialized using 'CodeIgniter\Session\Handlers\FileHandler' driver.
INFO - 2025-11-24 21:56:17 --> Session: Class initialized using 'CodeIgniter\Session\Handlers\FileHandler' driver.
INFO - 2025-11-24 21:56:18 --> Session: Class initialized using 'CodeIgniter\Session\Handlers\FileHandler' driver.
INFO - 2025-11-24 21:58:21 --> Session: Class initialized using 'CodeIgniter\Session\Handlers\FileHandler' driver.
INFO - 2025-11-24 21:58:24 --> Session: Class initialized using 'CodeIgniter\Session\Handlers\FileHandler' driver.
INFO - 2025-11-24 21:58:34 --> Session: Class initialized using 'CodeIgniter\Session\Handlers\FileHandler' driver.
INFO - 2025-11-24 21:58:37 --> Session: Class initialized using 'CodeIgniter\Session\Handlers\FileHandler' driver.
INFO - 2025-11-24 21:58:37 --> Session: Class initialized using 'CodeIgniter\Session\Handlers\FileHandler' driver.
INFO - 2025-11-24 21:58:38 --> Session: Class initialized using 'CodeIgniter\Session\Handlers\FileHandler' driver.
INFO - 2025-11-24 21:58:38 --> Session: Class initialized using 'CodeIgniter\Session\Handlers\FileHandler' driver.
INFO - 2025-11-24 21:58:39 --> Session: Class initialized using 'CodeIgniter\Session\Handlers\FileHandler' driver.
INFO - 2025-11-24 21:58:40 --> Session: Class initialized using 'CodeIgniter\Session\Handlers\FileHandler' driver.
INFO - 2025-11-24 21:58:47 --> Session: Class initialized using 'CodeIgniter\Session\Handlers\FileHandler' driver.
INFO - 2025-11-24 21:58:49 --> Session: Class initialized using 'CodeIgniter\Session\Handlers\FileHandler' driver.
INFO - 2025-11-24 22:00:10 --> Session: Class initialized using 'CodeIgniter\Session\Handlers\FileHandler' driver.
INFO - 2025-11-24 22:00:13 --> Session: Class initialized using 'CodeIgniter\Session\Handlers\FileHandler' driver.
INFO - 2025-11-24 22:00:19 --> Session: Class initialized using 'CodeIgniter\Session\Handlers\FileHandler' driver.
INFO - 2025-11-24 22:00:20 --> Session: Class initialized using 'CodeIgniter\Session\Handlers\FileHandler' driver.
INFO - 2025-11-24 22:00:21 --> Session: Class initialized using 'CodeIgniter\Session\Handlers\FileHandler' driver.
INFO - 2025-11-24 22:00:22 --> Session: Class initialized using 'CodeIgniter\Session\Handlers\FileHandler' driver.
INFO - 2025-11-24 22:00:22 --> Session: Class initialized using 'CodeIgniter\Session\Handlers\FileHandler' driver.
INFO - 2025-11-24 22:03:50 --> Session: Class initialized using 'CodeIgniter\Session\Handlers\FileHandler' driver.
INFO - 2025-11-24 22:03:52 --> Session: Class initialized using 'CodeIgniter\Session\Handlers\FileHandler' driver.
INFO - 2025-11-24 22:07:47 --> Session: Class initialized using 'CodeIgniter\Session\Handlers\FileHandler' driver.
INFO - 2025-11-24 22:07:51 --> Session: Class initialized using 'CodeIgniter\Session\Handlers\FileHandler' driver.
INFO - 2025-11-24 22:07:54 --> Session: Class initialized using 'CodeIgniter\Session\Handlers\FileHandler' driver.
INFO - 2025-11-24 22:07:55 --> Session: Class initialized using 'CodeIgniter\Session\Handlers\FileHandler' driver.
INFO - 2025-11-24 22:07:56 --> Session: Class initialized using 'CodeIgniter\Session\Handlers\FileHandler' driver.
INFO - 2025-11-24 22:07:58 --> Session: Class initialized using 'CodeIgniter\Session\Handlers\FileHandler' driver.
INFO - 2025-11-24 22:10:09 --> Session: Class initialized using 'CodeIgniter\Session\Handlers\FileHandler' driver.
INFO - 2025-11-24 22:10:18 --> Session: Class initialized using 'CodeIgniter\Session\Handlers\FileHandler' driver.
INFO - 2025-11-24 22:10:20 --> Session: Class initialized using 'CodeIgniter\Session\Handlers\FileHandler' driver.
INFO - 2025-11-24 22:10:22 --> Session: Class initialized using 'CodeIgniter\Session\Handlers\FileHandler' driver.
INFO - 2025-11-24 22:10:31 --> Session: Class initialized using 'CodeIgniter\Session\Handlers\FileHandler' driver.
INFO - 2025-11-24 22:10:35 --> Session: Class initialized using 'CodeIgniter\Session\Handlers\FileHandler' driver.
INFO - 2025-11-24 22:10:40 --> Session: Class initialized using 'CodeIgniter\Session\Handlers\FileHandler' driver.
INFO - 2025-11-24 22:10:43 --> Session: Class initialized using 'CodeIgniter\Session\Handlers\FileHandler' driver.
INFO - 2025-11-24 22:10:48 --> Session: Class initialized using 'CodeIgniter\Session\Handlers\FileHandler' driver.
INFO - 2025-11-24 22:10:51 --> Session: Class initialized using 'CodeIgniter\Session\Handlers\FileHandler' driver.
INFO - 2025-11-24 22:16:45 --> Session: Class initialized using 'CodeIgniter\Session\Handlers\FileHandler' driver.
INFO - 2025-11-24 22:16:49 --> Session: Class initialized using 'CodeIgniter\Session\Handlers\FileHandler' driver.
INFO - 2025-11-24 22:16:52 --> Session: Class initialized using 'CodeIgniter\Session\Handlers\FileHandler' driver.
INFO - 2025-11-24 22:16:53 --> Session: Class initialized using 'CodeIgniter\Session\Handlers\FileHandler' driver.
INFO - 2025-11-24 22:16:54 --> Session: Class initialized using 'CodeIgniter\Session\Handlers\FileHandler' driver.
INFO - 2025-11-24 22:16:55 --> Session: Class initialized using 'CodeIgniter\Session\Handlers\FileHandler' driver.
INFO - 2025-11-24 22:16:57 --> Session: Class initialized using 'CodeIgniter\Session\Handlers\FileHandler' driver.
INFO - 2025-11-24 22:20:08 --> Session: Class initialized using 'CodeIgniter\Session\Handlers\FileHandler' driver.
INFO - 2025-11-24 22:20:11 --> Session: Class initialized using 'CodeIgniter\Session\Handlers\FileHandler' driver.
INFO - 2025-11-24 22:20:16 --> Session: Class initialized using 'CodeIgniter\Session\Handlers\FileHandler' driver.
INFO - 2025-11-24 22:20:17 --> Session: Class initialized using 'CodeIgniter\Session\Handlers\FileHandler' driver.
INFO - 2025-11-24 22:20:18 --> Session: Class initialized using 'CodeIgniter\Session\Handlers\FileHandler' driver.
INFO - 2025-11-24 22:20:18 --> Session: Class initialized using 'CodeIgniter\Session\Handlers\FileHandler' driver.
INFO - 2025-11-24 22:20:21 --> Session: Class initialized using 'CodeIgniter\Session\Handlers\FileHandler' driver.
INFO - 2025-11-24 22:22:00 --> Session: Class initialized using 'CodeIgniter\Session\Handlers\FileHandler' driver.
INFO - 2025-11-24 22:22:03 --> Session: Class initialized using 'CodeIgniter\Session\Handlers\FileHandler' driver.
INFO - 2025-11-24 22:22:08 --> Session: Class initialized using 'CodeIgniter\Session\Handlers\FileHandler' driver.
INFO - 2025-11-24 22:23:00 --> Session: Class initialized using 'CodeIgniter\Session\Handlers\FileHandler' driver.
INFO - 2025-11-24 22:23:02 --> Session: Class initialized using 'CodeIgniter\Session\Handlers\FileHandler' driver.
INFO - 2025-11-24 22:23:25 --> Session: Class initialized using 'CodeIgniter\Session\Handlers\FileHandler' driver.
INFO - 2025-11-24 22:23:27 --> Session: Class initialized using 'CodeIgniter\Session\Handlers\FileHandler' driver.
INFO - 2025-11-24 22:23:28 --> Session: Class initialized using 'CodeIgniter\Session\Handlers\FileHandler' driver.
INFO - 2025-11-24 22:23:30 --> Session: Class initialized using 'CodeIgniter\Session\Handlers\FileHandler' driver.
INFO - 2025-11-24 22:23:33 --> Session: Class initialized using 'CodeIgniter\Session\Handlers\FileHandler' driver.
INFO - 2025-11-24 22:23:35 --> Session: Class initialized using 'CodeIgniter\Session\Handlers\FileHandler' driver.
INFO - 2025-11-24 22:24:07 --> Session: Class initialized using 'CodeIgniter\Session\Handlers\FileHandler' driver.
INFO - 2025-11-24 22:24:08 --> Session: Class initialized using 'CodeIgniter\Session\Handlers\FileHandler' driver.
INFO - 2025-11-24 22:24:12 --> Session: Class initialized using 'CodeIgniter\Session\Handlers\FileHandler' driver.
INFO - 2025-11-24 22:24:14 --> Session: Class initialized using 'CodeIgniter\Session\Handlers\FileHandler' driver.
INFO - 2025-11-24 22:24:14 --> Session: Class initialized using 'CodeIgniter\Session\Handlers\FileHandler' driver.
INFO - 2025-11-24 22:25:23 --> Session: Class initialized using 'CodeIgniter\Session\Handlers\FileHandler' driver.
INFO - 2025-11-24 22:25:26 --> Session: Class initialized using 'CodeIgniter\Session\Handlers\FileHandler' driver.
INFO - 2025-11-24 22:25:27 --> Session: Class initialized using 'CodeIgniter\Session\Handlers\FileHandler' driver.
INFO - 2025-11-24 22:26:53 --> Session: Class initialized using 'CodeIgniter\Session\Handlers\FileHandler' driver.
INFO - 2025-11-24 22:27:18 --> Session: Class initialized using 'CodeIgniter\Session\Handlers\FileHandler' driver.
INFO - 2025-11-24 22:27:21 --> Session: Class initialized using 'CodeIgniter\Session\Handlers\FileHandler' driver.
INFO - 2025-11-24 22:27:26 --> Session: Class initialized using 'CodeIgniter\Session\Handlers\FileHandler' driver.
INFO - 2025-11-24 22:27:33 --> Session: Class initialized using 'CodeIgniter\Session\Handlers\FileHandler' driver.
INFO - 2025-11-24 22:27:43 --> Session: Class initialized using 'CodeIgniter\Session\Handlers\FileHandler' driver.
INFO - 2025-11-24 22:29:07 --> Session: Class initialized using 'CodeIgniter\Session\Handlers\FileHandler' driver.
INFO - 2025-11-24 22:29:09 --> Session: Class initialized using 'CodeIgniter\Session\Handlers\FileHandler' driver.
INFO - 2025-11-24 22:29:18 --> Session: Class initialized using 'CodeIgniter\Session\Handlers\FileHandler' driver.
INFO - 2025-11-24 22:29:20 --> Session: Class initialized using 'CodeIgniter\Session\Handlers\FileHandler' driver.
INFO - 2025-11-24 22:29:46 --> Session: Class initialized using 'CodeIgniter\Session\Handlers\FileHandler' driver.
INFO - 2025-11-24 22:29:47 --> Session: Class initialized using 'CodeIgniter\Session\Handlers\FileHandler' driver.
INFO - 2025-11-24 22:36:09 --> Session: Class initialized using 'CodeIgniter\Session\Handlers\FileHandler' driver.
INFO - 2025-11-24 22:36:12 --> Session: Class initialized using 'CodeIgniter\Session\Handlers\FileHandler' driver.
INFO - 2025-11-24 22:36:14 --> Session: Class initialized using 'CodeIgniter\Session\Handlers\FileHandler' driver.
INFO - 2025-11-24 22:36:19 --> Session: Class initialized using 'CodeIgniter\Session\Handlers\FileHandler' driver.
INFO - 2025-11-24 22:38:02 --> Session: Class initialized using 'CodeIgniter\Session\Handlers\FileHandler' driver.
INFO - 2025-11-24 22:38:05 --> Session: Class initialized using 'CodeIgniter\Session\Handlers\FileHandler' driver.
INFO - 2025-11-24 22:38:09 --> Session: Class initialized using 'CodeIgniter\Session\Handlers\FileHandler' driver.
INFO - 2025-11-24 22:38:12 --> Session: Class initialized using 'CodeIgniter\Session\Handlers\FileHandler' driver.
INFO - 2025-11-24 22:38:26 --> Session: Class initialized using 'CodeIgniter\Session\Handlers\FileHandler' driver.
INFO - 2025-11-24 22:38:29 --> Session: Class initialized using 'CodeIgniter\Session\Handlers\FileHandler' driver.
INFO - 2025-11-24 22:38:47 --> Session: Class initialized using 'CodeIgniter\Session\Handlers\FileHandler' driver.
INFO - 2025-11-24 22:38:51 --> Session: Class initialized using 'CodeIgniter\Session\Handlers\FileHandler' driver.
INFO - 2025-11-24 22:38:54 --> Session: Class initialized using 'CodeIgniter\Session\Handlers\FileHandler' driver.
INFO - 2025-11-24 22:38:57 --> Session: Class initialized using 'CodeIgniter\Session\Handlers\FileHandler' driver.
INFO - 2025-11-24 22:39:26 --> Session: Class initialized using 'CodeIgniter\Session\Handlers\FileHandler' driver.
INFO - 2025-11-24 22:39:29 --> Session: Class initialized using 'CodeIgniter\Session\Handlers\FileHandler' driver.
INFO - 2025-11-24 22:39:32 --> Session: Class initialized using 'CodeIgniter\Session\Handlers\FileHandler' driver.
INFO - 2025-11-24 22:40:03 --> Session: Class initialized using 'CodeIgniter\Session\Handlers\FileHandler' driver.
INFO - 2025-11-24 22:40:05 --> Session: Class initialized using 'CodeIgniter\Session\Handlers\FileHandler' driver.
INFO - 2025-11-24 22:40:07 --> Session: Class initialized using 'CodeIgniter\Session\Handlers\FileHandler' driver.
INFO - 2025-11-24 22:40:50 --> Session: Class initialized using 'CodeIgniter\Session\Handlers\FileHandler' driver.
INFO - 2025-11-24 22:40:51 --> Session: Class initialized using 'CodeIgniter\Session\Handlers\FileHandler' driver.
INFO - 2025-11-24 22:40:54 --> Session: Class initialized using 'CodeIgniter\Session\Handlers\FileHandler' driver.
INFO - 2025-11-24 22:40:56 --> Session: Class initialized using 'CodeIgniter\Session\Handlers\FileHandler' driver.
INFO - 2025-11-24 22:41:31 --> Session: Class initialized using 'CodeIgniter\Session\Handlers\FileHandler' driver.
INFO - 2025-11-24 22:41:33 --> Session: Class initialized using 'CodeIgniter\Session\Handlers\FileHandler' driver.
INFO - 2025-11-24 22:41:36 --> Session: Class initialized using 'CodeIgniter\Session\Handlers\FileHandler' driver.
INFO - 2025-11-24 22:43:09 --> Session: Class initialized using 'CodeIgniter\Session\Handlers\FileHandler' driver.
INFO - 2025-11-24 22:43:11 --> Session: Class initialized using 'CodeIgniter\Session\Handlers\FileHandler' driver.
INFO - 2025-11-24 22:43:14 --> Session: Class initialized using 'CodeIgniter\Session\Handlers\FileHandler' driver.
INFO - 2025-11-24 22:43:48 --> Session: Class initialized using 'CodeIgniter\Session\Handlers\FileHandler' driver.
INFO - 2025-11-24 22:43:49 --> Session: Class initialized using 'CodeIgniter\Session\Handlers\FileHandler' driver.
INFO - 2025-11-24 22:43:53 --> Session: Class initialized using 'CodeIgniter\Session\Handlers\FileHandler' driver.
INFO - 2025-11-24 22:44:43 --> Session: Class initialized using 'CodeIgniter\Session\Handlers\FileHandler' driver.
INFO - 2025-11-24 22:44:45 --> Session: Class initialized using 'CodeIgniter\Session\Handlers\FileHandler' driver.
INFO - 2025-11-24 22:45:15 --> Session: Class initialized using 'CodeIgniter\Session\Handlers\FileHandler' driver.
INFO - 2025-11-24 22:45:53 --> Session: Class initialized using 'CodeIgniter\Session\Handlers\FileHandler' driver.
INFO - 2025-11-24 22:50:53 --> Session: Class initialized using 'CodeIgniter\Session\Handlers\FileHandler' driver.
INFO - 2025-11-24 22:50:55 --> Session: Class initialized using 'CodeIgniter\Session\Handlers\FileHandler' driver.
INFO - 2025-11-24 22:50:58 --> Session: Class initialized using 'CodeIgniter\Session\Handlers\FileHandler' driver.
INFO - 2025-11-24 22:51:38 --> Session: Class initialized using 'CodeIgniter\Session\Handlers\FileHandler' driver.
INFO - 2025-11-24 22:51:41 --> Session: Class initialized using 'CodeIgniter\Session\Handlers\FileHandler' driver.
INFO - 2025-11-24 22:52:03 --> Session: Class initialized using 'CodeIgniter\Session\Handlers\FileHandler' driver.
INFO - 2025-11-24 22:52:11 --> Session: Class initialized using 'CodeIgniter\Session\Handlers\FileHandler' driver.
INFO - 2025-11-24 22:52:15 --> Session: Class initialized using 'CodeIgniter\Session\Handlers\FileHandler' driver.
INFO - 2025-11-24 22:52:19 --> Session: Class initialized using 'CodeIgniter\Session\Handlers\FileHandler' driver.
INFO - 2025-11-24 22:52:23 --> Session: Class initialized using 'CodeIgniter\Session\Handlers\FileHandler' driver.
INFO - 2025-11-24 22:53:17 --> Session: Class initialized using 'CodeIgniter\Session\Handlers\FileHandler' driver.
INFO - 2025-11-24 22:53:20 --> Session: Class initialized using 'CodeIgniter\Session\Handlers\FileHandler' driver.
INFO - 2025-11-24 22:53:24 --> Session: Class initialized using 'CodeIgniter\Session\Handlers\FileHandler' driver.
INFO - 2025-11-24 22:53:44 --> Session: Class initialized using 'CodeIgniter\Session\Handlers\FileHandler' driver.
INFO - 2025-11-24 22:53:47 --> Session: Class initialized using 'CodeIgniter\Session\Handlers\FileHandler' driver.
INFO - 2025-11-24 22:53:57 --> Session: Class initialized using 'CodeIgniter\Session\Handlers\FileHandler' driver.
INFO - 2025-11-24 22:54:45 --> Session: Class initialized using 'CodeIgniter\Session\Handlers\FileHandler' driver.
INFO - 2025-11-24 22:54:48 --> Session: Class initialized using 'CodeIgniter\Session\Handlers\FileHandler' driver.
INFO - 2025-11-24 22:54:52 --> Session: Class initialized using 'CodeIgniter\Session\Handlers\FileHandler' driver.
INFO - 2025-11-24 22:55:59 --> Session: Class initialized using 'CodeIgniter\Session\Handlers\FileHandler' driver.
INFO - 2025-11-24 22:55:59 --> Session: Class initialized using 'CodeIgniter\Session\Handlers\FileHandler' driver.
INFO - 2025-11-24 22:56:02 --> Session: Class initialized using 'CodeIgniter\Session\Handlers\FileHandler' driver.
INFO - 2025-11-24 22:56:03 --> Session: Class initialized using 'CodeIgniter\Session\Handlers\FileHandler' driver.
INFO - 2025-11-24 22:56:25 --> Session: Class initialized using 'CodeIgniter\Session\Handlers\FileHandler' driver.
INFO - 2025-11-24 22:56:26 --> Session: Class initialized using 'CodeIgniter\Session\Handlers\FileHandler' driver.
INFO - 2025-11-24 22:58:20 --> Session: Class initialized using 'CodeIgniter\Session\Handlers\FileHandler' driver.
INFO - 2025-11-24 22:58:24 --> Session: Class initialized using 'CodeIgniter\Session\Handlers\FileHandler' driver.
INFO - 2025-11-24 22:58:32 --> Session: Class initialized using 'CodeIgniter\Session\Handlers\FileHandler' driver.
INFO - 2025-11-24 22:58:43 --> Session: Class initialized using 'CodeIgniter\Session\Handlers\FileHandler' driver.
INFO - 2025-11-24 22:58:45 --> Session: Class initialized using 'CodeIgniter\Session\Handlers\FileHandler' driver.
INFO - 2025-11-24 22:59:10 --> Session: Class initialized using 'CodeIgniter\Session\Handlers\FileHandler' driver.
INFO - 2025-11-24 22:59:14 --> Session: Class initialized using 'CodeIgniter\Session\Handlers\FileHandler' driver.
INFO - 2025-11-24 22:59:18 --> Session: Class initialized using 'CodeIgniter\Session\Handlers\FileHandler' driver.
INFO - 2025-11-24 22:59:25 --> Session: Class initialized using 'CodeIgniter\Session\Handlers\FileHandler' driver.
INFO - 2025-11-24 22:59:59 --> Session: Class initialized using 'CodeIgniter\Session\Handlers\FileHandler' driver.
INFO - 2025-11-24 23:00:03 --> Session: Class initialized using 'CodeIgniter\Session\Handlers\FileHandler' driver.
INFO - 2025-11-24 23:00:07 --> Session: Class initialized using 'CodeIgniter\Session\Handlers\FileHandler' driver.
INFO - 2025-11-24 23:00:23 --> Session: Class initialized using 'CodeIgniter\Session\Handlers\FileHandler' driver.
INFO - 2025-11-24 23:00:41 --> Session: Class initialized using 'CodeIgniter\Session\Handlers\FileHandler' driver.
INFO - 2025-11-24 23:00:44 --> Session: Class initialized using 'CodeIgniter\Session\Handlers\FileHandler' driver.
INFO - 2025-11-24 23:00:48 --> Session: Class initialized using 'CodeIgniter\Session\Handlers\FileHandler' driver.
INFO - 2025-11-24 23:01:00 --> Session: Class initialized using 'CodeIgniter\Session\Handlers\FileHandler' driver.
INFO - 2025-11-24 23:01:03 --> Session: Class initialized using 'CodeIgniter\Session\Handlers\FileHandler' driver.
INFO - 2025-11-24 23:01:06 --> Session: Class initialized using 'CodeIgniter\Session\Handlers\FileHandler' driver.
INFO - 2025-11-24 23:02:35 --> Session: Class initialized using 'CodeIgniter\Session\Handlers\FileHandler' driver.
INFO - 2025-11-24 23:02:39 --> Session: Class initialized using 'CodeIgniter\Session\Handlers\FileHandler' driver.
INFO - 2025-11-24 23:02:43 --> Session: Class initialized using 'CodeIgniter\Session\Handlers\FileHandler' driver.
INFO - 2025-11-24 23:03:02 --> Session: Class initialized using 'CodeIgniter\Session\Handlers\FileHandler' driver.
INFO - 2025-11-24 23:03:05 --> Session: Class initialized using 'CodeIgniter\Session\Handlers\FileHandler' driver.
INFO - 2025-11-24 23:03:10 --> Session: Class initialized using 'CodeIgniter\Session\Handlers\FileHandler' driver.
INFO - 2025-11-24 23:05:27 --> Session: Class initialized using 'CodeIgniter\Session\Handlers\FileHandler' driver.
INFO - 2025-11-24 23:05:30 --> Session: Class initialized using 'CodeIgniter\Session\Handlers\FileHandler' driver.
INFO - 2025-11-24 23:05:33 --> Session: Class initialized using 'CodeIgniter\Session\Handlers\FileHandler' driver.
INFO - 2025-11-24 23:06:41 --> Session: Class initialized using 'CodeIgniter\Session\Handlers\FileHandler' driver.
INFO - 2025-11-24 23:06:44 --> Session: Class initialized using 'CodeIgniter\Session\Handlers\FileHandler' driver.
INFO - 2025-11-24 23:06:46 --> Session: Class initialized using 'CodeIgniter\Session\Handlers\FileHandler' driver.
INFO - 2025-11-24 23:08:02 --> Session: Class initialized using 'CodeIgniter\Session\Handlers\FileHandler' driver.
INFO - 2025-11-24 23:08:05 --> Session: Class initialized using 'CodeIgniter\Session\Handlers\FileHandler' driver.
INFO - 2025-11-24 23:08:08 --> Session: Class initialized using 'CodeIgniter\Session\Handlers\FileHandler' driver.
INFO - 2025-11-24 23:09:23 --> Session: Class initialized using 'CodeIgniter\Session\Handlers\FileHandler' driver.
INFO - 2025-11-24 23:09:26 --> Session: Class initialized using 'CodeIgniter\Session\Handlers\FileHandler' driver.
INFO - 2025-11-24 23:09:31 --> Session: Class initialized using 'CodeIgniter\Session\Handlers\FileHandler' driver.
INFO - 2025-11-24 23:10:29 --> Session: Class initialized using 'CodeIgniter\Session\Handlers\FileHandler' driver.
INFO - 2025-11-24 23:10:32 --> Session: Class initialized using 'CodeIgniter\Session\Handlers\FileHandler' driver.
INFO - 2025-11-24 23:10:39 --> Session: Class initialized using 'CodeIgniter\Session\Handlers\FileHandler' driver.
INFO - 2025-11-24 23:14:44 --> Session: Class initialized using 'CodeIgniter\Session\Handlers\FileHandler' driver.
INFO - 2025-11-24 23:14:46 --> Session: Class initialized using 'CodeIgniter\Session\Handlers\FileHandler' driver.
INFO - 2025-11-24 23:14:50 --> Session: Class initialized using 'CodeIgniter\Session\Handlers\FileHandler' driver.
INFO - 2025-11-24 23:15:41 --> Session: Class initialized using 'CodeIgniter\Session\Handlers\FileHandler' driver.
INFO - 2025-11-24 23:15:44 --> Session: Class initialized using 'CodeIgniter\Session\Handlers\FileHandler' driver.
INFO - 2025-11-24 23:15:47 --> Session: Class initialized using 'CodeIgniter\Session\Handlers\FileHandler' driver.
INFO - 2025-11-24 23:15:49 --> Session: Class initialized using 'CodeIgniter\Session\Handlers\FileHandler' driver.
INFO - 2025-11-24 23:15:56 --> Session: Class initialized using 'CodeIgniter\Session\Handlers\FileHandler' driver.
INFO - 2025-11-24 23:16:47 --> Session: Class initialized using 'CodeIgniter\Session\Handlers\FileHandler' driver.
INFO - 2025-11-24 23:16:50 --> Session: Class initialized using 'CodeIgniter\Session\Handlers\FileHandler' driver.
INFO - 2025-11-24 23:16:53 --> Session: Class initialized using 'CodeIgniter\Session\Handlers\FileHandler' driver.
INFO - 2025-11-24 23:17:50 --> Session: Class initialized using 'CodeIgniter\Session\Handlers\FileHandler' driver.
INFO - 2025-11-24 23:17:53 --> Session: Class initialized using 'CodeIgniter\Session\Handlers\FileHandler' driver.
INFO - 2025-11-24 23:17:56 --> Session: Class initialized using 'CodeIgniter\Session\Handlers\FileHandler' driver.
INFO - 2025-11-24 23:18:03 --> Session: Class initialized using 'CodeIgniter\Session\Handlers\FileHandler' driver.
INFO - 2025-11-24 23:18:11 --> Session: Class initialized using 'CodeIgniter\Session\Handlers\FileHandler' driver.
INFO - 2025-11-24 23:18:46 --> Session: Class initialized using 'CodeIgniter\Session\Handlers\FileHandler' driver.
INFO - 2025-11-24 23:18:49 --> Session: Class initialized using 'CodeIgniter\Session\Handlers\FileHandler' driver.
INFO - 2025-11-24 23:18:51 --> Session: Class initialized using 'CodeIgniter\Session\Handlers\FileHandler' driver.
INFO - 2025-11-24 23:18:56 --> Session: Class initialized using 'CodeIgniter\Session\Handlers\FileHandler' driver.
INFO - 2025-11-24 23:18:57 --> Session: Class initialized using 'CodeIgniter\Session\Handlers\FileHandler' driver.
INFO - 2025-11-24 23:18:57 --> Session: Class initialized using 'CodeIgniter\Session\Handlers\FileHandler' driver.
INFO - 2025-11-24 23:18:57 --> Session: Class initialized using 'CodeIgniter\Session\Handlers\FileHandler' driver.
INFO - 2025-11-24 23:18:57 --> Session: Class initialized using 'CodeIgniter\Session\Handlers\FileHandler' driver.
INFO - 2025-11-24 23:18:57 --> Session: Class initialized using 'CodeIgniter\Session\Handlers\FileHandler' driver.
INFO - 2025-11-24 23:18:57 --> Session: Class initialized using 'CodeIgniter\Session\Handlers\FileHandler' driver.
INFO - 2025-11-24 23:19:01 --> Session: Class initialized using 'CodeIgniter\Session\Handlers\FileHandler' driver.
INFO - 2025-11-24 23:19:01 --> Session: Class initialized using 'CodeIgniter\Session\Handlers\FileHandler' driver.
INFO - 2025-11-24 23:19:01 --> Session: Class initialized using 'CodeIgniter\Session\Handlers\FileHandler' driver.
INFO - 2025-11-24 23:19:01 --> Session: Class initialized using 'CodeIgniter\Session\Handlers\FileHandler' driver.
INFO - 2025-11-24 23:19:02 --> Session: Class initialized using 'CodeIgniter\Session\Handlers\FileHandler' driver.
INFO - 2025-11-24 23:19:04 --> Session: Class initialized using 'CodeIgniter\Session\Handlers\FileHandler' driver.
INFO - 2025-11-24 23:19:04 --> Session: Class initialized using 'CodeIgniter\Session\Handlers\FileHandler' driver.
INFO - 2025-11-24 23:20:08 --> Session: Class initialized using 'CodeIgniter\Session\Handlers\FileHandler' driver.
INFO - 2025-11-24 23:20:11 --> Session: Class initialized using 'CodeIgniter\Session\Handlers\FileHandler' driver.
INFO - 2025-11-24 23:20:17 --> Session: Class initialized using 'CodeIgniter\Session\Handlers\FileHandler' driver.
INFO - 2025-11-24 23:20:22 --> Session: Class initialized using 'CodeIgniter\Session\Handlers\FileHandler' driver.
INFO - 2025-11-24 23:20:22 --> Session: Class initialized using 'CodeIgniter\Session\Handlers\FileHandler' driver.
INFO - 2025-11-24 23:20:24 --> Session: Class initialized using 'CodeIgniter\Session\Handlers\FileHandler' driver.
INFO - 2025-11-24 23:20:24 --> Session: Class initialized using 'CodeIgniter\Session\Handlers\FileHandler' driver.
INFO - 2025-11-24 23:20:25 --> Session: Class initialized using 'CodeIgniter\Session\Handlers\FileHandler' driver.
INFO - 2025-11-24 23:20:26 --> Session: Class initialized using 'CodeIgniter\Session\Handlers\FileHandler' driver.
INFO - 2025-11-24 23:21:27 --> Session: Class initialized using 'CodeIgniter\Session\Handlers\FileHandler' driver.
INFO - 2025-11-24 23:21:30 --> Session: Class initialized using 'CodeIgniter\Session\Handlers\FileHandler' driver.
INFO - 2025-11-24 23:21:34 --> Session: Class initialized using 'CodeIgniter\Session\Handlers\FileHandler' driver.
INFO - 2025-11-24 23:21:36 --> Session: Class initialized using 'CodeIgniter\Session\Handlers\FileHandler' driver.
INFO - 2025-11-24 23:21:38 --> Session: Class initialized using 'CodeIgniter\Session\Handlers\FileHandler' driver.
INFO - 2025-11-24 23:21:38 --> Session: Class initialized using 'CodeIgniter\Session\Handlers\FileHandler' driver.
INFO - 2025-11-24 23:21:40 --> Session: Class initialized using 'CodeIgniter\Session\Handlers\FileHandler' driver.
INFO - 2025-11-24 23:21:41 --> Session: Class initialized using 'CodeIgniter\Session\Handlers\FileHandler' driver.
INFO - 2025-11-24 23:22:22 --> Session: Class initialized using 'CodeIgniter\Session\Handlers\FileHandler' driver.
INFO - 2025-11-24 23:22:24 --> Session: Class initialized using 'CodeIgniter\Session\Handlers\FileHandler' driver.
INFO - 2025-11-24 23:22:31 --> Session: Class initialized using 'CodeIgniter\Session\Handlers\FileHandler' driver.
INFO - 2025-11-24 23:22:34 --> Session: Class initialized using 'CodeIgniter\Session\Handlers\FileHandler' driver.
INFO - 2025-11-24 23:22:34 --> Session: Class initialized using 'CodeIgniter\Session\Handlers\FileHandler' driver.
INFO - 2025-11-24 23:22:35 --> Session: Class initialized using 'CodeIgniter\Session\Handlers\FileHandler' driver.
INFO - 2025-11-24 23:22:36 --> Session: Class initialized using 'CodeIgniter\Session\Handlers\FileHandler' driver.
INFO - 2025-11-24 23:22:37 --> Session: Class initialized using 'CodeIgniter\Session\Handlers\FileHandler' driver.
INFO - 2025-11-24 23:23:07 --> Session: Class initialized using 'CodeIgniter\Session\Handlers\FileHandler' driver.
INFO - 2025-11-24 23:23:10 --> Session: Class initialized using 'CodeIgniter\Session\Handlers\FileHandler' driver.
INFO - 2025-11-24 23:23:14 --> Session: Class initialized using 'CodeIgniter\Session\Handlers\FileHandler' driver.
INFO - 2025-11-24 23:23:23 --> Session: Class initialized using 'CodeIgniter\Session\Handlers\FileHandler' driver.
INFO - 2025-11-24 23:23:23 --> Session: Class initialized using 'CodeIgniter\Session\Handlers\FileHandler' driver.
INFO - 2025-11-24 23:23:24 --> Session: Class initialized using 'CodeIgniter\Session\Handlers\FileHandler' driver.
INFO - 2025-11-24 23:25:10 --> Session: Class initialized using 'CodeIgniter\Session\Handlers\FileHandler' driver.
INFO - 2025-11-24 23:25:13 --> Session: Class initialized using 'CodeIgniter\Session\Handlers\FileHandler' driver.
INFO - 2025-11-24 23:25:16 --> Session: Class initialized using 'CodeIgniter\Session\Handlers\FileHandler' driver.
INFO - 2025-11-24 23:25:18 --> Session: Class initialized using 'CodeIgniter\Session\Handlers\FileHandler' driver.
INFO - 2025-11-24 23:25:18 --> Session: Class initialized using 'CodeIgniter\Session\Handlers\FileHandler' driver.
INFO - 2025-11-24 23:25:19 --> Session: Class initialized using 'CodeIgniter\Session\Handlers\FileHandler' driver.
INFO - 2025-11-24 23:25:19 --> Session: Class initialized using 'CodeIgniter\Session\Handlers\FileHandler' driver.
INFO - 2025-11-24 23:26:34 --> Session: Class initialized using 'CodeIgniter\Session\Handlers\FileHandler' driver.
INFO - 2025-11-24 23:26:36 --> Session: Class initialized using 'CodeIgniter\Session\Handlers\FileHandler' driver.
INFO - 2025-11-24 23:26:38 --> Session: Class initialized using 'CodeIgniter\Session\Handlers\FileHandler' driver.
INFO - 2025-11-24 23:26:41 --> Session: Class initialized using 'CodeIgniter\Session\Handlers\FileHandler' driver.
INFO - 2025-11-24 23:26:45 --> Session: Class initialized using 'CodeIgniter\Session\Handlers\FileHandler' driver.
INFO - 2025-11-24 23:26:48 --> Session: Class initialized using 'CodeIgniter\Session\Handlers\FileHandler' driver.
INFO - 2025-11-24 23:27:08 --> Session: Class initialized using 'CodeIgniter\Session\Handlers\FileHandler' driver.
INFO - 2025-11-24 23:27:11 --> Session: Class initialized using 'CodeIgniter\Session\Handlers\FileHandler' driver.
INFO - 2025-11-24 23:27:26 --> Session: Class initialized using 'CodeIgniter\Session\Handlers\FileHandler' driver.
INFO - 2025-11-24 23:27:29 --> Session: Class initialized using 'CodeIgniter\Session\Handlers\FileHandler' driver.
INFO - 2025-11-24 23:27:39 --> Session: Class initialized using 'CodeIgniter\Session\Handlers\FileHandler' driver.
INFO - 2025-11-24 23:27:41 --> Session: Class initialized using 'CodeIgniter\Session\Handlers\FileHandler' driver.
INFO - 2025-11-24 23:29:51 --> Session: Class initialized using 'CodeIgniter\Session\Handlers\FileHandler' driver.
INFO - 2025-11-24 23:29:54 --> Session: Class initialized using 'CodeIgniter\Session\Handlers\FileHandler' driver.
INFO - 2025-11-24 23:29:57 --> Session: Class initialized using 'CodeIgniter\Session\Handlers\FileHandler' driver.
INFO - 2025-11-24 23:30:00 --> Session: Class initialized using 'CodeIgniter\Session\Handlers\FileHandler' driver.
INFO - 2025-11-24 23:30:48 --> Session: Class initialized using 'CodeIgniter\Session\Handlers\FileHandler' driver.
INFO - 2025-11-24 23:30:51 --> Session: Class initialized using 'CodeIgniter\Session\Handlers\FileHandler' driver.
INFO - 2025-11-24 23:30:55 --> Session: Class initialized using 'CodeIgniter\Session\Handlers\FileHandler' driver.
INFO - 2025-11-24 23:30:57 --> Session: Class initialized using 'CodeIgniter\Session\Handlers\FileHandler' driver.
INFO - 2025-11-24 23:30:57 --> Session: Class initialized using 'CodeIgniter\Session\Handlers\FileHandler' driver.
INFO - 2025-11-24 23:32:21 --> Session: Class initialized using 'CodeIgniter\Session\Handlers\FileHandler' driver.
INFO - 2025-11-24 23:32:24 --> Session: Class initialized using 'CodeIgniter\Session\Handlers\FileHandler' driver.
INFO - 2025-11-24 23:32:26 --> Session: Class initialized using 'CodeIgniter\Session\Handlers\FileHandler' driver.
INFO - 2025-11-24 23:32:27 --> Session: Class initialized using 'CodeIgniter\Session\Handlers\FileHandler' driver.
INFO - 2025-11-24 23:32:28 --> Session: Class initialized using 'CodeIgniter\Session\Handlers\FileHandler' driver.
INFO - 2025-11-24 23:32:28 --> Session: Class initialized using 'CodeIgniter\Session\Handlers\FileHandler' driver.
INFO - 2025-11-24 23:32:29 --> Session: Class initialized using 'CodeIgniter\Session\Handlers\FileHandler' driver.
INFO - 2025-11-24 23:32:31 --> Session: Class initialized using 'CodeIgniter\Session\Handlers\FileHandler' driver.
INFO - 2025-11-24 23:32:31 --> Session: Class initialized using 'CodeIgniter\Session\Handlers\FileHandler' driver.
INFO - 2025-11-24 23:32:43 --> Session: Class initialized using 'CodeIgniter\Session\Handlers\FileHandler' driver.
INFO - 2025-11-24 23:32:46 --> Session: Class initialized using 'CodeIgniter\Session\Handlers\FileHandler' driver.
INFO - 2025-11-24 23:32:50 --> Session: Class initialized using 'CodeIgniter\Session\Handlers\FileHandler' driver.
INFO - 2025-11-24 23:32:51 --> Session: Class initialized using 'CodeIgniter\Session\Handlers\FileHandler' driver.
INFO - 2025-11-24 23:32:51 --> Session: Class initialized using 'CodeIgniter\Session\Handlers\FileHandler' driver.
INFO - 2025-11-24 23:32:52 --> Session: Class initialized using 'CodeIgniter\Session\Handlers\FileHandler' driver.
INFO - 2025-11-24 23:32:52 --> Session: Class initialized using 'CodeIgniter\Session\Handlers\FileHandler' driver.
INFO - 2025-11-24 23:33:36 --> Session: Class initialized using 'CodeIgniter\Session\Handlers\FileHandler' driver.
INFO - 2025-11-24 23:33:39 --> Session: Class initialized using 'CodeIgniter\Session\Handlers\FileHandler' driver.
INFO - 2025-11-24 23:33:42 --> Session: Class initialized using 'CodeIgniter\Session\Handlers\FileHandler' driver.
INFO - 2025-11-24 23:33:43 --> Session: Class initialized using 'CodeIgniter\Session\Handlers\FileHandler' driver.
INFO - 2025-11-24 23:33:43 --> Session: Class initialized using 'CodeIgniter\Session\Handlers\FileHandler' driver.
INFO - 2025-11-24 23:34:01 --> Session: Class initialized using 'CodeIgniter\Session\Handlers\FileHandler' driver.
INFO - 2025-11-24 23:34:04 --> Session: Class initialized using 'CodeIgniter\Session\Handlers\FileHandler' driver.
INFO - 2025-11-24 23:34:07 --> Session: Class initialized using 'CodeIgniter\Session\Handlers\FileHandler' driver.
INFO - 2025-11-24 23:34:07 --> Session: Class initialized using 'CodeIgniter\Session\Handlers\FileHandler' driver.
INFO - 2025-11-24 23:34:07 --> Session: Class initialized using 'CodeIgniter\Session\Handlers\FileHandler' driver.
INFO - 2025-11-24 23:34:40 --> Session: Class initialized using 'CodeIgniter\Session\Handlers\FileHandler' driver.
INFO - 2025-11-24 23:34:44 --> Session: Class initialized using 'CodeIgniter\Session\Handlers\FileHandler' driver.
INFO - 2025-11-24 23:34:48 --> Session: Class initialized using 'CodeIgniter\Session\Handlers\FileHandler' driver.
INFO - 2025-11-24 23:34:48 --> Session: Class initialized using 'CodeIgniter\Session\Handlers\FileHandler' driver.
INFO - 2025-11-24 23:34:49 --> Session: Class initialized using 'CodeIgniter\Session\Handlers\FileHandler' driver.
INFO - 2025-11-24 23:35:29 --> Session: Class initialized using 'CodeIgniter\Session\Handlers\FileHandler' driver.
INFO - 2025-11-24 23:35:32 --> Session: Class initialized using 'CodeIgniter\Session\Handlers\FileHandler' driver.
INFO - 2025-11-24 23:35:36 --> Session: Class initialized using 'CodeIgniter\Session\Handlers\FileHandler' driver.
INFO - 2025-11-24 23:35:37 --> Session: Class initialized using 'CodeIgniter\Session\Handlers\FileHandler' driver.
INFO - 2025-11-24 23:35:41 --> Session: Class initialized using 'CodeIgniter\Session\Handlers\FileHandler' driver.
INFO - 2025-11-24 23:35:41 --> Session: Class initialized using 'CodeIgniter\Session\Handlers\FileHandler' driver.
INFO - 2025-11-24 23:35:42 --> Session: Class initialized using 'CodeIgniter\Session\Handlers\FileHandler' driver.
INFO - 2025-11-24 23:35:45 --> Session: Class initialized using 'CodeIgniter\Session\Handlers\FileHandler' driver.
INFO - 2025-11-24 23:35:46 --> Session: Class initialized using 'CodeIgniter\Session\Handlers\FileHandler' driver.
INFO - 2025-11-24 23:35:47 --> Session: Class initialized using 'CodeIgniter\Session\Handlers\FileHandler' driver.
INFO - 2025-11-24 23:35:50 --> Session: Class initialized using 'CodeIgniter\Session\Handlers\FileHandler' driver.
INFO - 2025-11-24 23:35:56 --> Session: Class initialized using 'CodeIgniter\Session\Handlers\FileHandler' driver.
INFO - 2025-11-24 23:36:15 --> Session: Class initialized using 'CodeIgniter\Session\Handlers\FileHandler' driver.
INFO - 2025-11-24 23:36:16 --> Session: Class initialized using 'CodeIgniter\Session\Handlers\FileHandler' driver.
INFO - 2025-11-24 23:36:17 --> Session: Class initialized using 'CodeIgniter\Session\Handlers\FileHandler' driver.
INFO - 2025-11-24 23:36:31 --> Session: Class initialized using 'CodeIgniter\Session\Handlers\FileHandler' driver.
INFO - 2025-11-24 23:38:21 --> Session: Class initialized using 'CodeIgniter\Session\Handlers\FileHandler' driver.
INFO - 2025-11-24 23:38:22 --> Session: Class initialized using 'CodeIgniter\Session\Handlers\FileHandler' driver.
INFO - 2025-11-24 23:38:23 --> Session: Class initialized using 'CodeIgniter\Session\Handlers\FileHandler' driver.
INFO - 2025-11-24 23:38:23 --> Session: Class initialized using 'CodeIgniter\Session\Handlers\FileHandler' driver.
INFO - 2025-11-24 23:38:30 --> Session: Class initialized using 'CodeIgniter\Session\Handlers\FileHandler' driver.
INFO - 2025-11-24 23:45:50 --> Session: Class initialized using 'CodeIgniter\Session\Handlers\FileHandler' driver.
INFO - 2025-11-24 23:46:23 --> Session: Class initialized using 'CodeIgniter\Session\Handlers\FileHandler' driver.
INFO - 2025-11-24 23:46:25 --> Session: Class initialized using 'CodeIgniter\Session\Handlers\FileHandler' driver.
INFO - 2025-11-24 23:46:27 --> Session: Class initialized using 'CodeIgniter\Session\Handlers\FileHandler' driver.
INFO - 2025-11-24 23:46:42 --> Session: Class initialized using 'CodeIgniter\Session\Handlers\FileHandler' driver.
INFO - 2025-11-24 23:46:44 --> Session: Class initialized using 'CodeIgniter\Session\Handlers\FileHandler' driver.
INFO - 2025-11-24 23:46:46 --> Session: Class initialized using 'CodeIgniter\Session\Handlers\FileHandler' driver.
CRITICAL - 2025-11-24 23:49:28 --> syntax error, unexpected 'Unknown' (T_STRING), expecting ')'
#0 C:\xampp\htdocs\C4\system\Autoloader\Autoloader.php(265): CodeIgniter\Autoloader\Autoloader->includeFile('C:\\xampp\\htdocs...')
#1 C:\xampp\htdocs\C4\system\Autoloader\Autoloader.php(228): CodeIgniter\Autoloader\Autoloader->loadInNamespace('App\\Models\\Tran...')
#2 [internal function]: CodeIgniter\Autoloader\Autoloader->loadClass('App\\Models\\Tran...')
#3 C:\xampp\htdocs\C4\app\Controllers\Transaction.php(16): spl_autoload_call('App\\Models\\Tran...')
#4 C:\xampp\htdocs\C4\system\CodeIgniter.php(908): App\Controllers\Transaction->__construct()
#5 C:\xampp\htdocs\C4\system\CodeIgniter.php(422): CodeIgniter\CodeIgniter->createController()
#6 C:\xampp\htdocs\C4\system\CodeIgniter.php(333): CodeIgniter\CodeIgniter->handleRequest(NULL, Object(Config\Cache), false)
#7 C:\xampp\htdocs\C4\index.php(44): CodeIgniter\CodeIgniter->run()
#8 {main}
CRITICAL - 2025-11-24 23:49:28 --> Uncaught ErrorException: Undefined variable: viewFile in C:\xampp\htdocs\C4\system\Debug\Exceptions.php:281
Stack trace:
#0 C:\xampp\htdocs\C4\system\Debug\Exceptions.php(281): CodeIgniter\Debug\Exceptions->errorHandler(8, 'Undefined varia...', 'C:\\xampp\\htdocs...', 281, Array)
#1 C:\xampp\htdocs\C4\system\Debug\Exceptions.php(281): include()
#2 C:\xampp\htdocs\C4\system\Debug\Exceptions.php(147): CodeIgniter\Debug\Exceptions->render(Object(ParseError), 500)
#3 [internal function]: CodeIgniter\Debug\Exceptions->exceptionHandler(Object(ParseError))
#4 {main}
  thrown
#0 [internal function]: CodeIgniter\Debug\Exceptions->shutdownHandler()
#1 {main}
INFO - 2025-11-24 23:50:12 --> Session: Class initialized using 'CodeIgniter\Session\Handlers\FileHandler' driver.
INFO - 2025-11-24 23:50:13 --> Session: Class initialized using 'CodeIgniter\Session\Handlers\FileHandler' driver.
INFO - 2025-11-24 23:50:16 --> Session: Class initialized using 'CodeIgniter\Session\Handlers\FileHandler' driver.
INFO - 2025-11-24 23:50:17 --> Session: Class initialized using 'CodeIgniter\Session\Handlers\FileHandler' driver.
INFO - 2025-11-24 23:50:18 --> Session: Class initialized using 'CodeIgniter\Session\Handlers\FileHandler' driver.
INFO - 2025-11-24 23:50:18 --> Session: Class initialized using 'CodeIgniter\Session\Handlers\FileHandler' driver.
INFO - 2025-11-24 23:50:19 --> Session: Class initialized using 'CodeIgniter\Session\Handlers\FileHandler' driver.
INFO - 2025-11-24 23:50:23 --> Session: Class initialized using 'CodeIgniter\Session\Handlers\FileHandler' driver.
INFO - 2025-11-24 23:50:34 --> Session: Class initialized using 'CodeIgniter\Session\Handlers\FileHandler' driver.
INFO - 2025-11-24 23:50:35 --> Session: Class initialized using 'CodeIgniter\Session\Handlers\FileHandler' driver.
INFO - 2025-11-24 23:50:54 --> Session: Class initialized using 'CodeIgniter\Session\Handlers\FileHandler' driver.
INFO - 2025-11-24 23:50:55 --> Session: Class initialized using 'CodeIgniter\Session\Handlers\FileHandler' driver.
INFO - 2025-11-24 23:51:06 --> Session: Class initialized using 'CodeIgniter\Session\Handlers\FileHandler' driver.
INFO - 2025-11-24 23:57:50 --> Session: Class initialized using 'CodeIgniter\Session\Handlers\FileHandler' driver.
INFO - 2025-11-24 23:57:53 --> Session: Class initialized using 'CodeIgniter\Session\Handlers\FileHandler' driver.
INFO - 2025-11-24 23:57:58 --> Session: Class initialized using 'CodeIgniter\Session\Handlers\FileHandler' driver.
INFO - 2025-11-24 23:59:54 --> Session: Class initialized using 'CodeIgniter\Session\Handlers\FileHandler' driver.
INFO - 2025-11-24 23:59:57 --> Session: Class initialized using 'CodeIgniter\Session\Handlers\FileHandler' driver.
