INFO - 2026-09-07 00:01:12 --> Session: Class initialized using 'CodeIgniter\Session\Handlers\FileHandler' driver.
INFO - 2026-09-07 00:05:35 --> Session: Class initialized using 'CodeIgniter\Session\Handlers\FileHandler' driver.
INFO - 2026-09-07 00:15:08 --> Session: Class initialized using 'CodeIgniter\Session\Handlers\FileHandler' driver.
INFO - 2026-09-07 00:15:13 --> Session: Class initialized using 'CodeIgniter\Session\Handlers\FileHandler' driver.
INFO - 2026-09-07 00:15:19 --> Session: Class initialized using 'CodeIgniter\Session\Handlers\FileHandler' driver.
INFO - 2026-09-07 00:15:36 --> Session: Class initialized using 'CodeIgniter\Session\Handlers\FileHandler' driver.
INFO - 2026-09-07 00:19:18 --> Session: Class initialized using 'CodeIgniter\Session\Handlers\FileHandler' driver.
INFO - 2026-09-07 00:19:40 --> Session: Class initialized using 'CodeIgniter\Session\Handlers\FileHandler' driver.
INFO - 2026-09-07 00:19:41 --> Session: Class initialized using 'CodeIgniter\Session\Handlers\FileHandler' driver.
INFO - 2026-09-07 00:32:14 --> Session: Class initialized using 'CodeIgniter\Session\Handlers\FileHandler' driver.
INFO - 2026-09-07 00:33:49 --> Session: Class initialized using 'CodeIgniter\Session\Handlers\FileHandler' driver.
INFO - 2026-09-07 00:44:49 --> Session: Class initialized using 'CodeIgniter\Session\Handlers\FileHandler' driver.
INFO - 2026-09-07 00:46:17 --> Session: Class initialized using 'CodeIgniter\Session\Handlers\FileHandler' driver.
INFO - 2026-09-07 00:47:50 --> Session: Class initialized using 'CodeIgniter\Session\Handlers\FileHandler' driver.
INFO - 2026-09-07 00:47:52 --> Session: Class initialized using 'CodeIgniter\Session\Handlers\FileHandler' driver.
INFO - 2026-09-07 00:47:53 --> Session: Class initialized using 'CodeIgniter\Session\Handlers\FileHandler' driver.
INFO - 2026-09-07 00:47:58 --> Session: Class initialized using 'CodeIgniter\Session\Handlers\FileHandler' driver.
INFO - 2026-09-07 00:48:00 --> Session: Class initialized using 'CodeIgniter\Session\Handlers\FileHandler' driver.
INFO - 2026-09-07 00:48:02 --> Session: Class initialized using 'CodeIgniter\Session\Handlers\FileHandler' driver.
INFO - 2026-09-07 00:48:04 --> Session: Class initialized using 'CodeIgniter\Session\Handlers\FileHandler' driver.
INFO - 2026-09-07 00:48:06 --> Session: Class initialized using 'CodeIgniter\Session\Handlers\FileHandler' driver.
INFO - 2026-09-07 00:48:07 --> Session: Class initialized using 'CodeIgniter\Session\Handlers\FileHandler' driver.
INFO - 2026-09-07 00:48:10 --> Session: Class initialized using 'CodeIgniter\Session\Handlers\FileHandler' driver.
INFO - 2026-09-07 00:48:12 --> Session: Class initialized using 'CodeIgniter\Session\Handlers\FileHandler' driver.
INFO - 2026-09-07 00:48:12 --> Session: Class initialized using 'CodeIgniter\Session\Handlers\FileHandler' driver.
INFO - 2026-09-07 00:48:14 --> Session: Class initialized using 'CodeIgniter\Session\Handlers\FileHandler' driver.
INFO - 2026-09-07 00:48:15 --> Session: Class initialized using 'CodeIgniter\Session\Handlers\FileHandler' driver.
INFO - 2026-09-07 00:48:17 --> Session: Class initialized using 'CodeIgniter\Session\Handlers\FileHandler' driver.
INFO - 2026-09-07 00:48:18 --> Session: Class initialized using 'CodeIgniter\Session\Handlers\FileHandler' driver.
INFO - 2026-09-07 00:48:20 --> Session: Class initialized using 'CodeIgniter\Session\Handlers\FileHandler' driver.
INFO - 2026-09-07 00:48:20 --> Session: Class initialized using 'CodeIgniter\Session\Handlers\FileHandler' driver.
INFO - 2026-09-07 00:48:22 --> Session: Class initialized using 'CodeIgniter\Session\Handlers\FileHandler' driver.
INFO - 2026-09-07 00:48:23 --> Session: Class initialized using 'CodeIgniter\Session\Handlers\FileHandler' driver.
INFO - 2026-09-07 00:48:26 --> Session: Class initialized using 'CodeIgniter\Session\Handlers\FileHandler' driver.
INFO - 2026-09-07 00:48:27 --> Session: Class initialized using 'CodeIgniter\Session\Handlers\FileHandler' driver.
INFO - 2026-09-07 00:48:29 --> Session: Class initialized using 'CodeIgniter\Session\Handlers\FileHandler' driver.
INFO - 2026-09-07 00:48:35 --> Session: Class initialized using 'CodeIgniter\Session\Handlers\FileHandler' driver.
INFO - 2026-09-07 00:48:38 --> Session: Class initialized using 'CodeIgniter\Session\Handlers\FileHandler' driver.
INFO - 2026-09-07 00:48:43 --> Session: Class initialized using 'CodeIgniter\Session\Handlers\FileHandler' driver.
INFO - 2026-09-07 00:49:02 --> Session: Class initialized using 'CodeIgniter\Session\Handlers\FileHandler' driver.
INFO - 2026-09-07 00:49:05 --> Session: Class initialized using 'CodeIgniter\Session\Handlers\FileHandler' driver.
INFO - 2026-09-07 00:49:05 --> Session: Class initialized using 'CodeIgniter\Session\Handlers\FileHandler' driver.
INFO - 2026-09-07 00:49:25 --> Session: Class initialized using 'CodeIgniter\Session\Handlers\FileHandler' driver.
INFO - 2026-09-07 00:49:27 --> Session: Class initialized using 'CodeIgniter\Session\Handlers\FileHandler' driver.
INFO - 2026-09-07 00:50:35 --> Session: Class initialized using 'CodeIgniter\Session\Handlers\FileHandler' driver.
INFO - 2026-09-07 00:50:39 --> Session: Class initialized using 'CodeIgniter\Session\Handlers\FileHandler' driver.
INFO - 2026-09-07 00:54:56 --> Session: Class initialized using 'CodeIgniter\Session\Handlers\FileHandler' driver.
INFO - 2026-09-07 00:55:19 --> Session: Class initialized using 'CodeIgniter\Session\Handlers\FileHandler' driver.
INFO - 2026-09-07 00:55:22 --> Session: Class initialized using 'CodeIgniter\Session\Handlers\FileHandler' driver.
INFO - 2026-09-07 00:55:22 --> Session: Class initialized using 'CodeIgniter\Session\Handlers\FileHandler' driver.
INFO - 2026-09-07 00:55:32 --> Session: Class initialized using 'CodeIgniter\Session\Handlers\FileHandler' driver.
INFO - 2026-09-07 00:56:18 --> Session: Class initialized using 'CodeIgniter\Session\Handlers\FileHandler' driver.
INFO - 2026-09-07 00:56:36 --> Session: Class initialized using 'CodeIgniter\Session\Handlers\FileHandler' driver.
INFO - 2026-09-07 00:56:44 --> Session: Class initialized using 'CodeIgniter\Session\Handlers\FileHandler' driver.
INFO - 2026-09-07 00:56:44 --> Session: Class initialized using 'CodeIgniter\Session\Handlers\FileHandler' driver.
INFO - 2026-09-07 00:56:48 --> Session: Class initialized using 'CodeIgniter\Session\Handlers\FileHandler' driver.
INFO - 2026-09-07 00:56:51 --> Session: Class initialized using 'CodeIgniter\Session\Handlers\FileHandler' driver.
INFO - 2026-09-07 00:56:55 --> Session: Class initialized using 'CodeIgniter\Session\Handlers\FileHandler' driver.
INFO - 2026-09-07 00:56:58 --> Session: Class initialized using 'CodeIgniter\Session\Handlers\FileHandler' driver.
INFO - 2026-09-07 00:56:59 --> Session: Class initialized using 'CodeIgniter\Session\Handlers\FileHandler' driver.
INFO - 2026-09-07 00:57:15 --> Session: Class initialized using 'CodeIgniter\Session\Handlers\FileHandler' driver.
INFO - 2026-09-07 00:57:17 --> Session: Class initialized using 'CodeIgniter\Session\Handlers\FileHandler' driver.
INFO - 2026-09-07 00:57:23 --> Session: Class initialized using 'CodeIgniter\Session\Handlers\FileHandler' driver.
INFO - 2026-09-07 00:57:26 --> Session: Class initialized using 'CodeIgniter\Session\Handlers\FileHandler' driver.
INFO - 2026-09-07 00:57:26 --> Session: Class initialized using 'CodeIgniter\Session\Handlers\FileHandler' driver.
INFO - 2026-09-07 00:57:32 --> Session: Class initialized using 'CodeIgniter\Session\Handlers\FileHandler' driver.
INFO - 2026-09-07 00:57:34 --> Session: Class initialized using 'CodeIgniter\Session\Handlers\FileHandler' driver.
INFO - 2026-09-07 00:57:34 --> Session: Class initialized using 'CodeIgniter\Session\Handlers\FileHandler' driver.
INFO - 2026-09-07 00:57:37 --> Session: Class initialized using 'CodeIgniter\Session\Handlers\FileHandler' driver.
INFO - 2026-09-07 00:57:40 --> Session: Class initialized using 'CodeIgniter\Session\Handlers\FileHandler' driver.
INFO - 2026-09-07 00:58:03 --> Session: Class initialized using 'CodeIgniter\Session\Handlers\FileHandler' driver.
INFO - 2026-09-07 00:59:37 --> Session: Class initialized using 'CodeIgniter\Session\Handlers\FileHandler' driver.
INFO - 2026-09-07 00:59:39 --> Session: Class initialized using 'CodeIgniter\Session\Handlers\FileHandler' driver.
INFO - 2026-09-07 00:59:40 --> Session: Class initialized using 'CodeIgniter\Session\Handlers\FileHandler' driver.
INFO - 2026-09-07 00:59:41 --> Session: Class initialized using 'CodeIgniter\Session\Handlers\FileHandler' driver.
INFO - 2026-09-07 01:01:38 --> Session: Class initialized using 'CodeIgniter\Session\Handlers\FileHandler' driver.
INFO - 2026-09-07 01:04:12 --> Session: Class initialized using 'CodeIgniter\Session\Handlers\FileHandler' driver.
INFO - 2026-09-07 01:04:15 --> Session: Class initialized using 'CodeIgniter\Session\Handlers\FileHandler' driver.
INFO - 2026-09-07 01:04:16 --> Session: Class initialized using 'CodeIgniter\Session\Handlers\FileHandler' driver.
INFO - 2026-09-07 01:04:19 --> Session: Class initialized using 'CodeIgniter\Session\Handlers\FileHandler' driver.
INFO - 2026-09-07 01:04:22 --> Session: Class initialized using 'CodeIgniter\Session\Handlers\FileHandler' driver.
INFO - 2026-09-07 01:04:37 --> Session: Class initialized using 'CodeIgniter\Session\Handlers\FileHandler' driver.
INFO - 2026-09-07 01:04:38 --> Session: Class initialized using 'CodeIgniter\Session\Handlers\FileHandler' driver.
INFO - 2026-09-07 01:04:44 --> Session: Class initialized using 'CodeIgniter\Session\Handlers\FileHandler' driver.
INFO - 2026-09-07 01:04:51 --> Session: Class initialized using 'CodeIgniter\Session\Handlers\FileHandler' driver.
INFO - 2026-09-07 01:05:04 --> Session: Class initialized using 'CodeIgniter\Session\Handlers\FileHandler' driver.
INFO - 2026-09-07 01:05:06 --> Session: Class initialized using 'CodeIgniter\Session\Handlers\FileHandler' driver.
INFO - 2026-09-07 01:05:06 --> Session: Class initialized using 'CodeIgniter\Session\Handlers\FileHandler' driver.
INFO - 2026-09-07 19:21:11 --> Session: Class initialized using 'CodeIgniter\Session\Handlers\FileHandler' driver.
INFO - 2026-09-07 19:21:13 --> Session: Class initialized using 'CodeIgniter\Session\Handlers\FileHandler' driver.
INFO - 2026-09-07 19:21:50 --> Session: Class initialized using 'CodeIgniter\Session\Handlers\FileHandler' driver.
INFO - 2026-09-07 19:21:51 --> Session: Class initialized using 'CodeIgniter\Session\Handlers\FileHandler' driver.
INFO - 2026-09-07 19:21:55 --> Session: Class initialized using 'CodeIgniter\Session\Handlers\FileHandler' driver.
INFO - 2026-09-07 19:21:55 --> Session: Class initialized using 'CodeIgniter\Session\Handlers\FileHandler' driver.
INFO - 2026-09-07 19:22:08 --> Session: Class initialized using 'CodeIgniter\Session\Handlers\FileHandler' driver.
INFO - 2026-09-07 19:22:10 --> Session: Class initialized using 'CodeIgniter\Session\Handlers\FileHandler' driver.
INFO - 2026-09-07 19:22:17 --> Session: Class initialized using 'CodeIgniter\Session\Handlers\FileHandler' driver.
INFO - 2026-09-07 19:22:19 --> Session: Class initialized using 'CodeIgniter\Session\Handlers\FileHandler' driver.
INFO - 2026-09-07 19:22:22 --> Session: Class initialized using 'CodeIgniter\Session\Handlers\FileHandler' driver.
INFO - 2026-09-07 19:22:24 --> Session: Class initialized using 'CodeIgniter\Session\Handlers\FileHandler' driver.
INFO - 2026-09-07 19:22:25 --> Session: Class initialized using 'CodeIgniter\Session\Handlers\FileHandler' driver.
INFO - 2026-09-07 19:22:26 --> Session: Class initialized using 'CodeIgniter\Session\Handlers\FileHandler' driver.
INFO - 2026-09-07 19:22:33 --> Session: Class initialized using 'CodeIgniter\Session\Handlers\FileHandler' driver.
INFO - 2026-09-07 19:22:34 --> Session: Class initialized using 'CodeIgniter\Session\Handlers\FileHandler' driver.
INFO - 2026-09-07 19:23:01 --> Session: Class initialized using 'CodeIgniter\Session\Handlers\FileHandler' driver.
INFO - 2026-09-07 19:23:51 --> Session: Class initialized using 'CodeIgniter\Session\Handlers\FileHandler' driver.
INFO - 2026-09-07 19:23:56 --> Session: Class initialized using 'CodeIgniter\Session\Handlers\FileHandler' driver.
INFO - 2026-09-07 19:23:59 --> Session: Class initialized using 'CodeIgniter\Session\Handlers\FileHandler' driver.
INFO - 2026-09-07 19:24:02 --> Session: Class initialized using 'CodeIgniter\Session\Handlers\FileHandler' driver.
INFO - 2026-09-07 19:24:05 --> Session: Class initialized using 'CodeIgniter\Session\Handlers\FileHandler' driver.
INFO - 2026-09-07 19:27:41 --> Session: Class initialized using 'CodeIgniter\Session\Handlers\FileHandler' driver.
INFO - 2026-09-07 19:28:38 --> Session: Class initialized using 'CodeIgniter\Session\Handlers\FileHandler' driver.
INFO - 2026-09-07 19:28:44 --> Session: Class initialized using 'CodeIgniter\Session\Handlers\FileHandler' driver.
INFO - 2026-09-07 19:45:54 --> Session: Class initialized using 'CodeIgniter\Session\Handlers\FileHandler' driver.
INFO - 2026-09-07 19:46:02 --> Session: Class initialized using 'CodeIgniter\Session\Handlers\FileHandler' driver.
INFO - 2026-09-07 19:46:09 --> Session: Class initialized using 'CodeIgniter\Session\Handlers\FileHandler' driver.
INFO - 2026-09-07 19:46:12 --> Session: Class initialized using 'CodeIgniter\Session\Handlers\FileHandler' driver.
INFO - 2026-09-07 19:46:14 --> Session: Class initialized using 'CodeIgniter\Session\Handlers\FileHandler' driver.
INFO - 2026-09-07 19:46:21 --> Session: Class initialized using 'CodeIgniter\Session\Handlers\FileHandler' driver.
INFO - 2026-09-07 19:46:37 --> Session: Class initialized using 'CodeIgniter\Session\Handlers\FileHandler' driver.
INFO - 2026-09-07 19:46:41 --> Session: Class initialized using 'CodeIgniter\Session\Handlers\FileHandler' driver.
INFO - 2026-09-07 19:46:56 --> Session: Class initialized using 'CodeIgniter\Session\Handlers\FileHandler' driver.
INFO - 2026-09-07 19:47:04 --> Session: Class initialized using 'CodeIgniter\Session\Handlers\FileHandler' driver.
INFO - 2026-09-07 19:47:10 --> Session: Class initialized using 'CodeIgniter\Session\Handlers\FileHandler' driver.
INFO - 2026-09-07 19:47:17 --> Session: Class initialized using 'CodeIgniter\Session\Handlers\FileHandler' driver.
INFO - 2026-09-07 19:47:19 --> Session: Class initialized using 'CodeIgniter\Session\Handlers\FileHandler' driver.
INFO - 2026-09-07 19:47:24 --> Session: Class initialized using 'CodeIgniter\Session\Handlers\FileHandler' driver.
INFO - 2026-09-07 19:47:31 --> Session: Class initialized using 'CodeIgniter\Session\Handlers\FileHandler' driver.
INFO - 2026-09-07 19:48:23 --> Session: Class initialized using 'CodeIgniter\Session\Handlers\FileHandler' driver.
INFO - 2026-09-07 19:48:46 --> Session: Class initialized using 'CodeIgniter\Session\Handlers\FileHandler' driver.
INFO - 2026-09-07 19:49:23 --> Session: Class initialized using 'CodeIgniter\Session\Handlers\FileHandler' driver.
INFO - 2026-09-07 19:49:26 --> Session: Class initialized using 'CodeIgniter\Session\Handlers\FileHandler' driver.
INFO - 2026-09-07 19:49:39 --> Session: Class initialized using 'CodeIgniter\Session\Handlers\FileHandler' driver.
INFO - 2026-09-07 19:50:11 --> Session: Class initialized using 'CodeIgniter\Session\Handlers\FileHandler' driver.
INFO - 2026-09-07 19:50:13 --> Session: Class initialized using 'CodeIgniter\Session\Handlers\FileHandler' driver.
INFO - 2026-09-07 19:50:16 --> Session: Class initialized using 'CodeIgniter\Session\Handlers\FileHandler' driver.
INFO - 2026-09-07 19:50:19 --> Session: Class initialized using 'CodeIgniter\Session\Handlers\FileHandler' driver.
INFO - 2026-09-07 19:50:30 --> Session: Class initialized using 'CodeIgniter\Session\Handlers\FileHandler' driver.
INFO - 2026-09-07 19:53:37 --> Session: Class initialized using 'CodeIgniter\Session\Handlers\FileHandler' driver.
INFO - 2026-09-07 19:53:45 --> Session: Class initialized using 'CodeIgniter\Session\Handlers\FileHandler' driver.
INFO - 2026-09-07 19:53:51 --> Session: Class initialized using 'CodeIgniter\Session\Handlers\FileHandler' driver.
INFO - 2026-09-07 19:53:58 --> Session: Class initialized using 'CodeIgniter\Session\Handlers\FileHandler' driver.
INFO - 2026-09-07 19:54:04 --> Session: Class initialized using 'CodeIgniter\Session\Handlers\FileHandler' driver.
INFO - 2026-09-07 19:54:40 --> Session: Class initialized using 'CodeIgniter\Session\Handlers\FileHandler' driver.
INFO - 2026-09-07 19:54:46 --> Session: Class initialized using 'CodeIgniter\Session\Handlers\FileHandler' driver.
INFO - 2026-09-07 19:54:54 --> Session: Class initialized using 'CodeIgniter\Session\Handlers\FileHandler' driver.
INFO - 2026-09-07 19:55:02 --> Session: Class initialized using 'CodeIgniter\Session\Handlers\FileHandler' driver.
INFO - 2026-09-07 19:55:09 --> Session: Class initialized using 'CodeIgniter\Session\Handlers\FileHandler' driver.
INFO - 2026-09-07 19:55:14 --> Session: Class initialized using 'CodeIgniter\Session\Handlers\FileHandler' driver.
INFO - 2026-09-07 19:55:20 --> Session: Class initialized using 'CodeIgniter\Session\Handlers\FileHandler' driver.
INFO - 2026-09-07 19:55:26 --> Session: Class initialized using 'CodeIgniter\Session\Handlers\FileHandler' driver.
INFO - 2026-09-07 19:55:30 --> Session: Class initialized using 'CodeIgniter\Session\Handlers\FileHandler' driver.
INFO - 2026-09-07 19:55:32 --> Session: Class initialized using 'CodeIgniter\Session\Handlers\FileHandler' driver.
INFO - 2026-09-07 19:55:35 --> Session: Class initialized using 'CodeIgniter\Session\Handlers\FileHandler' driver.
INFO - 2026-09-07 19:56:28 --> Session: Class initialized using 'CodeIgniter\Session\Handlers\FileHandler' driver.
INFO - 2026-09-07 19:56:34 --> Session: Class initialized using 'CodeIgniter\Session\Handlers\FileHandler' driver.
INFO - 2026-09-07 19:56:35 --> Session: Class initialized using 'CodeIgniter\Session\Handlers\FileHandler' driver.
INFO - 2026-09-07 19:56:39 --> Session: Class initialized using 'CodeIgniter\Session\Handlers\FileHandler' driver.
INFO - 2026-09-07 19:56:41 --> Session: Class initialized using 'CodeIgniter\Session\Handlers\FileHandler' driver.
INFO - 2026-09-07 19:57:11 --> Session: Class initialized using 'CodeIgniter\Session\Handlers\FileHandler' driver.
INFO - 2026-09-07 19:57:28 --> Session: Class initialized using 'CodeIgniter\Session\Handlers\FileHandler' driver.
INFO - 2026-09-07 19:57:30 --> Session: Class initialized using 'CodeIgniter\Session\Handlers\FileHandler' driver.
INFO - 2026-09-07 19:58:55 --> Session: Class initialized using 'CodeIgniter\Session\Handlers\FileHandler' driver.
INFO - 2026-09-07 19:59:00 --> Session: Class initialized using 'CodeIgniter\Session\Handlers\FileHandler' driver.
INFO - 2026-09-07 19:59:04 --> Session: Class initialized using 'CodeIgniter\Session\Handlers\FileHandler' driver.
INFO - 2026-09-07 20:09:48 --> Session: Class initialized using 'CodeIgniter\Session\Handlers\FileHandler' driver.
INFO - 2026-09-07 20:09:52 --> Session: Class initialized using 'CodeIgniter\Session\Handlers\FileHandler' driver.
INFO - 2026-09-07 20:09:54 --> Session: Class initialized using 'CodeIgniter\Session\Handlers\FileHandler' driver.
INFO - 2026-09-07 20:09:56 --> Session: Class initialized using 'CodeIgniter\Session\Handlers\FileHandler' driver.
INFO - 2026-09-07 20:10:03 --> Session: Class initialized using 'CodeIgniter\Session\Handlers\FileHandler' driver.
INFO - 2026-09-07 20:10:06 --> Session: Class initialized using 'CodeIgniter\Session\Handlers\FileHandler' driver.
INFO - 2026-09-07 20:10:15 --> Session: Class initialized using 'CodeIgniter\Session\Handlers\FileHandler' driver.
INFO - 2026-09-07 20:10:17 --> Session: Class initialized using 'CodeIgniter\Session\Handlers\FileHandler' driver.
INFO - 2026-09-07 20:11:28 --> Session: Class initialized using 'CodeIgniter\Session\Handlers\FileHandler' driver.
INFO - 2026-09-07 20:12:53 --> Session: Class initialized using 'CodeIgniter\Session\Handlers\FileHandler' driver.
INFO - 2026-09-07 20:14:12 --> Session: Class initialized using 'CodeIgniter\Session\Handlers\FileHandler' driver.
INFO - 2026-09-07 20:14:15 --> Session: Class initialized using 'CodeIgniter\Session\Handlers\FileHandler' driver.
INFO - 2026-09-07 20:14:27 --> Session: Class initialized using 'CodeIgniter\Session\Handlers\FileHandler' driver.
INFO - 2026-09-07 20:14:30 --> Session: Class initialized using 'CodeIgniter\Session\Handlers\FileHandler' driver.
INFO - 2026-09-07 20:14:31 --> Session: Class initialized using 'CodeIgniter\Session\Handlers\FileHandler' driver.
INFO - 2026-09-07 20:14:33 --> Session: Class initialized using 'CodeIgniter\Session\Handlers\FileHandler' driver.
INFO - 2026-09-07 20:14:35 --> Session: Class initialized using 'CodeIgniter\Session\Handlers\FileHandler' driver.
INFO - 2026-09-07 20:14:37 --> Session: Class initialized using 'CodeIgniter\Session\Handlers\FileHandler' driver.
INFO - 2026-09-07 20:14:42 --> Session: Class initialized using 'CodeIgniter\Session\Handlers\FileHandler' driver.
INFO - 2026-09-07 20:14:44 --> Session: Class initialized using 'CodeIgniter\Session\Handlers\FileHandler' driver.
INFO - 2026-09-07 20:14:47 --> Session: Class initialized using 'CodeIgniter\Session\Handlers\FileHandler' driver.
INFO - 2026-09-07 20:14:50 --> Session: Class initialized using 'CodeIgniter\Session\Handlers\FileHandler' driver.
INFO - 2026-09-07 20:14:59 --> Session: Class initialized using 'CodeIgniter\Session\Handlers\FileHandler' driver.
INFO - 2026-09-07 20:15:02 --> Session: Class initialized using 'CodeIgniter\Session\Handlers\FileHandler' driver.
INFO - 2026-09-07 20:15:03 --> Session: Class initialized using 'CodeIgniter\Session\Handlers\FileHandler' driver.
INFO - 2026-09-07 20:15:05 --> Session: Class initialized using 'CodeIgniter\Session\Handlers\FileHandler' driver.
INFO - 2026-09-07 20:19:36 --> Session: Class initialized using 'CodeIgniter\Session\Handlers\FileHandler' driver.
INFO - 2026-09-07 20:19:39 --> Session: Class initialized using 'CodeIgniter\Session\Handlers\FileHandler' driver.
INFO - 2026-09-07 20:19:44 --> Session: Class initialized using 'CodeIgniter\Session\Handlers\FileHandler' driver.
INFO - 2026-09-07 20:20:10 --> Session: Class initialized using 'CodeIgniter\Session\Handlers\FileHandler' driver.
INFO - 2026-09-07 20:20:16 --> Session: Class initialized using 'CodeIgniter\Session\Handlers\FileHandler' driver.
INFO - 2026-09-07 20:20:22 --> Session: Class initialized using 'CodeIgniter\Session\Handlers\FileHandler' driver.
INFO - 2026-09-07 20:20:25 --> Session: Class initialized using 'CodeIgniter\Session\Handlers\FileHandler' driver.
INFO - 2026-09-07 20:20:25 --> Session: Class initialized using 'CodeIgniter\Session\Handlers\FileHandler' driver.
INFO - 2026-09-07 20:20:29 --> Session: Class initialized using 'CodeIgniter\Session\Handlers\FileHandler' driver.
INFO - 2026-09-07 20:20:31 --> Session: Class initialized using 'CodeIgniter\Session\Handlers\FileHandler' driver.
INFO - 2026-09-07 20:20:38 --> Session: Class initialized using 'CodeIgniter\Session\Handlers\FileHandler' driver.
INFO - 2026-09-07 20:20:41 --> Session: Class initialized using 'CodeIgniter\Session\Handlers\FileHandler' driver.
INFO - 2026-09-07 20:20:45 --> Session: Class initialized using 'CodeIgniter\Session\Handlers\FileHandler' driver.
INFO - 2026-09-07 20:20:47 --> Session: Class initialized using 'CodeIgniter\Session\Handlers\FileHandler' driver.
INFO - 2026-09-07 20:20:48 --> Session: Class initialized using 'CodeIgniter\Session\Handlers\FileHandler' driver.
INFO - 2026-09-07 20:20:51 --> Session: Class initialized using 'CodeIgniter\Session\Handlers\FileHandler' driver.
INFO - 2026-09-07 20:20:55 --> Session: Class initialized using 'CodeIgniter\Session\Handlers\FileHandler' driver.
INFO - 2026-09-07 20:21:14 --> Session: Class initialized using 'CodeIgniter\Session\Handlers\FileHandler' driver.
INFO - 2026-09-07 20:21:20 --> Session: Class initialized using 'CodeIgniter\Session\Handlers\FileHandler' driver.
INFO - 2026-09-07 20:21:23 --> Session: Class initialized using 'CodeIgniter\Session\Handlers\FileHandler' driver.
INFO - 2026-09-07 20:21:24 --> Session: Class initialized using 'CodeIgniter\Session\Handlers\FileHandler' driver.
INFO - 2026-09-07 20:21:27 --> Session: Class initialized using 'CodeIgniter\Session\Handlers\FileHandler' driver.
INFO - 2026-09-07 20:21:29 --> Session: Class initialized using 'CodeIgniter\Session\Handlers\FileHandler' driver.
INFO - 2026-09-07 20:21:35 --> Session: Class initialized using 'CodeIgniter\Session\Handlers\FileHandler' driver.
INFO - 2026-09-07 20:21:40 --> Session: Class initialized using 'CodeIgniter\Session\Handlers\FileHandler' driver.
INFO - 2026-09-07 20:21:40 --> Session: Class initialized using 'CodeIgniter\Session\Handlers\FileHandler' driver.
INFO - 2026-09-07 20:21:41 --> Session: Class initialized using 'CodeIgniter\Session\Handlers\FileHandler' driver.
INFO - 2026-09-07 20:21:41 --> Session: Class initialized using 'CodeIgniter\Session\Handlers\FileHandler' driver.
INFO - 2026-09-07 20:21:45 --> Session: Class initialized using 'CodeIgniter\Session\Handlers\FileHandler' driver.
INFO - 2026-09-07 20:21:50 --> Session: Class initialized using 'CodeIgniter\Session\Handlers\FileHandler' driver.
INFO - 2026-09-07 20:21:57 --> Session: Class initialized using 'CodeIgniter\Session\Handlers\FileHandler' driver.
INFO - 2026-09-07 20:22:03 --> Session: Class initialized using 'CodeIgniter\Session\Handlers\FileHandler' driver.
INFO - 2026-09-07 20:22:07 --> Session: Class initialized using 'CodeIgniter\Session\Handlers\FileHandler' driver.
INFO - 2026-09-07 20:22:10 --> Session: Class initialized using 'CodeIgniter\Session\Handlers\FileHandler' driver.
INFO - 2026-09-07 20:22:11 --> Session: Class initialized using 'CodeIgniter\Session\Handlers\FileHandler' driver.
INFO - 2026-09-07 20:22:14 --> Session: Class initialized using 'CodeIgniter\Session\Handlers\FileHandler' driver.
INFO - 2026-09-07 20:22:18 --> Session: Class initialized using 'CodeIgniter\Session\Handlers\FileHandler' driver.
INFO - 2026-09-07 20:22:22 --> Session: Class initialized using 'CodeIgniter\Session\Handlers\FileHandler' driver.
INFO - 2026-09-07 20:22:31 --> Session: Class initialized using 'CodeIgniter\Session\Handlers\FileHandler' driver.
INFO - 2026-09-07 20:22:44 --> Session: Class initialized using 'CodeIgniter\Session\Handlers\FileHandler' driver.
INFO - 2026-09-07 20:23:28 --> Session: Class initialized using 'CodeIgniter\Session\Handlers\FileHandler' driver.
INFO - 2026-09-07 20:24:51 --> Session: Class initialized using 'CodeIgniter\Session\Handlers\FileHandler' driver.
INFO - 2026-09-07 20:24:55 --> Session: Class initialized using 'CodeIgniter\Session\Handlers\FileHandler' driver.
INFO - 2026-09-07 20:24:57 --> Session: Class initialized using 'CodeIgniter\Session\Handlers\FileHandler' driver.
INFO - 2026-09-07 20:25:00 --> Session: Class initialized using 'CodeIgniter\Session\Handlers\FileHandler' driver.
INFO - 2026-09-07 20:25:27 --> Session: Class initialized using 'CodeIgniter\Session\Handlers\FileHandler' driver.
INFO - 2026-09-07 20:25:33 --> Session: Class initialized using 'CodeIgniter\Session\Handlers\FileHandler' driver.
INFO - 2026-09-07 20:25:37 --> Session: Class initialized using 'CodeIgniter\Session\Handlers\FileHandler' driver.
INFO - 2026-09-07 20:25:41 --> Session: Class initialized using 'CodeIgniter\Session\Handlers\FileHandler' driver.
INFO - 2026-09-07 20:25:49 --> Session: Class initialized using 'CodeIgniter\Session\Handlers\FileHandler' driver.
INFO - 2026-09-07 20:26:02 --> Session: Class initialized using 'CodeIgniter\Session\Handlers\FileHandler' driver.
INFO - 2026-09-07 20:26:04 --> Session: Class initialized using 'CodeIgniter\Session\Handlers\FileHandler' driver.
INFO - 2026-09-07 20:26:07 --> Session: Class initialized using 'CodeIgniter\Session\Handlers\FileHandler' driver.
INFO - 2026-09-07 20:26:15 --> Session: Class initialized using 'CodeIgniter\Session\Handlers\FileHandler' driver.
INFO - 2026-09-07 20:26:19 --> Session: Class initialized using 'CodeIgniter\Session\Handlers\FileHandler' driver.
INFO - 2026-09-07 20:26:21 --> Session: Class initialized using 'CodeIgniter\Session\Handlers\FileHandler' driver.
INFO - 2026-09-07 20:26:22 --> Session: Class initialized using 'CodeIgniter\Session\Handlers\FileHandler' driver.
INFO - 2026-09-07 20:26:24 --> Session: Class initialized using 'CodeIgniter\Session\Handlers\FileHandler' driver.
INFO - 2026-09-07 20:26:26 --> Session: Class initialized using 'CodeIgniter\Session\Handlers\FileHandler' driver.
INFO - 2026-09-07 20:26:29 --> Session: Class initialized using 'CodeIgniter\Session\Handlers\FileHandler' driver.
INFO - 2026-09-07 20:26:35 --> Session: Class initialized using 'CodeIgniter\Session\Handlers\FileHandler' driver.
INFO - 2026-09-07 20:27:04 --> Session: Class initialized using 'CodeIgniter\Session\Handlers\FileHandler' driver.
INFO - 2026-09-07 20:27:06 --> Session: Class initialized using 'CodeIgniter\Session\Handlers\FileHandler' driver.
INFO - 2026-09-07 20:27:06 --> Session: Class initialized using 'CodeIgniter\Session\Handlers\FileHandler' driver.
INFO - 2026-09-07 20:27:06 --> Session: Class initialized using 'CodeIgniter\Session\Handlers\FileHandler' driver.
INFO - 2026-09-07 20:29:50 --> Session: Class initialized using 'CodeIgniter\Session\Handlers\FileHandler' driver.
INFO - 2026-09-07 20:29:54 --> Session: Class initialized using 'CodeIgniter\Session\Handlers\FileHandler' driver.
INFO - 2026-09-07 20:30:06 --> Session: Class initialized using 'CodeIgniter\Session\Handlers\FileHandler' driver.
INFO - 2026-09-07 20:30:12 --> Session: Class initialized using 'CodeIgniter\Session\Handlers\FileHandler' driver.
INFO - 2026-09-07 20:30:13 --> Session: Class initialized using 'CodeIgniter\Session\Handlers\FileHandler' driver.
INFO - 2026-09-07 20:30:14 --> Session: Class initialized using 'CodeIgniter\Session\Handlers\FileHandler' driver.
INFO - 2026-09-07 20:37:29 --> Session: Class initialized using 'CodeIgniter\Session\Handlers\FileHandler' driver.
INFO - 2026-09-07 20:37:30 --> Session: Class initialized using 'CodeIgniter\Session\Handlers\FileHandler' driver.
INFO - 2026-09-07 20:38:01 --> Session: Class initialized using 'CodeIgniter\Session\Handlers\FileHandler' driver.
INFO - 2026-09-07 20:38:07 --> Session: Class initialized using 'CodeIgniter\Session\Handlers\FileHandler' driver.
INFO - 2026-09-07 20:38:13 --> Session: Class initialized using 'CodeIgniter\Session\Handlers\FileHandler' driver.
INFO - 2026-09-07 20:38:15 --> Session: Class initialized using 'CodeIgniter\Session\Handlers\FileHandler' driver.
INFO - 2026-09-07 20:38:19 --> Session: Class initialized using 'CodeIgniter\Session\Handlers\FileHandler' driver.
INFO - 2026-09-07 20:38:24 --> Session: Class initialized using 'CodeIgniter\Session\Handlers\FileHandler' driver.
INFO - 2026-09-07 20:38:32 --> Session: Class initialized using 'CodeIgniter\Session\Handlers\FileHandler' driver.
INFO - 2026-09-07 20:38:33 --> Session: Class initialized using 'CodeIgniter\Session\Handlers\FileHandler' driver.
INFO - 2026-09-07 20:38:36 --> Session: Class initialized using 'CodeIgniter\Session\Handlers\FileHandler' driver.
INFO - 2026-09-07 20:38:41 --> Session: Class initialized using 'CodeIgniter\Session\Handlers\FileHandler' driver.
INFO - 2026-09-07 20:38:50 --> Session: Class initialized using 'CodeIgniter\Session\Handlers\FileHandler' driver.
INFO - 2026-09-07 20:38:51 --> Session: Class initialized using 'CodeIgniter\Session\Handlers\FileHandler' driver.
INFO - 2026-09-07 20:38:56 --> Session: Class initialized using 'CodeIgniter\Session\Handlers\FileHandler' driver.
INFO - 2026-09-07 20:39:00 --> Session: Class initialized using 'CodeIgniter\Session\Handlers\FileHandler' driver.
INFO - 2026-09-07 20:39:25 --> Session: Class initialized using 'CodeIgniter\Session\Handlers\FileHandler' driver.
INFO - 2026-09-07 20:39:26 --> Session: Class initialized using 'CodeIgniter\Session\Handlers\FileHandler' driver.
INFO - 2026-09-07 20:39:30 --> Session: Class initialized using 'CodeIgniter\Session\Handlers\FileHandler' driver.
INFO - 2026-09-07 20:39:37 --> Session: Class initialized using 'CodeIgniter\Session\Handlers\FileHandler' driver.
INFO - 2026-09-07 20:41:31 --> Session: Class initialized using 'CodeIgniter\Session\Handlers\FileHandler' driver.
INFO - 2026-09-07 20:41:38 --> Session: Class initialized using 'CodeIgniter\Session\Handlers\FileHandler' driver.
INFO - 2026-09-07 20:41:53 --> Session: Class initialized using 'CodeIgniter\Session\Handlers\FileHandler' driver.
INFO - 2026-09-07 20:42:01 --> Session: Class initialized using 'CodeIgniter\Session\Handlers\FileHandler' driver.
INFO - 2026-09-07 20:42:15 --> Session: Class initialized using 'CodeIgniter\Session\Handlers\FileHandler' driver.
INFO - 2026-09-07 20:42:20 --> Session: Class initialized using 'CodeIgniter\Session\Handlers\FileHandler' driver.
INFO - 2026-09-07 20:42:21 --> Session: Class initialized using 'CodeIgniter\Session\Handlers\FileHandler' driver.
INFO - 2026-09-07 20:42:34 --> Session: Class initialized using 'CodeIgniter\Session\Handlers\FileHandler' driver.
INFO - 2026-09-07 20:42:38 --> Session: Class initialized using 'CodeIgniter\Session\Handlers\FileHandler' driver.
INFO - 2026-09-07 20:42:40 --> Session: Class initialized using 'CodeIgniter\Session\Handlers\FileHandler' driver.
INFO - 2026-09-07 20:42:43 --> Session: Class initialized using 'CodeIgniter\Session\Handlers\FileHandler' driver.
INFO - 2026-09-07 20:42:52 --> Session: Class initialized using 'CodeIgniter\Session\Handlers\FileHandler' driver.
INFO - 2026-09-07 20:42:54 --> Session: Class initialized using 'CodeIgniter\Session\Handlers\FileHandler' driver.
INFO - 2026-09-07 20:42:55 --> Session: Class initialized using 'CodeIgniter\Session\Handlers\FileHandler' driver.
INFO - 2026-09-07 20:42:56 --> Session: Class initialized using 'CodeIgniter\Session\Handlers\FileHandler' driver.
INFO - 2026-09-07 20:42:58 --> Session: Class initialized using 'CodeIgniter\Session\Handlers\FileHandler' driver.
INFO - 2026-09-07 20:43:02 --> Session: Class initialized using 'CodeIgniter\Session\Handlers\FileHandler' driver.
INFO - 2026-09-07 20:43:05 --> Session: Class initialized using 'CodeIgniter\Session\Handlers\FileHandler' driver.
INFO - 2026-09-07 20:43:09 --> Session: Class initialized using 'CodeIgniter\Session\Handlers\FileHandler' driver.
INFO - 2026-09-07 20:43:10 --> Session: Class initialized using 'CodeIgniter\Session\Handlers\FileHandler' driver.
INFO - 2026-09-07 20:43:12 --> Session: Class initialized using 'CodeIgniter\Session\Handlers\FileHandler' driver.
INFO - 2026-09-07 20:43:15 --> Session: Class initialized using 'CodeIgniter\Session\Handlers\FileHandler' driver.
INFO - 2026-09-07 20:43:16 --> Session: Class initialized using 'CodeIgniter\Session\Handlers\FileHandler' driver.
INFO - 2026-09-07 20:43:19 --> Session: Class initialized using 'CodeIgniter\Session\Handlers\FileHandler' driver.
INFO - 2026-09-07 20:43:22 --> Session: Class initialized using 'CodeIgniter\Session\Handlers\FileHandler' driver.
INFO - 2026-09-07 20:43:33 --> Session: Class initialized using 'CodeIgniter\Session\Handlers\FileHandler' driver.
INFO - 2026-09-07 20:43:37 --> Session: Class initialized using 'CodeIgniter\Session\Handlers\FileHandler' driver.
INFO - 2026-09-07 20:43:39 --> Session: Class initialized using 'CodeIgniter\Session\Handlers\FileHandler' driver.
INFO - 2026-09-07 20:43:40 --> Session: Class initialized using 'CodeIgniter\Session\Handlers\FileHandler' driver.
INFO - 2026-09-07 20:43:54 --> Session: Class initialized using 'CodeIgniter\Session\Handlers\FileHandler' driver.
INFO - 2026-09-07 20:43:57 --> Session: Class initialized using 'CodeIgniter\Session\Handlers\FileHandler' driver.
INFO - 2026-09-07 20:44:46 --> Session: Class initialized using 'CodeIgniter\Session\Handlers\FileHandler' driver.
INFO - 2026-09-07 20:44:50 --> Session: Class initialized using 'CodeIgniter\Session\Handlers\FileHandler' driver.
INFO - 2026-09-07 20:48:35 --> Session: Class initialized using 'CodeIgniter\Session\Handlers\FileHandler' driver.
INFO - 2026-09-07 20:48:42 --> Session: Class initialized using 'CodeIgniter\Session\Handlers\FileHandler' driver.
INFO - 2026-09-07 20:52:44 --> Session: Class initialized using 'CodeIgniter\Session\Handlers\FileHandler' driver.
INFO - 2026-09-07 20:52:49 --> Session: Class initialized using 'CodeIgniter\Session\Handlers\FileHandler' driver.
INFO - 2026-09-07 21:00:53 --> Session: Class initialized using 'CodeIgniter\Session\Handlers\FileHandler' driver.
INFO - 2026-09-07 21:00:55 --> Session: Class initialized using 'CodeIgniter\Session\Handlers\FileHandler' driver.
INFO - 2026-09-07 21:00:55 --> Session: Class initialized using 'CodeIgniter\Session\Handlers\FileHandler' driver.
INFO - 2026-09-07 21:00:57 --> Session: Class initialized using 'CodeIgniter\Session\Handlers\FileHandler' driver.
INFO - 2026-09-07 21:01:06 --> Session: Class initialized using 'CodeIgniter\Session\Handlers\FileHandler' driver.
INFO - 2026-09-07 21:01:12 --> Session: Class initialized using 'CodeIgniter\Session\Handlers\FileHandler' driver.
CRITICAL - 2026-09-07 21:17:07 --> Uncaught ErrorException: Undefined variable: viewFile in C:\xampp\htdocs\C4\system\Debug\Exceptions.php:281
Stack trace:
#0 C:\xampp\htdocs\C4\system\Debug\Exceptions.php(281): CodeIgniter\Debug\Exceptions->errorHandler(8, 'Undefined varia...', 'C:\\xampp\\htdocs...', 281, Array)
#1 C:\xampp\htdocs\C4\system\Debug\Exceptions.php(281): include()
#2 C:\xampp\htdocs\C4\system\Debug\Exceptions.php(147): CodeIgniter\Debug\Exceptions->render(Object(CodeIgniter\Exceptions\PageNotFoundException), 404)
#3 [internal function]: CodeIgniter\Debug\Exceptions->exceptionHandler(Object(CodeIgniter\Exceptions\PageNotFoundException))
#4 {main}
  thrown
#0 [internal function]: CodeIgniter\Debug\Exceptions->shutdownHandler()
#1 {main}
CRITICAL - 2026-09-07 21:17:13 --> Uncaught ErrorException: Undefined variable: viewFile in C:\xampp\htdocs\C4\system\Debug\Exceptions.php:281
Stack trace:
#0 C:\xampp\htdocs\C4\system\Debug\Exceptions.php(281): CodeIgniter\Debug\Exceptions->errorHandler(8, 'Undefined varia...', 'C:\\xampp\\htdocs...', 281, Array)
#1 C:\xampp\htdocs\C4\system\Debug\Exceptions.php(281): include()
#2 C:\xampp\htdocs\C4\system\Debug\Exceptions.php(147): CodeIgniter\Debug\Exceptions->render(Object(CodeIgniter\Exceptions\PageNotFoundException), 404)
#3 [internal function]: CodeIgniter\Debug\Exceptions->exceptionHandler(Object(CodeIgniter\Exceptions\PageNotFoundException))
#4 {main}
  thrown
#0 [internal function]: CodeIgniter\Debug\Exceptions->shutdownHandler()
#1 {main}
CRITICAL - 2026-09-07 21:17:16 --> Uncaught ErrorException: Undefined variable: viewFile in C:\xampp\htdocs\C4\system\Debug\Exceptions.php:281
Stack trace:
#0 C:\xampp\htdocs\C4\system\Debug\Exceptions.php(281): CodeIgniter\Debug\Exceptions->errorHandler(8, 'Undefined varia...', 'C:\\xampp\\htdocs...', 281, Array)
#1 C:\xampp\htdocs\C4\system\Debug\Exceptions.php(281): include()
#2 C:\xampp\htdocs\C4\system\Debug\Exceptions.php(147): CodeIgniter\Debug\Exceptions->render(Object(CodeIgniter\Exceptions\PageNotFoundException), 404)
#3 [internal function]: CodeIgniter\Debug\Exceptions->exceptionHandler(Object(CodeIgniter\Exceptions\PageNotFoundException))
#4 {main}
  thrown
#0 [internal function]: CodeIgniter\Debug\Exceptions->shutdownHandler()
#1 {main}
CRITICAL - 2026-09-07 21:17:21 --> Uncaught ErrorException: Undefined variable: viewFile in C:\xampp\htdocs\C4\system\Debug\Exceptions.php:281
Stack trace:
#0 C:\xampp\htdocs\C4\system\Debug\Exceptions.php(281): CodeIgniter\Debug\Exceptions->errorHandler(8, 'Undefined varia...', 'C:\\xampp\\htdocs...', 281, Array)
#1 C:\xampp\htdocs\C4\system\Debug\Exceptions.php(281): include()
#2 C:\xampp\htdocs\C4\system\Debug\Exceptions.php(147): CodeIgniter\Debug\Exceptions->render(Object(CodeIgniter\Exceptions\PageNotFoundException), 404)
#3 [internal function]: CodeIgniter\Debug\Exceptions->exceptionHandler(Object(CodeIgniter\Exceptions\PageNotFoundException))
#4 {main}
  thrown
#0 [internal function]: CodeIgniter\Debug\Exceptions->shutdownHandler()
#1 {main}
CRITICAL - 2026-09-07 21:18:51 --> Uncaught ErrorException: Undefined variable: viewFile in C:\xampp\htdocs\C4\system\Debug\Exceptions.php:281
Stack trace:
#0 C:\xampp\htdocs\C4\system\Debug\Exceptions.php(281): CodeIgniter\Debug\Exceptions->errorHandler(8, 'Undefined varia...', 'C:\\xampp\\htdocs...', 281, Array)
#1 C:\xampp\htdocs\C4\system\Debug\Exceptions.php(281): include()
#2 C:\xampp\htdocs\C4\system\Debug\Exceptions.php(147): CodeIgniter\Debug\Exceptions->render(Object(CodeIgniter\Exceptions\PageNotFoundException), 404)
#3 [internal function]: CodeIgniter\Debug\Exceptions->exceptionHandler(Object(CodeIgniter\Exceptions\PageNotFoundException))
#4 {main}
  thrown
#0 [internal function]: CodeIgniter\Debug\Exceptions->shutdownHandler()
#1 {main}
CRITICAL - 2026-09-07 21:19:01 --> Uncaught ErrorException: Undefined variable: viewFile in C:\xampp\htdocs\C4\system\Debug\Exceptions.php:281
Stack trace:
#0 C:\xampp\htdocs\C4\system\Debug\Exceptions.php(281): CodeIgniter\Debug\Exceptions->errorHandler(8, 'Undefined varia...', 'C:\\xampp\\htdocs...', 281, Array)
#1 C:\xampp\htdocs\C4\system\Debug\Exceptions.php(281): include()
#2 C:\xampp\htdocs\C4\system\Debug\Exceptions.php(147): CodeIgniter\Debug\Exceptions->render(Object(CodeIgniter\Exceptions\PageNotFoundException), 404)
#3 [internal function]: CodeIgniter\Debug\Exceptions->exceptionHandler(Object(CodeIgniter\Exceptions\PageNotFoundException))
#4 {main}
  thrown
#0 [internal function]: CodeIgniter\Debug\Exceptions->shutdownHandler()
#1 {main}
INFO - 2026-09-07 21:19:25 --> Used the default controller.
CRITICAL - 2026-09-07 21:19:25 --> Uncaught ErrorException: Undefined variable: viewFile in C:\xampp\htdocs\C4\system\Debug\Exceptions.php:281
Stack trace:
#0 C:\xampp\htdocs\C4\system\Debug\Exceptions.php(281): CodeIgniter\Debug\Exceptions->errorHandler(8, 'Undefined varia...', 'C:\\xampp\\htdocs...', 281, Array)
#1 C:\xampp\htdocs\C4\system\Debug\Exceptions.php(281): include()
#2 C:\xampp\htdocs\C4\system\Debug\Exceptions.php(147): CodeIgniter\Debug\Exceptions->render(Object(CodeIgniter\Exceptions\PageNotFoundException), 404)
#3 [internal function]: CodeIgniter\Debug\Exceptions->exceptionHandler(Object(CodeIgniter\Exceptions\PageNotFoundException))
#4 {main}
  thrown
#0 [internal function]: CodeIgniter\Debug\Exceptions->shutdownHandler()
#1 {main}
CRITICAL - 2026-09-07 21:19:30 --> Uncaught ErrorException: Undefined variable: viewFile in C:\xampp\htdocs\C4\system\Debug\Exceptions.php:281
Stack trace:
#0 C:\xampp\htdocs\C4\system\Debug\Exceptions.php(281): CodeIgniter\Debug\Exceptions->errorHandler(8, 'Undefined varia...', 'C:\\xampp\\htdocs...', 281, Array)
#1 C:\xampp\htdocs\C4\system\Debug\Exceptions.php(281): include()
#2 C:\xampp\htdocs\C4\system\Debug\Exceptions.php(147): CodeIgniter\Debug\Exceptions->render(Object(CodeIgniter\Exceptions\PageNotFoundException), 404)
#3 [internal function]: CodeIgniter\Debug\Exceptions->exceptionHandler(Object(CodeIgniter\Exceptions\PageNotFoundException))
#4 {main}
  thrown
#0 [internal function]: CodeIgniter\Debug\Exceptions->shutdownHandler()
#1 {main}
CRITICAL - 2026-09-07 21:19:53 --> Uncaught ErrorException: Undefined variable: viewFile in C:\xampp\htdocs\C4\system\Debug\Exceptions.php:281
Stack trace:
#0 C:\xampp\htdocs\C4\system\Debug\Exceptions.php(281): CodeIgniter\Debug\Exceptions->errorHandler(8, 'Undefined varia...', 'C:\\xampp\\htdocs...', 281, Array)
#1 C:\xampp\htdocs\C4\system\Debug\Exceptions.php(281): include()
#2 C:\xampp\htdocs\C4\system\Debug\Exceptions.php(147): CodeIgniter\Debug\Exceptions->render(Object(CodeIgniter\Exceptions\PageNotFoundException), 404)
#3 [internal function]: CodeIgniter\Debug\Exceptions->exceptionHandler(Object(CodeIgniter\Exceptions\PageNotFoundException))
#4 {main}
  thrown
#0 [internal function]: CodeIgniter\Debug\Exceptions->shutdownHandler()
#1 {main}
CRITICAL - 2026-09-07 21:19:56 --> Uncaught ErrorException: Undefined variable: viewFile in C:\xampp\htdocs\C4\system\Debug\Exceptions.php:281
Stack trace:
#0 C:\xampp\htdocs\C4\system\Debug\Exceptions.php(281): CodeIgniter\Debug\Exceptions->errorHandler(8, 'Undefined varia...', 'C:\\xampp\\htdocs...', 281, Array)
#1 C:\xampp\htdocs\C4\system\Debug\Exceptions.php(281): include()
#2 C:\xampp\htdocs\C4\system\Debug\Exceptions.php(147): CodeIgniter\Debug\Exceptions->render(Object(CodeIgniter\Exceptions\PageNotFoundException), 404)
#3 [internal function]: CodeIgniter\Debug\Exceptions->exceptionHandler(Object(CodeIgniter\Exceptions\PageNotFoundException))
#4 {main}
  thrown
#0 [internal function]: CodeIgniter\Debug\Exceptions->shutdownHandler()
#1 {main}
CRITICAL - 2026-09-07 21:20:05 --> Uncaught ErrorException: Undefined variable: viewFile in C:\xampp\htdocs\C4\system\Debug\Exceptions.php:281
Stack trace:
#0 C:\xampp\htdocs\C4\system\Debug\Exceptions.php(281): CodeIgniter\Debug\Exceptions->errorHandler(8, 'Undefined varia...', 'C:\\xampp\\htdocs...', 281, Array)
#1 C:\xampp\htdocs\C4\system\Debug\Exceptions.php(281): include()
#2 C:\xampp\htdocs\C4\system\Debug\Exceptions.php(147): CodeIgniter\Debug\Exceptions->render(Object(CodeIgniter\Exceptions\PageNotFoundException), 404)
#3 [internal function]: CodeIgniter\Debug\Exceptions->exceptionHandler(Object(CodeIgniter\Exceptions\PageNotFoundException))
#4 {main}
  thrown
#0 [internal function]: CodeIgniter\Debug\Exceptions->shutdownHandler()
#1 {main}
CRITICAL - 2026-09-07 21:22:44 --> Uncaught ErrorException: Undefined variable: viewFile in C:\xampp\htdocs\C4\system\Debug\Exceptions.php:281
Stack trace:
#0 C:\xampp\htdocs\C4\system\Debug\Exceptions.php(281): CodeIgniter\Debug\Exceptions->errorHandler(8, 'Undefined varia...', 'C:\\xampp\\htdocs...', 281, Array)
#1 C:\xampp\htdocs\C4\system\Debug\Exceptions.php(281): include()
#2 C:\xampp\htdocs\C4\system\Debug\Exceptions.php(147): CodeIgniter\Debug\Exceptions->render(Object(CodeIgniter\Exceptions\PageNotFoundException), 404)
#3 [internal function]: CodeIgniter\Debug\Exceptions->exceptionHandler(Object(CodeIgniter\Exceptions\PageNotFoundException))
#4 {main}
  thrown
#0 [internal function]: CodeIgniter\Debug\Exceptions->shutdownHandler()
#1 {main}
CRITICAL - 2026-09-07 21:23:15 --> Uncaught ErrorException: Undefined variable: viewFile in C:\xampp\htdocs\C4\system\Debug\Exceptions.php:281
Stack trace:
#0 C:\xampp\htdocs\C4\system\Debug\Exceptions.php(281): CodeIgniter\Debug\Exceptions->errorHandler(8, 'Undefined varia...', 'C:\\xampp\\htdocs...', 281, Array)
#1 C:\xampp\htdocs\C4\system\Debug\Exceptions.php(281): include()
#2 C:\xampp\htdocs\C4\system\Debug\Exceptions.php(147): CodeIgniter\Debug\Exceptions->render(Object(CodeIgniter\Exceptions\PageNotFoundException), 404)
#3 [internal function]: CodeIgniter\Debug\Exceptions->exceptionHandler(Object(CodeIgniter\Exceptions\PageNotFoundException))
#4 {main}
  thrown
#0 [internal function]: CodeIgniter\Debug\Exceptions->shutdownHandler()
#1 {main}
CRITICAL - 2026-09-07 21:23:17 --> Uncaught ErrorException: Undefined variable: viewFile in C:\xampp\htdocs\C4\system\Debug\Exceptions.php:281
Stack trace:
#0 C:\xampp\htdocs\C4\system\Debug\Exceptions.php(281): CodeIgniter\Debug\Exceptions->errorHandler(8, 'Undefined varia...', 'C:\\xampp\\htdocs...', 281, Array)
#1 C:\xampp\htdocs\C4\system\Debug\Exceptions.php(281): include()
#2 C:\xampp\htdocs\C4\system\Debug\Exceptions.php(147): CodeIgniter\Debug\Exceptions->render(Object(CodeIgniter\Exceptions\PageNotFoundException), 404)
#3 [internal function]: CodeIgniter\Debug\Exceptions->exceptionHandler(Object(CodeIgniter\Exceptions\PageNotFoundException))
#4 {main}
  thrown
#0 [internal function]: CodeIgniter\Debug\Exceptions->shutdownHandler()
#1 {main}
CRITICAL - 2026-09-07 21:23:22 --> Uncaught ErrorException: Undefined variable: viewFile in C:\xampp\htdocs\C4\system\Debug\Exceptions.php:281
Stack trace:
#0 C:\xampp\htdocs\C4\system\Debug\Exceptions.php(281): CodeIgniter\Debug\Exceptions->errorHandler(8, 'Undefined varia...', 'C:\\xampp\\htdocs...', 281, Array)
#1 C:\xampp\htdocs\C4\system\Debug\Exceptions.php(281): include()
#2 C:\xampp\htdocs\C4\system\Debug\Exceptions.php(147): CodeIgniter\Debug\Exceptions->render(Object(CodeIgniter\Exceptions\PageNotFoundException), 404)
#3 [internal function]: CodeIgniter\Debug\Exceptions->exceptionHandler(Object(CodeIgniter\Exceptions\PageNotFoundException))
#4 {main}
  thrown
#0 [internal function]: CodeIgniter\Debug\Exceptions->shutdownHandler()
#1 {main}
INFO - 2026-09-07 21:30:29 --> Used the default controller.
CRITICAL - 2026-09-07 21:30:30 --> Uncaught ErrorException: Undefined variable: viewFile in C:\xampp\htdocs\C4\system\Debug\Exceptions.php:281
Stack trace:
#0 C:\xampp\htdocs\C4\system\Debug\Exceptions.php(281): CodeIgniter\Debug\Exceptions->errorHandler(8, 'Undefined varia...', 'C:\\xampp\\htdocs...', 281, Array)
#1 C:\xampp\htdocs\C4\system\Debug\Exceptions.php(281): include()
#2 C:\xampp\htdocs\C4\system\Debug\Exceptions.php(147): CodeIgniter\Debug\Exceptions->render(Object(CodeIgniter\Exceptions\PageNotFoundException), 404)
#3 [internal function]: CodeIgniter\Debug\Exceptions->exceptionHandler(Object(CodeIgniter\Exceptions\PageNotFoundException))
#4 {main}
  thrown
#0 [internal function]: CodeIgniter\Debug\Exceptions->shutdownHandler()
#1 {main}
INFO - 2026-09-07 21:34:59 --> Used the default controller.
CRITICAL - 2026-09-07 21:35:00 --> Uncaught ErrorException: Undefined variable: viewFile in C:\xampp\htdocs\C4\system\Debug\Exceptions.php:281
Stack trace:
#0 C:\xampp\htdocs\C4\system\Debug\Exceptions.php(281): CodeIgniter\Debug\Exceptions->errorHandler(8, 'Undefined varia...', 'C:\\xampp\\htdocs...', 281, Array)
#1 C:\xampp\htdocs\C4\system\Debug\Exceptions.php(281): include()
#2 C:\xampp\htdocs\C4\system\Debug\Exceptions.php(147): CodeIgniter\Debug\Exceptions->render(Object(CodeIgniter\Exceptions\PageNotFoundException), 404)
#3 [internal function]: CodeIgniter\Debug\Exceptions->exceptionHandler(Object(CodeIgniter\Exceptions\PageNotFoundException))
#4 {main}
  thrown
#0 [internal function]: CodeIgniter\Debug\Exceptions->shutdownHandler()
#1 {main}
CRITICAL - 2026-09-07 21:35:04 --> Uncaught ErrorException: Undefined variable: viewFile in C:\xampp\htdocs\C4\system\Debug\Exceptions.php:281
Stack trace:
#0 C:\xampp\htdocs\C4\system\Debug\Exceptions.php(281): CodeIgniter\Debug\Exceptions->errorHandler(8, 'Undefined varia...', 'C:\\xampp\\htdocs...', 281, Array)
#1 C:\xampp\htdocs\C4\system\Debug\Exceptions.php(281): include()
#2 C:\xampp\htdocs\C4\system\Debug\Exceptions.php(147): CodeIgniter\Debug\Exceptions->render(Object(CodeIgniter\Exceptions\PageNotFoundException), 404)
#3 [internal function]: CodeIgniter\Debug\Exceptions->exceptionHandler(Object(CodeIgniter\Exceptions\PageNotFoundException))
#4 {main}
  thrown
#0 [internal function]: CodeIgniter\Debug\Exceptions->shutdownHandler()
#1 {main}
CRITICAL - 2026-09-07 21:35:34 --> Uncaught ErrorException: Undefined variable: viewFile in C:\xampp\htdocs\C4\system\Debug\Exceptions.php:281
Stack trace:
#0 C:\xampp\htdocs\C4\system\Debug\Exceptions.php(281): CodeIgniter\Debug\Exceptions->errorHandler(8, 'Undefined varia...', 'C:\\xampp\\htdocs...', 281, Array)
#1 C:\xampp\htdocs\C4\system\Debug\Exceptions.php(281): include()
#2 C:\xampp\htdocs\C4\system\Debug\Exceptions.php(147): CodeIgniter\Debug\Exceptions->render(Object(CodeIgniter\Exceptions\PageNotFoundException), 404)
#3 [internal function]: CodeIgniter\Debug\Exceptions->exceptionHandler(Object(CodeIgniter\Exceptions\PageNotFoundException))
#4 {main}
  thrown
#0 [internal function]: CodeIgniter\Debug\Exceptions->shutdownHandler()
#1 {main}
CRITICAL - 2026-09-07 21:41:11 --> Uncaught ErrorException: Undefined variable: viewFile in C:\xampp\htdocs\C4\system\Debug\Exceptions.php:281
Stack trace:
#0 C:\xampp\htdocs\C4\system\Debug\Exceptions.php(281): CodeIgniter\Debug\Exceptions->errorHandler(8, 'Undefined varia...', 'C:\\xampp\\htdocs...', 281, Array)
#1 C:\xampp\htdocs\C4\system\Debug\Exceptions.php(281): include()
#2 C:\xampp\htdocs\C4\system\Debug\Exceptions.php(147): CodeIgniter\Debug\Exceptions->render(Object(CodeIgniter\Exceptions\PageNotFoundException), 404)
#3 [internal function]: CodeIgniter\Debug\Exceptions->exceptionHandler(Object(CodeIgniter\Exceptions\PageNotFoundException))
#4 {main}
  thrown
#0 [internal function]: CodeIgniter\Debug\Exceptions->shutdownHandler()
#1 {main}
CRITICAL - 2026-09-07 21:41:17 --> Uncaught ErrorException: Undefined variable: viewFile in C:\xampp\htdocs\C4\system\Debug\Exceptions.php:281
Stack trace:
#0 C:\xampp\htdocs\C4\system\Debug\Exceptions.php(281): CodeIgniter\Debug\Exceptions->errorHandler(8, 'Undefined varia...', 'C:\\xampp\\htdocs...', 281, Array)
#1 C:\xampp\htdocs\C4\system\Debug\Exceptions.php(281): include()
#2 C:\xampp\htdocs\C4\system\Debug\Exceptions.php(147): CodeIgniter\Debug\Exceptions->render(Object(CodeIgniter\Exceptions\PageNotFoundException), 404)
#3 [internal function]: CodeIgniter\Debug\Exceptions->exceptionHandler(Object(CodeIgniter\Exceptions\PageNotFoundException))
#4 {main}
  thrown
#0 [internal function]: CodeIgniter\Debug\Exceptions->shutdownHandler()
#1 {main}
CRITICAL - 2026-09-07 21:43:38 --> Uncaught ErrorException: Undefined variable: viewFile in C:\xampp\htdocs\C4\system\Debug\Exceptions.php:281
Stack trace:
#0 C:\xampp\htdocs\C4\system\Debug\Exceptions.php(281): CodeIgniter\Debug\Exceptions->errorHandler(8, 'Undefined varia...', 'C:\\xampp\\htdocs...', 281, Array)
#1 C:\xampp\htdocs\C4\system\Debug\Exceptions.php(281): include()
#2 C:\xampp\htdocs\C4\system\Debug\Exceptions.php(147): CodeIgniter\Debug\Exceptions->render(Object(CodeIgniter\Exceptions\PageNotFoundException), 404)
#3 [internal function]: CodeIgniter\Debug\Exceptions->exceptionHandler(Object(CodeIgniter\Exceptions\PageNotFoundException))
#4 {main}
  thrown
#0 [internal function]: CodeIgniter\Debug\Exceptions->shutdownHandler()
#1 {main}
CRITICAL - 2026-09-07 21:49:01 --> Uncaught ErrorException: Undefined variable: viewFile in C:\xampp\htdocs\C4\system\Debug\Exceptions.php:281
Stack trace:
#0 C:\xampp\htdocs\C4\system\Debug\Exceptions.php(281): CodeIgniter\Debug\Exceptions->errorHandler(8, 'Undefined varia...', 'C:\\xampp\\htdocs...', 281, Array)
#1 C:\xampp\htdocs\C4\system\Debug\Exceptions.php(281): include()
#2 C:\xampp\htdocs\C4\system\Debug\Exceptions.php(147): CodeIgniter\Debug\Exceptions->render(Object(CodeIgniter\Exceptions\PageNotFoundException), 404)
#3 [internal function]: CodeIgniter\Debug\Exceptions->exceptionHandler(Object(CodeIgniter\Exceptions\PageNotFoundException))
#4 {main}
  thrown
#0 [internal function]: CodeIgniter\Debug\Exceptions->shutdownHandler()
#1 {main}
CRITICAL - 2026-09-07 21:49:02 --> Uncaught ErrorException: Undefined variable: viewFile in C:\xampp\htdocs\C4\system\Debug\Exceptions.php:281
Stack trace:
#0 C:\xampp\htdocs\C4\system\Debug\Exceptions.php(281): CodeIgniter\Debug\Exceptions->errorHandler(8, 'Undefined varia...', 'C:\\xampp\\htdocs...', 281, Array)
#1 C:\xampp\htdocs\C4\system\Debug\Exceptions.php(281): include()
#2 C:\xampp\htdocs\C4\system\Debug\Exceptions.php(147): CodeIgniter\Debug\Exceptions->render(Object(CodeIgniter\Exceptions\PageNotFoundException), 404)
#3 [internal function]: CodeIgniter\Debug\Exceptions->exceptionHandler(Object(CodeIgniter\Exceptions\PageNotFoundException))
#4 {main}
  thrown
#0 [internal function]: CodeIgniter\Debug\Exceptions->shutdownHandler()
#1 {main}
CRITICAL - 2026-09-07 21:56:52 --> syntax error, unexpected ''app/Config/Routes.php'' (T_CONSTANT_ENCAPSED_STRING)
#0 C:\xampp\htdocs\C4\system\CodeIgniter.php(385): CodeIgniter\CodeIgniter->tryToRouteIt(NULL)
#1 C:\xampp\htdocs\C4\system\CodeIgniter.php(333): CodeIgniter\CodeIgniter->handleRequest(NULL, Object(Config\Cache), false)
#2 C:\xampp\htdocs\C4\index.php(44): CodeIgniter\CodeIgniter->run()
#3 {main}
CRITICAL - 2026-09-07 21:56:52 --> Uncaught ErrorException: Undefined variable: viewFile in C:\xampp\htdocs\C4\system\Debug\Exceptions.php:281
Stack trace:
#0 C:\xampp\htdocs\C4\system\Debug\Exceptions.php(281): CodeIgniter\Debug\Exceptions->errorHandler(8, 'Undefined varia...', 'C:\\xampp\\htdocs...', 281, Array)
#1 C:\xampp\htdocs\C4\system\Debug\Exceptions.php(281): include()
#2 C:\xampp\htdocs\C4\system\Debug\Exceptions.php(147): CodeIgniter\Debug\Exceptions->render(Object(ParseError), 500)
#3 [internal function]: CodeIgniter\Debug\Exceptions->exceptionHandler(Object(ParseError))
#4 {main}
  thrown
#0 [internal function]: CodeIgniter\Debug\Exceptions->shutdownHandler()
#1 {main}
CRITICAL - 2026-09-07 21:57:02 --> syntax error, unexpected ''app/Config/Routes.php'' (T_CONSTANT_ENCAPSED_STRING)
#0 C:\xampp\htdocs\C4\system\CodeIgniter.php(385): CodeIgniter\CodeIgniter->tryToRouteIt(NULL)
#1 C:\xampp\htdocs\C4\system\CodeIgniter.php(333): CodeIgniter\CodeIgniter->handleRequest(NULL, Object(Config\Cache), false)
#2 C:\xampp\htdocs\C4\index.php(44): CodeIgniter\CodeIgniter->run()
#3 {main}
CRITICAL - 2026-09-07 21:57:02 --> Uncaught ErrorException: Undefined variable: viewFile in C:\xampp\htdocs\C4\system\Debug\Exceptions.php:281
Stack trace:
#0 C:\xampp\htdocs\C4\system\Debug\Exceptions.php(281): CodeIgniter\Debug\Exceptions->errorHandler(8, 'Undefined varia...', 'C:\\xampp\\htdocs...', 281, Array)
#1 C:\xampp\htdocs\C4\system\Debug\Exceptions.php(281): include()
#2 C:\xampp\htdocs\C4\system\Debug\Exceptions.php(147): CodeIgniter\Debug\Exceptions->render(Object(ParseError), 500)
#3 [internal function]: CodeIgniter\Debug\Exceptions->exceptionHandler(Object(ParseError))
#4 {main}
  thrown
#0 [internal function]: CodeIgniter\Debug\Exceptions->shutdownHandler()
#1 {main}
CRITICAL - 2026-09-07 21:57:33 --> syntax error, unexpected ''app/Config/Routes.php'' (T_CONSTANT_ENCAPSED_STRING)
#0 C:\xampp\htdocs\C4\system\CodeIgniter.php(385): CodeIgniter\CodeIgniter->tryToRouteIt(NULL)
#1 C:\xampp\htdocs\C4\system\CodeIgniter.php(333): CodeIgniter\CodeIgniter->handleRequest(NULL, Object(Config\Cache), false)
#2 C:\xampp\htdocs\C4\index.php(44): CodeIgniter\CodeIgniter->run()
#3 {main}
CRITICAL - 2026-09-07 21:57:33 --> Uncaught ErrorException: Undefined variable: viewFile in C:\xampp\htdocs\C4\system\Debug\Exceptions.php:281
Stack trace:
#0 C:\xampp\htdocs\C4\system\Debug\Exceptions.php(281): CodeIgniter\Debug\Exceptions->errorHandler(8, 'Undefined varia...', 'C:\\xampp\\htdocs...', 281, Array)
#1 C:\xampp\htdocs\C4\system\Debug\Exceptions.php(281): include()
#2 C:\xampp\htdocs\C4\system\Debug\Exceptions.php(147): CodeIgniter\Debug\Exceptions->render(Object(ParseError), 500)
#3 [internal function]: CodeIgniter\Debug\Exceptions->exceptionHandler(Object(ParseError))
#4 {main}
  thrown
#0 [internal function]: CodeIgniter\Debug\Exceptions->shutdownHandler()
#1 {main}
CRITICAL - 2026-09-07 21:57:37 --> syntax error, unexpected ''app/Config/Routes.php'' (T_CONSTANT_ENCAPSED_STRING)
#0 C:\xampp\htdocs\C4\system\CodeIgniter.php(385): CodeIgniter\CodeIgniter->tryToRouteIt(NULL)
#1 C:\xampp\htdocs\C4\system\CodeIgniter.php(333): CodeIgniter\CodeIgniter->handleRequest(NULL, Object(Config\Cache), false)
#2 C:\xampp\htdocs\C4\index.php(44): CodeIgniter\CodeIgniter->run()
#3 {main}
CRITICAL - 2026-09-07 21:57:37 --> Uncaught ErrorException: Undefined variable: viewFile in C:\xampp\htdocs\C4\system\Debug\Exceptions.php:281
Stack trace:
#0 C:\xampp\htdocs\C4\system\Debug\Exceptions.php(281): CodeIgniter\Debug\Exceptions->errorHandler(8, 'Undefined varia...', 'C:\\xampp\\htdocs...', 281, Array)
#1 C:\xampp\htdocs\C4\system\Debug\Exceptions.php(281): include()
#2 C:\xampp\htdocs\C4\system\Debug\Exceptions.php(147): CodeIgniter\Debug\Exceptions->render(Object(ParseError), 500)
#3 [internal function]: CodeIgniter\Debug\Exceptions->exceptionHandler(Object(ParseError))
#4 {main}
  thrown
#0 [internal function]: CodeIgniter\Debug\Exceptions->shutdownHandler()
#1 {main}
CRITICAL - 2026-09-07 21:59:59 --> Namespace declaration statement has to be the very first statement or after any declare call in the script
#0 [internal function]: CodeIgniter\Debug\Exceptions->shutdownHandler()
#1 {main}
CRITICAL - 2026-09-07 22:00:37 --> Namespace declaration statement has to be the very first statement or after any declare call in the script
#0 [internal function]: CodeIgniter\Debug\Exceptions->shutdownHandler()
#1 {main}
CRITICAL - 2026-09-07 22:01:08 --> Namespace declaration statement has to be the very first statement or after any declare call in the script
#0 [internal function]: CodeIgniter\Debug\Exceptions->shutdownHandler()
#1 {main}
CRITICAL - 2026-09-07 22:02:08 --> Namespace declaration statement has to be the very first statement or after any declare call in the script
#0 [internal function]: CodeIgniter\Debug\Exceptions->shutdownHandler()
#1 {main}
CRITICAL - 2026-09-07 22:02:58 --> syntax error, unexpected '?'
#0 C:\xampp\htdocs\C4\system\CodeIgniter.php(385): CodeIgniter\CodeIgniter->tryToRouteIt(NULL)
#1 C:\xampp\htdocs\C4\system\CodeIgniter.php(333): CodeIgniter\CodeIgniter->handleRequest(NULL, Object(Config\Cache), false)
#2 C:\xampp\htdocs\C4\index.php(44): CodeIgniter\CodeIgniter->run()
#3 {main}
CRITICAL - 2026-09-07 22:02:58 --> Uncaught ErrorException: Undefined variable: viewFile in C:\xampp\htdocs\C4\system\Debug\Exceptions.php:281
Stack trace:
#0 C:\xampp\htdocs\C4\system\Debug\Exceptions.php(281): CodeIgniter\Debug\Exceptions->errorHandler(8, 'Undefined varia...', 'C:\\xampp\\htdocs...', 281, Array)
#1 C:\xampp\htdocs\C4\system\Debug\Exceptions.php(281): include()
#2 C:\xampp\htdocs\C4\system\Debug\Exceptions.php(147): CodeIgniter\Debug\Exceptions->render(Object(ParseError), 500)
#3 [internal function]: CodeIgniter\Debug\Exceptions->exceptionHandler(Object(ParseError))
#4 {main}
  thrown
#0 [internal function]: CodeIgniter\Debug\Exceptions->shutdownHandler()
#1 {main}
CRITICAL - 2026-09-07 22:03:02 --> syntax error, unexpected '?'
#0 C:\xampp\htdocs\C4\system\CodeIgniter.php(385): CodeIgniter\CodeIgniter->tryToRouteIt(NULL)
#1 C:\xampp\htdocs\C4\system\CodeIgniter.php(333): CodeIgniter\CodeIgniter->handleRequest(NULL, Object(Config\Cache), false)
#2 C:\xampp\htdocs\C4\index.php(44): CodeIgniter\CodeIgniter->run()
#3 {main}
CRITICAL - 2026-09-07 22:03:02 --> Uncaught ErrorException: Undefined variable: viewFile in C:\xampp\htdocs\C4\system\Debug\Exceptions.php:281
Stack trace:
#0 C:\xampp\htdocs\C4\system\Debug\Exceptions.php(281): CodeIgniter\Debug\Exceptions->errorHandler(8, 'Undefined varia...', 'C:\\xampp\\htdocs...', 281, Array)
#1 C:\xampp\htdocs\C4\system\Debug\Exceptions.php(281): include()
#2 C:\xampp\htdocs\C4\system\Debug\Exceptions.php(147): CodeIgniter\Debug\Exceptions->render(Object(ParseError), 500)
#3 [internal function]: CodeIgniter\Debug\Exceptions->exceptionHandler(Object(ParseError))
#4 {main}
  thrown
#0 [internal function]: CodeIgniter\Debug\Exceptions->shutdownHandler()
#1 {main}
CRITICAL - 2026-09-07 22:03:27 --> syntax error, unexpected '?'
#0 C:\xampp\htdocs\C4\system\CodeIgniter.php(385): CodeIgniter\CodeIgniter->tryToRouteIt(NULL)
#1 C:\xampp\htdocs\C4\system\CodeIgniter.php(333): CodeIgniter\CodeIgniter->handleRequest(NULL, Object(Config\Cache), false)
#2 C:\xampp\htdocs\C4\index.php(44): CodeIgniter\CodeIgniter->run()
#3 {main}
CRITICAL - 2026-09-07 22:03:27 --> Uncaught ErrorException: Undefined variable: viewFile in C:\xampp\htdocs\C4\system\Debug\Exceptions.php:281
Stack trace:
#0 C:\xampp\htdocs\C4\system\Debug\Exceptions.php(281): CodeIgniter\Debug\Exceptions->errorHandler(8, 'Undefined varia...', 'C:\\xampp\\htdocs...', 281, Array)
#1 C:\xampp\htdocs\C4\system\Debug\Exceptions.php(281): include()
#2 C:\xampp\htdocs\C4\system\Debug\Exceptions.php(147): CodeIgniter\Debug\Exceptions->render(Object(ParseError), 500)
#3 [internal function]: CodeIgniter\Debug\Exceptions->exceptionHandler(Object(ParseError))
#4 {main}
  thrown
#0 [internal function]: CodeIgniter\Debug\Exceptions->shutdownHandler()
#1 {main}
CRITICAL - 2026-09-07 22:03:48 --> syntax error, unexpected '?'
#0 C:\xampp\htdocs\C4\system\CodeIgniter.php(385): CodeIgniter\CodeIgniter->tryToRouteIt(NULL)
#1 C:\xampp\htdocs\C4\system\CodeIgniter.php(333): CodeIgniter\CodeIgniter->handleRequest(NULL, Object(Config\Cache), false)
#2 C:\xampp\htdocs\C4\index.php(44): CodeIgniter\CodeIgniter->run()
#3 {main}
CRITICAL - 2026-09-07 22:03:48 --> Uncaught ErrorException: Undefined variable: viewFile in C:\xampp\htdocs\C4\system\Debug\Exceptions.php:281
Stack trace:
#0 C:\xampp\htdocs\C4\system\Debug\Exceptions.php(281): CodeIgniter\Debug\Exceptions->errorHandler(8, 'Undefined varia...', 'C:\\xampp\\htdocs...', 281, Array)
#1 C:\xampp\htdocs\C4\system\Debug\Exceptions.php(281): include()
#2 C:\xampp\htdocs\C4\system\Debug\Exceptions.php(147): CodeIgniter\Debug\Exceptions->render(Object(ParseError), 500)
#3 [internal function]: CodeIgniter\Debug\Exceptions->exceptionHandler(Object(ParseError))
#4 {main}
  thrown
#0 [internal function]: CodeIgniter\Debug\Exceptions->shutdownHandler()
#1 {main}
CRITICAL - 2026-09-07 22:03:58 --> syntax error, unexpected '?'
#0 C:\xampp\htdocs\C4\system\CodeIgniter.php(385): CodeIgniter\CodeIgniter->tryToRouteIt(NULL)
#1 C:\xampp\htdocs\C4\system\CodeIgniter.php(333): CodeIgniter\CodeIgniter->handleRequest(NULL, Object(Config\Cache), false)
#2 C:\xampp\htdocs\C4\index.php(44): CodeIgniter\CodeIgniter->run()
#3 {main}
CRITICAL - 2026-09-07 22:03:58 --> Uncaught ErrorException: Undefined variable: viewFile in C:\xampp\htdocs\C4\system\Debug\Exceptions.php:281
Stack trace:
#0 C:\xampp\htdocs\C4\system\Debug\Exceptions.php(281): CodeIgniter\Debug\Exceptions->errorHandler(8, 'Undefined varia...', 'C:\\xampp\\htdocs...', 281, Array)
#1 C:\xampp\htdocs\C4\system\Debug\Exceptions.php(281): include()
#2 C:\xampp\htdocs\C4\system\Debug\Exceptions.php(147): CodeIgniter\Debug\Exceptions->render(Object(ParseError), 500)
#3 [internal function]: CodeIgniter\Debug\Exceptions->exceptionHandler(Object(ParseError))
#4 {main}
  thrown
#0 [internal function]: CodeIgniter\Debug\Exceptions->shutdownHandler()
#1 {main}
INFO - 2026-09-07 22:04:38 --> Session: Class initialized using 'CodeIgniter\Session\Handlers\FileHandler' driver.
INFO - 2026-09-07 22:06:58 --> Session: Class initialized using 'CodeIgniter\Session\Handlers\FileHandler' driver.
INFO - 2026-09-07 22:07:02 --> Session: Class initialized using 'CodeIgniter\Session\Handlers\FileHandler' driver.
INFO - 2026-09-07 22:07:04 --> Session: Class initialized using 'CodeIgniter\Session\Handlers\FileHandler' driver.
INFO - 2026-09-07 22:07:14 --> Session: Class initialized using 'CodeIgniter\Session\Handlers\FileHandler' driver.
INFO - 2026-09-07 22:07:15 --> Session: Class initialized using 'CodeIgniter\Session\Handlers\FileHandler' driver.
INFO - 2026-09-07 22:07:22 --> Session: Class initialized using 'CodeIgniter\Session\Handlers\FileHandler' driver.
INFO - 2026-09-07 22:07:31 --> Session: Class initialized using 'CodeIgniter\Session\Handlers\FileHandler' driver.
INFO - 2026-09-07 22:07:34 --> Session: Class initialized using 'CodeIgniter\Session\Handlers\FileHandler' driver.
INFO - 2026-09-07 22:07:41 --> Session: Class initialized using 'CodeIgniter\Session\Handlers\FileHandler' driver.
INFO - 2026-09-07 22:11:04 --> Session: Class initialized using 'CodeIgniter\Session\Handlers\FileHandler' driver.
INFO - 2026-09-07 22:11:06 --> Session: Class initialized using 'CodeIgniter\Session\Handlers\FileHandler' driver.
INFO - 2026-09-07 22:11:07 --> Session: Class initialized using 'CodeIgniter\Session\Handlers\FileHandler' driver.
INFO - 2026-09-07 22:11:09 --> Session: Class initialized using 'CodeIgniter\Session\Handlers\FileHandler' driver.
INFO - 2026-09-07 22:11:12 --> Session: Class initialized using 'CodeIgniter\Session\Handlers\FileHandler' driver.
INFO - 2026-09-07 22:11:19 --> Session: Class initialized using 'CodeIgniter\Session\Handlers\FileHandler' driver.
INFO - 2026-09-07 22:11:24 --> Session: Class initialized using 'CodeIgniter\Session\Handlers\FileHandler' driver.
CRITICAL - 2026-09-07 22:11:25 --> unlink(C:\xampp\htdocs\C4\writable\debugbar/debugbar_1788799061.json): No such file or directory
#0 [internal function]: CodeIgniter\Debug\Exceptions->errorHandler(2, 'unlink(C:\\xampp...', 'C:\\xampp\\htdocs...', 78, Array)
#1 C:\xampp\htdocs\C4\system\Debug\Toolbar\Collectors\History.php(78): unlink('C:\\xampp\\htdocs...')
#2 C:\xampp\htdocs\C4\system\Debug\Toolbar.php(441): CodeIgniter\Debug\Toolbar\Collectors\History->setFiles(1788799267, 20)
#3 C:\xampp\htdocs\C4\system\Debug\Toolbar.php(413): CodeIgniter\Debug\Toolbar->format(Array, 'html')
#4 C:\xampp\htdocs\C4\app\Config\Events.php(52): CodeIgniter\Debug\Toolbar->respond()
#5 [internal function]: CodeIgniter\Events\Events::Config\{closure}()
#6 C:\xampp\htdocs\C4\system\Events\Events.php(166): call_user_func(Object(Closure))
#7 C:\xampp\htdocs\C4\system\CodeIgniter.php(314): CodeIgniter\Events\Events::trigger('pre_system')
#8 C:\xampp\htdocs\C4\index.php(44): CodeIgniter\CodeIgniter->run()
#9 {main}
INFO - 2026-09-07 22:11:26 --> Session: Class initialized using 'CodeIgniter\Session\Handlers\FileHandler' driver.
INFO - 2026-09-07 22:11:33 --> Session: Class initialized using 'CodeIgniter\Session\Handlers\FileHandler' driver.
INFO - 2026-09-07 22:11:37 --> Session: Class initialized using 'CodeIgniter\Session\Handlers\FileHandler' driver.
INFO - 2026-09-07 22:12:28 --> Session: Class initialized using 'CodeIgniter\Session\Handlers\FileHandler' driver.
INFO - 2026-09-07 22:12:31 --> Session: Class initialized using 'CodeIgniter\Session\Handlers\FileHandler' driver.
INFO - 2026-09-07 22:12:39 --> Session: Class initialized using 'CodeIgniter\Session\Handlers\FileHandler' driver.
INFO - 2026-09-07 22:12:40 --> Session: Class initialized using 'CodeIgniter\Session\Handlers\FileHandler' driver.
INFO - 2026-09-07 22:12:44 --> Session: Class initialized using 'CodeIgniter\Session\Handlers\FileHandler' driver.
INFO - 2026-09-07 22:12:47 --> Session: Class initialized using 'CodeIgniter\Session\Handlers\FileHandler' driver.
INFO - 2026-09-07 22:12:52 --> Session: Class initialized using 'CodeIgniter\Session\Handlers\FileHandler' driver.
INFO - 2026-09-07 22:12:56 --> Session: Class initialized using 'CodeIgniter\Session\Handlers\FileHandler' driver.
INFO - 2026-09-07 22:12:59 --> Session: Class initialized using 'CodeIgniter\Session\Handlers\FileHandler' driver.
INFO - 2026-09-07 22:13:03 --> Session: Class initialized using 'CodeIgniter\Session\Handlers\FileHandler' driver.
INFO - 2026-09-07 22:13:05 --> Session: Class initialized using 'CodeIgniter\Session\Handlers\FileHandler' driver.
INFO - 2026-09-07 22:13:11 --> Session: Class initialized using 'CodeIgniter\Session\Handlers\FileHandler' driver.
INFO - 2026-09-07 22:13:19 --> Session: Class initialized using 'CodeIgniter\Session\Handlers\FileHandler' driver.
INFO - 2026-09-07 22:13:22 --> Session: Class initialized using 'CodeIgniter\Session\Handlers\FileHandler' driver.
INFO - 2026-09-07 22:13:29 --> Session: Class initialized using 'CodeIgniter\Session\Handlers\FileHandler' driver.
INFO - 2026-09-07 22:13:31 --> Session: Class initialized using 'CodeIgniter\Session\Handlers\FileHandler' driver.
INFO - 2026-09-07 22:13:33 --> Session: Class initialized using 'CodeIgniter\Session\Handlers\FileHandler' driver.
INFO - 2026-09-07 22:13:34 --> Session: Class initialized using 'CodeIgniter\Session\Handlers\FileHandler' driver.
INFO - 2026-09-07 22:13:38 --> Session: Class initialized using 'CodeIgniter\Session\Handlers\FileHandler' driver.
INFO - 2026-09-07 22:13:42 --> Session: Class initialized using 'CodeIgniter\Session\Handlers\FileHandler' driver.
INFO - 2026-09-07 22:13:44 --> Session: Class initialized using 'CodeIgniter\Session\Handlers\FileHandler' driver.
INFO - 2026-09-07 22:13:44 --> Session: Class initialized using 'CodeIgniter\Session\Handlers\FileHandler' driver.
INFO - 2026-09-07 22:13:49 --> Session: Class initialized using 'CodeIgniter\Session\Handlers\FileHandler' driver.
INFO - 2026-09-07 22:13:55 --> Session: Class initialized using 'CodeIgniter\Session\Handlers\FileHandler' driver.
INFO - 2026-09-07 22:13:58 --> Session: Class initialized using 'CodeIgniter\Session\Handlers\FileHandler' driver.
INFO - 2026-09-07 22:14:00 --> Session: Class initialized using 'CodeIgniter\Session\Handlers\FileHandler' driver.
INFO - 2026-09-07 22:14:02 --> Session: Class initialized using 'CodeIgniter\Session\Handlers\FileHandler' driver.
INFO - 2026-09-07 22:14:05 --> Session: Class initialized using 'CodeIgniter\Session\Handlers\FileHandler' driver.
INFO - 2026-09-07 22:14:08 --> Session: Class initialized using 'CodeIgniter\Session\Handlers\FileHandler' driver.
INFO - 2026-09-07 22:14:12 --> Session: Class initialized using 'CodeIgniter\Session\Handlers\FileHandler' driver.
INFO - 2026-09-07 22:14:14 --> Session: Class initialized using 'CodeIgniter\Session\Handlers\FileHandler' driver.
INFO - 2026-09-07 22:14:19 --> Session: Class initialized using 'CodeIgniter\Session\Handlers\FileHandler' driver.
INFO - 2026-09-07 22:14:20 --> Session: Class initialized using 'CodeIgniter\Session\Handlers\FileHandler' driver.
INFO - 2026-09-07 22:14:32 --> Session: Class initialized using 'CodeIgniter\Session\Handlers\FileHandler' driver.
INFO - 2026-09-07 22:14:36 --> Session: Class initialized using 'CodeIgniter\Session\Handlers\FileHandler' driver.
INFO - 2026-09-07 22:14:44 --> Session: Class initialized using 'CodeIgniter\Session\Handlers\FileHandler' driver.
INFO - 2026-09-07 22:14:47 --> Session: Class initialized using 'CodeIgniter\Session\Handlers\FileHandler' driver.
INFO - 2026-09-07 22:14:48 --> Session: Class initialized using 'CodeIgniter\Session\Handlers\FileHandler' driver.
INFO - 2026-09-07 22:14:51 --> Session: Class initialized using 'CodeIgniter\Session\Handlers\FileHandler' driver.
INFO - 2026-09-07 22:14:53 --> Session: Class initialized using 'CodeIgniter\Session\Handlers\FileHandler' driver.
INFO - 2026-09-07 22:14:55 --> Session: Class initialized using 'CodeIgniter\Session\Handlers\FileHandler' driver.
INFO - 2026-09-07 22:15:01 --> Session: Class initialized using 'CodeIgniter\Session\Handlers\FileHandler' driver.
INFO - 2026-09-07 22:15:05 --> Session: Class initialized using 'CodeIgniter\Session\Handlers\FileHandler' driver.
INFO - 2026-09-07 22:15:22 --> Session: Class initialized using 'CodeIgniter\Session\Handlers\FileHandler' driver.
INFO - 2026-09-07 22:15:23 --> Session: Class initialized using 'CodeIgniter\Session\Handlers\FileHandler' driver.
INFO - 2026-09-07 22:15:30 --> Session: Class initialized using 'CodeIgniter\Session\Handlers\FileHandler' driver.
INFO - 2026-09-07 22:15:37 --> Session: Class initialized using 'CodeIgniter\Session\Handlers\FileHandler' driver.
INFO - 2026-09-07 22:15:38 --> Session: Class initialized using 'CodeIgniter\Session\Handlers\FileHandler' driver.
INFO - 2026-09-07 22:15:39 --> Session: Class initialized using 'CodeIgniter\Session\Handlers\FileHandler' driver.
INFO - 2026-09-07 22:15:42 --> Session: Class initialized using 'CodeIgniter\Session\Handlers\FileHandler' driver.
INFO - 2026-09-07 22:15:44 --> Session: Class initialized using 'CodeIgniter\Session\Handlers\FileHandler' driver.
INFO - 2026-09-07 22:15:48 --> Session: Class initialized using 'CodeIgniter\Session\Handlers\FileHandler' driver.
INFO - 2026-09-07 22:15:58 --> Session: Class initialized using 'CodeIgniter\Session\Handlers\FileHandler' driver.
INFO - 2026-09-07 22:16:01 --> Session: Class initialized using 'CodeIgniter\Session\Handlers\FileHandler' driver.
INFO - 2026-09-07 22:16:10 --> Session: Class initialized using 'CodeIgniter\Session\Handlers\FileHandler' driver.
INFO - 2026-09-07 22:16:11 --> Session: Class initialized using 'CodeIgniter\Session\Handlers\FileHandler' driver.
INFO - 2026-09-07 22:16:12 --> Session: Class initialized using 'CodeIgniter\Session\Handlers\FileHandler' driver.
INFO - 2026-09-07 22:16:17 --> Session: Class initialized using 'CodeIgniter\Session\Handlers\FileHandler' driver.
INFO - 2026-09-07 22:16:24 --> Session: Class initialized using 'CodeIgniter\Session\Handlers\FileHandler' driver.
INFO - 2026-09-07 22:16:28 --> Session: Class initialized using 'CodeIgniter\Session\Handlers\FileHandler' driver.
INFO - 2026-09-07 22:16:36 --> Session: Class initialized using 'CodeIgniter\Session\Handlers\FileHandler' driver.
INFO - 2026-09-07 22:16:57 --> Session: Class initialized using 'CodeIgniter\Session\Handlers\FileHandler' driver.
INFO - 2026-09-07 22:17:03 --> Session: Class initialized using 'CodeIgniter\Session\Handlers\FileHandler' driver.
INFO - 2026-09-07 22:17:16 --> Session: Class initialized using 'CodeIgniter\Session\Handlers\FileHandler' driver.
INFO - 2026-09-07 22:17:24 --> Session: Class initialized using 'CodeIgniter\Session\Handlers\FileHandler' driver.
INFO - 2026-09-07 22:17:28 --> Session: Class initialized using 'CodeIgniter\Session\Handlers\FileHandler' driver.
INFO - 2026-09-07 22:18:30 --> Session: Class initialized using 'CodeIgniter\Session\Handlers\FileHandler' driver.
INFO - 2026-09-07 22:18:36 --> Session: Class initialized using 'CodeIgniter\Session\Handlers\FileHandler' driver.
INFO - 2026-09-07 22:18:37 --> Session: Class initialized using 'CodeIgniter\Session\Handlers\FileHandler' driver.
CRITICAL - 2026-09-07 22:27:48 --> Namespace declaration statement has to be the very first statement or after any declare call in the script
#0 [internal function]: CodeIgniter\Debug\Exceptions->shutdownHandler()
#1 {main}
CRITICAL - 2026-09-07 22:27:53 --> Namespace declaration statement has to be the very first statement or after any declare call in the script
#0 [internal function]: CodeIgniter\Debug\Exceptions->shutdownHandler()
#1 {main}
CRITICAL - 2026-09-07 22:28:10 --> Namespace declaration statement has to be the very first statement or after any declare call in the script
#0 [internal function]: CodeIgniter\Debug\Exceptions->shutdownHandler()
#1 {main}
CRITICAL - 2026-09-07 22:39:45 --> Namespace declaration statement has to be the very first statement or after any declare call in the script
#0 [internal function]: CodeIgniter\Debug\Exceptions->shutdownHandler()
#1 {main}
CRITICAL - 2026-09-07 22:39:53 --> Namespace declaration statement has to be the very first statement or after any declare call in the script
#0 [internal function]: CodeIgniter\Debug\Exceptions->shutdownHandler()
#1 {main}
CRITICAL - 2026-09-07 22:39:55 --> Namespace declaration statement has to be the very first statement or after any declare call in the script
#0 [internal function]: CodeIgniter\Debug\Exceptions->shutdownHandler()
#1 {main}
CRITICAL - 2026-09-07 22:39:59 --> Namespace declaration statement has to be the very first statement or after any declare call in the script
#0 [internal function]: CodeIgniter\Debug\Exceptions->shutdownHandler()
#1 {main}
CRITICAL - 2026-09-07 22:44:11 --> Namespace declaration statement has to be the very first statement or after any declare call in the script
#0 [internal function]: CodeIgniter\Debug\Exceptions->shutdownHandler()
#1 {main}
CRITICAL - 2026-09-07 22:44:13 --> Namespace declaration statement has to be the very first statement or after any declare call in the script
#0 [internal function]: CodeIgniter\Debug\Exceptions->shutdownHandler()
#1 {main}
CRITICAL - 2026-09-07 22:45:46 --> Namespace declaration statement has to be the very first statement or after any declare call in the script
#0 [internal function]: CodeIgniter\Debug\Exceptions->shutdownHandler()
#1 {main}
CRITICAL - 2026-09-07 22:45:49 --> Namespace declaration statement has to be the very first statement or after any declare call in the script
#0 [internal function]: CodeIgniter\Debug\Exceptions->shutdownHandler()
#1 {main}
CRITICAL - 2026-09-07 22:45:57 --> Namespace declaration statement has to be the very first statement or after any declare call in the script
#0 [internal function]: CodeIgniter\Debug\Exceptions->shutdownHandler()
#1 {main}
CRITICAL - 2026-09-07 22:49:03 --> Namespace declaration statement has to be the very first statement or after any declare call in the script
#0 [internal function]: CodeIgniter\Debug\Exceptions->shutdownHandler()
#1 {main}
CRITICAL - 2026-09-07 22:49:08 --> Namespace declaration statement has to be the very first statement or after any declare call in the script
#0 [internal function]: CodeIgniter\Debug\Exceptions->shutdownHandler()
#1 {main}
CRITICAL - 2026-09-07 22:49:12 --> Namespace declaration statement has to be the very first statement or after any declare call in the script
#0 [internal function]: CodeIgniter\Debug\Exceptions->shutdownHandler()
#1 {main}
CRITICAL - 2026-09-07 22:49:32 --> Namespace declaration statement has to be the very first statement or after any declare call in the script
#0 [internal function]: CodeIgniter\Debug\Exceptions->shutdownHandler()
#1 {main}
CRITICAL - 2026-09-07 22:49:36 --> Namespace declaration statement has to be the very first statement or after any declare call in the script
#0 [internal function]: CodeIgniter\Debug\Exceptions->shutdownHandler()
#1 {main}
CRITICAL - 2026-09-07 22:49:39 --> Namespace declaration statement has to be the very first statement or after any declare call in the script
#0 [internal function]: CodeIgniter\Debug\Exceptions->shutdownHandler()
#1 {main}
CRITICAL - 2026-09-07 22:49:44 --> Namespace declaration statement has to be the very first statement or after any declare call in the script
#0 [internal function]: CodeIgniter\Debug\Exceptions->shutdownHandler()
#1 {main}
CRITICAL - 2026-09-07 22:50:19 --> Namespace declaration statement has to be the very first statement or after any declare call in the script
#0 [internal function]: CodeIgniter\Debug\Exceptions->shutdownHandler()
#1 {main}
CRITICAL - 2026-09-07 22:50:26 --> Namespace declaration statement has to be the very first statement or after any declare call in the script
#0 [internal function]: CodeIgniter\Debug\Exceptions->shutdownHandler()
#1 {main}
CRITICAL - 2026-09-07 22:51:26 --> Class 'Services' not found
#0 C:\xampp\htdocs\C4\system\CodeIgniter.php(803): require()
#1 C:\xampp\htdocs\C4\system\CodeIgniter.php(385): CodeIgniter\CodeIgniter->tryToRouteIt(NULL)
#2 C:\xampp\htdocs\C4\system\CodeIgniter.php(333): CodeIgniter\CodeIgniter->handleRequest(NULL, Object(Config\Cache), false)
#3 C:\xampp\htdocs\C4\index.php(44): CodeIgniter\CodeIgniter->run()
#4 {main}
CRITICAL - 2026-09-07 22:51:26 --> Uncaught ErrorException: Undefined variable: viewFile in C:\xampp\htdocs\C4\system\Debug\Exceptions.php:281
Stack trace:
#0 C:\xampp\htdocs\C4\system\Debug\Exceptions.php(281): CodeIgniter\Debug\Exceptions->errorHandler(8, 'Undefined varia...', 'C:\\xampp\\htdocs...', 281, Array)
#1 C:\xampp\htdocs\C4\system\Debug\Exceptions.php(281): include()
#2 C:\xampp\htdocs\C4\system\Debug\Exceptions.php(147): CodeIgniter\Debug\Exceptions->render(Object(Error), 500)
#3 [internal function]: CodeIgniter\Debug\Exceptions->exceptionHandler(Object(Error))
#4 {main}
  thrown
#0 [internal function]: CodeIgniter\Debug\Exceptions->shutdownHandler()
#1 {main}
CRITICAL - 2026-09-07 22:56:46 --> Namespace declaration statement has to be the very first statement or after any declare call in the script
#0 [internal function]: CodeIgniter\Debug\Exceptions->shutdownHandler()
#1 {main}
CRITICAL - 2026-09-07 23:03:18 --> Namespace declaration statement has to be the very first statement or after any declare call in the script
#0 [internal function]: CodeIgniter\Debug\Exceptions->shutdownHandler()
#1 {main}
CRITICAL - 2026-09-07 23:06:49 --> Namespace declaration statement has to be the very first statement or after any declare call in the script
#0 [internal function]: CodeIgniter\Debug\Exceptions->shutdownHandler()
#1 {main}
CRITICAL - 2026-09-07 23:06:53 --> Namespace declaration statement has to be the very first statement or after any declare call in the script
#0 [internal function]: CodeIgniter\Debug\Exceptions->shutdownHandler()
#1 {main}
CRITICAL - 2026-09-07 23:06:55 --> Namespace declaration statement has to be the very first statement or after any declare call in the script
#0 [internal function]: CodeIgniter\Debug\Exceptions->shutdownHandler()
#1 {main}
CRITICAL - 2026-09-07 23:06:57 --> Namespace declaration statement has to be the very first statement or after any declare call in the script
#0 [internal function]: CodeIgniter\Debug\Exceptions->shutdownHandler()
#1 {main}
CRITICAL - 2026-09-07 23:07:02 --> Namespace declaration statement has to be the very first statement or after any declare call in the script
#0 [internal function]: CodeIgniter\Debug\Exceptions->shutdownHandler()
#1 {main}
CRITICAL - 2026-09-07 23:10:27 --> Namespace declaration statement has to be the very first statement or after any declare call in the script
#0 [internal function]: CodeIgniter\Debug\Exceptions->shutdownHandler()
#1 {main}
CRITICAL - 2026-09-07 23:10:29 --> Namespace declaration statement has to be the very first statement or after any declare call in the script
#0 [internal function]: CodeIgniter\Debug\Exceptions->shutdownHandler()
#1 {main}
CRITICAL - 2026-09-07 23:10:32 --> Namespace declaration statement has to be the very first statement or after any declare call in the script
#0 [internal function]: CodeIgniter\Debug\Exceptions->shutdownHandler()
#1 {main}
CRITICAL - 2026-09-07 23:10:34 --> Namespace declaration statement has to be the very first statement or after any declare call in the script
#0 [internal function]: CodeIgniter\Debug\Exceptions->shutdownHandler()
#1 {main}
CRITICAL - 2026-09-07 23:18:04 --> Namespace declaration statement has to be the very first statement or after any declare call in the script
#0 [internal function]: CodeIgniter\Debug\Exceptions->shutdownHandler()
#1 {main}
CRITICAL - 2026-09-07 23:18:06 --> Namespace declaration statement has to be the very first statement or after any declare call in the script
#0 [internal function]: CodeIgniter\Debug\Exceptions->shutdownHandler()
#1 {main}
CRITICAL - 2026-09-07 23:18:08 --> Namespace declaration statement has to be the very first statement or after any declare call in the script
#0 [internal function]: CodeIgniter\Debug\Exceptions->shutdownHandler()
#1 {main}
CRITICAL - 2026-09-07 23:18:10 --> Namespace declaration statement has to be the very first statement or after any declare call in the script
#0 [internal function]: CodeIgniter\Debug\Exceptions->shutdownHandler()
#1 {main}
CRITICAL - 2026-09-07 23:18:13 --> Namespace declaration statement has to be the very first statement or after any declare call in the script
#0 [internal function]: CodeIgniter\Debug\Exceptions->shutdownHandler()
#1 {main}
CRITICAL - 2026-09-07 23:18:14 --> Namespace declaration statement has to be the very first statement or after any declare call in the script
#0 [internal function]: CodeIgniter\Debug\Exceptions->shutdownHandler()
#1 {main}
CRITICAL - 2026-09-07 23:18:42 --> Namespace declaration statement has to be the very first statement or after any declare call in the script
#0 [internal function]: CodeIgniter\Debug\Exceptions->shutdownHandler()
#1 {main}
CRITICAL - 2026-09-07 23:18:50 --> Namespace declaration statement has to be the very first statement or after any declare call in the script
#0 [internal function]: CodeIgniter\Debug\Exceptions->shutdownHandler()
#1 {main}
CRITICAL - 2026-09-07 23:20:14 --> Namespace declaration statement has to be the very first statement or after any declare call in the script
#0 [internal function]: CodeIgniter\Debug\Exceptions->shutdownHandler()
#1 {main}
CRITICAL - 2026-09-07 23:20:18 --> Namespace declaration statement has to be the very first statement or after any declare call in the script
#0 [internal function]: CodeIgniter\Debug\Exceptions->shutdownHandler()
#1 {main}
CRITICAL - 2026-09-07 23:20:21 --> Namespace declaration statement has to be the very first statement or after any declare call in the script
#0 [internal function]: CodeIgniter\Debug\Exceptions->shutdownHandler()
#1 {main}
CRITICAL - 2026-09-07 23:20:24 --> Namespace declaration statement has to be the very first statement or after any declare call in the script
#0 [internal function]: CodeIgniter\Debug\Exceptions->shutdownHandler()
#1 {main}
CRITICAL - 2026-09-07 23:24:23 --> Namespace declaration statement has to be the very first statement or after any declare call in the script
#0 [internal function]: CodeIgniter\Debug\Exceptions->shutdownHandler()
#1 {main}
CRITICAL - 2026-09-07 23:25:00 --> Namespace declaration statement has to be the very first statement or after any declare call in the script
#0 [internal function]: CodeIgniter\Debug\Exceptions->shutdownHandler()
#1 {main}
CRITICAL - 2026-09-07 23:36:46 --> Cache unable to write to C:\xampp\htdocs\C4\writable\cache/
#0 C:\xampp\htdocs\C4\system\Cache\Handlers\FileHandler.php(69): CodeIgniter\Cache\Exceptions\CacheException::forUnableToWrite('C:\\xampp\\htdocs...')
#1 C:\xampp\htdocs\C4\system\Cache\CacheFactory.php(55): CodeIgniter\Cache\Handlers\FileHandler->__construct(Object(Config\Cache))
#2 C:\xampp\htdocs\C4\system\Config\Services.php(108): CodeIgniter\Cache\CacheFactory::getHandler(Object(Config\Cache))
#3 C:\xampp\htdocs\C4\system\Config\BaseService.php(100): CodeIgniter\Config\Services::cache(Object(Config\Cache), false)
#4 C:\xampp\htdocs\C4\system\Config\Services.php(103): CodeIgniter\Config\BaseService::getSharedInstance('cache', NULL)
#5 C:\xampp\htdocs\C4\system\Config\BaseService.php(171): CodeIgniter\Config\Services::cache()
#6 C:\xampp\htdocs\C4\system\Common.php(71): CodeIgniter\Config\BaseService::__callStatic('cache', Array)
#7 C:\xampp\htdocs\C4\system\CodeIgniter.php(658): cache()
#8 C:\xampp\htdocs\C4\system\CodeIgniter.php(319): CodeIgniter\CodeIgniter->displayCache(Object(Config\Cache))
#9 C:\xampp\htdocs\C4\index.php(44): CodeIgniter\CodeIgniter->run()
#10 {main}
CRITICAL - 2026-09-07 23:36:46 --> Cache unable to write to C:\xampp\htdocs\C4\writable\cache/
#0 C:\xampp\htdocs\C4\system\Cache\Handlers\FileHandler.php(69): CodeIgniter\Cache\Exceptions\CacheException::forUnableToWrite('C:\\xampp\\htdocs...')
#1 C:\xampp\htdocs\C4\system\Cache\CacheFactory.php(55): CodeIgniter\Cache\Handlers\FileHandler->__construct(Object(Config\Cache))
#2 C:\xampp\htdocs\C4\system\Config\Services.php(108): CodeIgniter\Cache\CacheFactory::getHandler(Object(Config\Cache))
#3 C:\xampp\htdocs\C4\system\Config\BaseService.php(100): CodeIgniter\Config\Services::cache(Object(Config\Cache), false)
#4 C:\xampp\htdocs\C4\system\Config\Services.php(103): CodeIgniter\Config\BaseService::getSharedInstance('cache', NULL)
#5 C:\xampp\htdocs\C4\system\Config\BaseService.php(171): CodeIgniter\Config\Services::cache()
#6 C:\xampp\htdocs\C4\system\Common.php(71): CodeIgniter\Config\BaseService::__callStatic('cache', Array)
#7 C:\xampp\htdocs\C4\system\CodeIgniter.php(658): cache()
#8 C:\xampp\htdocs\C4\system\CodeIgniter.php(319): CodeIgniter\CodeIgniter->displayCache(Object(Config\Cache))
#9 C:\xampp\htdocs\C4\index.php(44): CodeIgniter\CodeIgniter->run()
#10 {main}
CRITICAL - 2026-09-07 23:36:46 --> Cache unable to write to C:\xampp\htdocs\C4\writable\cache/
#0 C:\xampp\htdocs\C4\system\Cache\Handlers\FileHandler.php(69): CodeIgniter\Cache\Exceptions\CacheException::forUnableToWrite('C:\\xampp\\htdocs...')
#1 C:\xampp\htdocs\C4\system\Cache\CacheFactory.php(55): CodeIgniter\Cache\Handlers\FileHandler->__construct(Object(Config\Cache))
#2 C:\xampp\htdocs\C4\system\Config\Services.php(108): CodeIgniter\Cache\CacheFactory::getHandler(Object(Config\Cache))
#3 C:\xampp\htdocs\C4\system\Config\BaseService.php(100): CodeIgniter\Config\Services::cache(Object(Config\Cache), false)
#4 C:\xampp\htdocs\C4\system\Config\Services.php(103): CodeIgniter\Config\BaseService::getSharedInstance('cache', NULL)
#5 C:\xampp\htdocs\C4\system\Config\BaseService.php(171): CodeIgniter\Config\Services::cache()
#6 C:\xampp\htdocs\C4\system\Common.php(71): CodeIgniter\Config\BaseService::__callStatic('cache', Array)
#7 C:\xampp\htdocs\C4\system\CodeIgniter.php(658): cache()
#8 C:\xampp\htdocs\C4\system\CodeIgniter.php(319): CodeIgniter\CodeIgniter->displayCache(Object(Config\Cache))
#9 C:\xampp\htdocs\C4\index.php(44): CodeIgniter\CodeIgniter->run()
#10 {main}
CRITICAL - 2026-09-07 23:36:46 --> Cache unable to write to C:\xampp\htdocs\C4\writable\cache/
#0 C:\xampp\htdocs\C4\system\Cache\Handlers\FileHandler.php(69): CodeIgniter\Cache\Exceptions\CacheException::forUnableToWrite('C:\\xampp\\htdocs...')
#1 C:\xampp\htdocs\C4\system\Cache\CacheFactory.php(55): CodeIgniter\Cache\Handlers\FileHandler->__construct(Object(Config\Cache))
#2 C:\xampp\htdocs\C4\system\Config\Services.php(108): CodeIgniter\Cache\CacheFactory::getHandler(Object(Config\Cache))
#3 C:\xampp\htdocs\C4\system\Config\BaseService.php(100): CodeIgniter\Config\Services::cache(Object(Config\Cache), false)
#4 C:\xampp\htdocs\C4\system\Config\Services.php(103): CodeIgniter\Config\BaseService::getSharedInstance('cache', NULL)
#5 C:\xampp\htdocs\C4\system\Config\BaseService.php(171): CodeIgniter\Config\Services::cache()
#6 C:\xampp\htdocs\C4\system\Common.php(71): CodeIgniter\Config\BaseService::__callStatic('cache', Array)
#7 C:\xampp\htdocs\C4\system\CodeIgniter.php(658): cache()
#8 C:\xampp\htdocs\C4\system\CodeIgniter.php(319): CodeIgniter\CodeIgniter->displayCache(Object(Config\Cache))
#9 C:\xampp\htdocs\C4\index.php(44): CodeIgniter\CodeIgniter->run()
#10 {main}
CRITICAL - 2026-09-07 23:36:46 --> Uncaught ErrorException: Undefined variable: viewFile in C:\xampp\htdocs\C4\system\Debug\Exceptions.php:281
Stack trace:
#0 C:\xampp\htdocs\C4\system\Debug\Exceptions.php(281): CodeIgniter\Debug\Exceptions->errorHandler(8, 'Undefined varia...', 'C:\\xampp\\htdocs...', 281, Array)
#1 C:\xampp\htdocs\C4\system\Debug\Exceptions.php(281): include()
#2 C:\xampp\htdocs\C4\system\Debug\Exceptions.php(147): CodeIgniter\Debug\Exceptions->render(Object(CodeIgniter\Cache\Exceptions\CacheException), 500)
#3 [internal function]: CodeIgniter\Debug\Exceptions->exceptionHandler(Object(CodeIgniter\Cache\Exceptions\CacheException))
#4 {main}
  thrown
#0 [internal function]: CodeIgniter\Debug\Exceptions->shutdownHandler()
#1 {main}
CRITICAL - 2026-09-07 23:36:46 --> Uncaught ErrorException: Undefined variable: viewFile in C:\xampp\htdocs\C4\system\Debug\Exceptions.php:281
Stack trace:
#0 C:\xampp\htdocs\C4\system\Debug\Exceptions.php(281): CodeIgniter\Debug\Exceptions->errorHandler(8, 'Undefined varia...', 'C:\\xampp\\htdocs...', 281, Array)
#1 C:\xampp\htdocs\C4\system\Debug\Exceptions.php(281): include()
#2 C:\xampp\htdocs\C4\system\Debug\Exceptions.php(147): CodeIgniter\Debug\Exceptions->render(Object(CodeIgniter\Cache\Exceptions\CacheException), 500)
#3 [internal function]: CodeIgniter\Debug\Exceptions->exceptionHandler(Object(CodeIgniter\Cache\Exceptions\CacheException))
#4 {main}
  thrown
#0 [internal function]: CodeIgniter\Debug\Exceptions->shutdownHandler()
#1 {main}
CRITICAL - 2026-09-07 23:36:46 --> Uncaught ErrorException: Undefined variable: viewFile in C:\xampp\htdocs\C4\system\Debug\Exceptions.php:281
Stack trace:
#0 C:\xampp\htdocs\C4\system\Debug\Exceptions.php(281): CodeIgniter\Debug\Exceptions->errorHandler(8, 'Undefined varia...', 'C:\\xampp\\htdocs...', 281, Array)
#1 C:\xampp\htdocs\C4\system\Debug\Exceptions.php(281): include()
#2 C:\xampp\htdocs\C4\system\Debug\Exceptions.php(147): CodeIgniter\Debug\Exceptions->render(Object(CodeIgniter\Cache\Exceptions\CacheException), 500)
#3 [internal function]: CodeIgniter\Debug\Exceptions->exceptionHandler(Object(CodeIgniter\Cache\Exceptions\CacheException))
#4 {main}
  thrown
#0 [internal function]: CodeIgniter\Debug\Exceptions->shutdownHandler()
#1 {main}
CRITICAL - 2026-09-07 23:36:46 --> Uncaught ErrorException: Undefined variable: viewFile in C:\xampp\htdocs\C4\system\Debug\Exceptions.php:281
Stack trace:
#0 C:\xampp\htdocs\C4\system\Debug\Exceptions.php(281): CodeIgniter\Debug\Exceptions->errorHandler(8, 'Undefined varia...', 'C:\\xampp\\htdocs...', 281, Array)
#1 C:\xampp\htdocs\C4\system\Debug\Exceptions.php(281): include()
#2 C:\xampp\htdocs\C4\system\Debug\Exceptions.php(147): CodeIgniter\Debug\Exceptions->render(Object(CodeIgniter\Cache\Exceptions\CacheException), 500)
#3 [internal function]: CodeIgniter\Debug\Exceptions->exceptionHandler(Object(CodeIgniter\Cache\Exceptions\CacheException))
#4 {main}
  thrown
#0 [internal function]: CodeIgniter\Debug\Exceptions->shutdownHandler()
#1 {main}
CRITICAL - 2026-09-07 23:36:46 --> Cache unable to write to C:\xampp\htdocs\C4\writable\cache/
#0 C:\xampp\htdocs\C4\system\Cache\Handlers\FileHandler.php(69): CodeIgniter\Cache\Exceptions\CacheException::forUnableToWrite('C:\\xampp\\htdocs...')
#1 C:\xampp\htdocs\C4\system\Cache\CacheFactory.php(55): CodeIgniter\Cache\Handlers\FileHandler->__construct(Object(Config\Cache))
#2 C:\xampp\htdocs\C4\system\Config\Services.php(108): CodeIgniter\Cache\CacheFactory::getHandler(Object(Config\Cache))
#3 C:\xampp\htdocs\C4\system\Config\BaseService.php(100): CodeIgniter\Config\Services::cache(Object(Config\Cache), false)
#4 C:\xampp\htdocs\C4\system\Config\Services.php(103): CodeIgniter\Config\BaseService::getSharedInstance('cache', NULL)
#5 C:\xampp\htdocs\C4\system\Config\BaseService.php(171): CodeIgniter\Config\Services::cache()
#6 C:\xampp\htdocs\C4\system\Common.php(71): CodeIgniter\Config\BaseService::__callStatic('cache', Array)
#7 C:\xampp\htdocs\C4\system\CodeIgniter.php(658): cache()
#8 C:\xampp\htdocs\C4\system\CodeIgniter.php(319): CodeIgniter\CodeIgniter->displayCache(Object(Config\Cache))
#9 C:\xampp\htdocs\C4\index.php(44): CodeIgniter\CodeIgniter->run()
#10 {main}
CRITICAL - 2026-09-07 23:36:46 --> Uncaught ErrorException: Undefined variable: viewFile in C:\xampp\htdocs\C4\system\Debug\Exceptions.php:281
Stack trace:
#0 C:\xampp\htdocs\C4\system\Debug\Exceptions.php(281): CodeIgniter\Debug\Exceptions->errorHandler(8, 'Undefined varia...', 'C:\\xampp\\htdocs...', 281, Array)
#1 C:\xampp\htdocs\C4\system\Debug\Exceptions.php(281): include()
#2 C:\xampp\htdocs\C4\system\Debug\Exceptions.php(147): CodeIgniter\Debug\Exceptions->render(Object(CodeIgniter\Cache\Exceptions\CacheException), 500)
#3 [internal function]: CodeIgniter\Debug\Exceptions->exceptionHandler(Object(CodeIgniter\Cache\Exceptions\CacheException))
#4 {main}
  thrown
#0 [internal function]: CodeIgniter\Debug\Exceptions->shutdownHandler()
#1 {main}
CRITICAL - 2026-09-07 23:40:41 --> Cache unable to write to C:\xampp\htdocs\C4\writable\cache/
#0 C:\xampp\htdocs\C4\system\Cache\Handlers\FileHandler.php(69): CodeIgniter\Cache\Exceptions\CacheException::forUnableToWrite('C:\\xampp\\htdocs...')
#1 C:\xampp\htdocs\C4\system\Cache\CacheFactory.php(55): CodeIgniter\Cache\Handlers\FileHandler->__construct(Object(Config\Cache))
#2 C:\xampp\htdocs\C4\system\Config\Services.php(108): CodeIgniter\Cache\CacheFactory::getHandler(Object(Config\Cache))
#3 C:\xampp\htdocs\C4\system\Config\BaseService.php(100): CodeIgniter\Config\Services::cache(Object(Config\Cache), false)
#4 C:\xampp\htdocs\C4\system\Config\Services.php(103): CodeIgniter\Config\BaseService::getSharedInstance('cache', NULL)
#5 C:\xampp\htdocs\C4\system\Config\BaseService.php(171): CodeIgniter\Config\Services::cache()
#6 C:\xampp\htdocs\C4\system\Common.php(71): CodeIgniter\Config\BaseService::__callStatic('cache', Array)
#7 C:\xampp\htdocs\C4\system\CodeIgniter.php(658): cache()
#8 C:\xampp\htdocs\C4\system\CodeIgniter.php(319): CodeIgniter\CodeIgniter->displayCache(Object(Config\Cache))
#9 C:\xampp\htdocs\C4\index.php(44): CodeIgniter\CodeIgniter->run()
#10 {main}
CRITICAL - 2026-09-07 23:40:41 --> Uncaught ErrorException: Undefined variable: viewFile in C:\xampp\htdocs\C4\system\Debug\Exceptions.php:281
Stack trace:
#0 C:\xampp\htdocs\C4\system\Debug\Exceptions.php(281): CodeIgniter\Debug\Exceptions->errorHandler(8, 'Undefined varia...', 'C:\\xampp\\htdocs...', 281, Array)
#1 C:\xampp\htdocs\C4\system\Debug\Exceptions.php(281): include()
#2 C:\xampp\htdocs\C4\system\Debug\Exceptions.php(147): CodeIgniter\Debug\Exceptions->render(Object(CodeIgniter\Cache\Exceptions\CacheException), 500)
#3 [internal function]: CodeIgniter\Debug\Exceptions->exceptionHandler(Object(CodeIgniter\Cache\Exceptions\CacheException))
#4 {main}
  thrown
#0 [internal function]: CodeIgniter\Debug\Exceptions->shutdownHandler()
#1 {main}
CRITICAL - 2026-09-07 23:53:56 --> Cache unable to write to C:\xampp\htdocs\C4\writable\cache/
#0 C:\xampp\htdocs\C4\system\Cache\Handlers\FileHandler.php(69): CodeIgniter\Cache\Exceptions\CacheException::forUnableToWrite('C:\\xampp\\htdocs...')
#1 C:\xampp\htdocs\C4\system\Cache\CacheFactory.php(55): CodeIgniter\Cache\Handlers\FileHandler->__construct(Object(Config\Cache))
#2 C:\xampp\htdocs\C4\system\Config\Services.php(108): CodeIgniter\Cache\CacheFactory::getHandler(Object(Config\Cache))
#3 C:\xampp\htdocs\C4\system\Config\BaseService.php(100): CodeIgniter\Config\Services::cache(Object(Config\Cache), false)
#4 C:\xampp\htdocs\C4\system\Config\Services.php(103): CodeIgniter\Config\BaseService::getSharedInstance('cache', NULL)
#5 C:\xampp\htdocs\C4\system\Config\BaseService.php(171): CodeIgniter\Config\Services::cache()
#6 C:\xampp\htdocs\C4\system\Common.php(71): CodeIgniter\Config\BaseService::__callStatic('cache', Array)
#7 C:\xampp\htdocs\C4\system\CodeIgniter.php(658): cache()
#8 C:\xampp\htdocs\C4\system\CodeIgniter.php(319): CodeIgniter\CodeIgniter->displayCache(Object(Config\Cache))
#9 C:\xampp\htdocs\C4\index.php(44): CodeIgniter\CodeIgniter->run()
#10 {main}
CRITICAL - 2026-09-07 23:53:56 --> Uncaught ErrorException: Undefined variable: viewFile in C:\xampp\htdocs\C4\system\Debug\Exceptions.php:281
Stack trace:
#0 C:\xampp\htdocs\C4\system\Debug\Exceptions.php(281): CodeIgniter\Debug\Exceptions->errorHandler(8, 'Undefined varia...', 'C:\\xampp\\htdocs...', 281, Array)
#1 C:\xampp\htdocs\C4\system\Debug\Exceptions.php(281): include()
#2 C:\xampp\htdocs\C4\system\Debug\Exceptions.php(147): CodeIgniter\Debug\Exceptions->render(Object(CodeIgniter\Cache\Exceptions\CacheException), 500)
#3 [internal function]: CodeIgniter\Debug\Exceptions->exceptionHandler(Object(CodeIgniter\Cache\Exceptions\CacheException))
#4 {main}
  thrown
#0 [internal function]: CodeIgniter\Debug\Exceptions->shutdownHandler()
#1 {main}
CRITICAL - 2026-09-07 23:53:58 --> Cache unable to write to C:\xampp\htdocs\C4\writable\cache/
#0 C:\xampp\htdocs\C4\system\Cache\Handlers\FileHandler.php(69): CodeIgniter\Cache\Exceptions\CacheException::forUnableToWrite('C:\\xampp\\htdocs...')
#1 C:\xampp\htdocs\C4\system\Cache\CacheFactory.php(55): CodeIgniter\Cache\Handlers\FileHandler->__construct(Object(Config\Cache))
#2 C:\xampp\htdocs\C4\system\Config\Services.php(108): CodeIgniter\Cache\CacheFactory::getHandler(Object(Config\Cache))
#3 C:\xampp\htdocs\C4\system\Config\BaseService.php(100): CodeIgniter\Config\Services::cache(Object(Config\Cache), false)
#4 C:\xampp\htdocs\C4\system\Config\Services.php(103): CodeIgniter\Config\BaseService::getSharedInstance('cache', NULL)
#5 C:\xampp\htdocs\C4\system\Config\BaseService.php(171): CodeIgniter\Config\Services::cache()
#6 C:\xampp\htdocs\C4\system\Common.php(71): CodeIgniter\Config\BaseService::__callStatic('cache', Array)
#7 C:\xampp\htdocs\C4\system\CodeIgniter.php(658): cache()
#8 C:\xampp\htdocs\C4\system\CodeIgniter.php(319): CodeIgniter\CodeIgniter->displayCache(Object(Config\Cache))
#9 C:\xampp\htdocs\C4\index.php(44): CodeIgniter\CodeIgniter->run()
#10 {main}
CRITICAL - 2026-09-07 23:53:58 --> Uncaught ErrorException: Undefined variable: viewFile in C:\xampp\htdocs\C4\system\Debug\Exceptions.php:281
Stack trace:
#0 C:\xampp\htdocs\C4\system\Debug\Exceptions.php(281): CodeIgniter\Debug\Exceptions->errorHandler(8, 'Undefined varia...', 'C:\\xampp\\htdocs...', 281, Array)
#1 C:\xampp\htdocs\C4\system\Debug\Exceptions.php(281): include()
#2 C:\xampp\htdocs\C4\system\Debug\Exceptions.php(147): CodeIgniter\Debug\Exceptions->render(Object(CodeIgniter\Cache\Exceptions\CacheException), 500)
#3 [internal function]: CodeIgniter\Debug\Exceptions->exceptionHandler(Object(CodeIgniter\Cache\Exceptions\CacheException))
#4 {main}
  thrown
#0 [internal function]: CodeIgniter\Debug\Exceptions->shutdownHandler()
#1 {main}
